ISO-10303-21;
HEADER;
FILE_DESCRIPTION(('Open CASCADE Model'),'2;1');
FILE_NAME('Open CASCADE Shape Model','2026-08-02T12:09:06',('Author'),(
    'Open CASCADE'),'Open CASCADE STEP processor 7.8','Open CASCADE 7.8'
  ,'Unknown');
FILE_SCHEMA(('AUTOMOTIVE_DESIGN { 1 0 10303 214 1 1 1 1 }'));
ENDSEC;
DATA;
#1 = APPLICATION_PROTOCOL_DEFINITION('international standard',
  'automotive_design',2000,#2);
#2 = APPLICATION_CONTEXT(
  'core data for automotive mechanical design processes');
#3 = SHAPE_DEFINITION_REPRESENTATION(#4,#10);
#4 = PRODUCT_DEFINITION_SHAPE('','',#5);
#5 = PRODUCT_DEFINITION('design','',#6,#9);
#6 = PRODUCT_DEFINITION_FORMATION('','',#7);
#7 = PRODUCT('Open CASCADE STEP translator 7.8 1',
  'Open CASCADE STEP translator 7.8 1','',(#8));
#8 = PRODUCT_CONTEXT('',#2,'mechanical');
#9 = PRODUCT_DEFINITION_CONTEXT('part definition',#2,'design');
#10 = SHAPE_REPRESENTATION('',(#11,#15,#85,#155,#225,#295,#365,#435,#505
    ,#575,#645,#715,#785,#855,#925,#995,#1065,#1135,#1205,#1275,#1345,
    #1415,#1485,#1555,#1625,#1695,#1765,#1835,#1905,#1975,#2045,#2115,
    #2185,#2255,#2325,#2395,#2465,#2535,#2605,#2675,#2745,#2815,#2885,
    #2955,#3025,#3095,#3165,#3235,#3305,#3375,#3445,#3515,#3585,#3655,
    #3725,#3795,#3865,#3935,#4005,#4075,#4145,#4215,#4285,#4355,#4425,
    #4495,#4565,#4635,#4705,#4775,#4845,#4915,#4985,#5055,#5125,#5195,
    #5265,#5335,#5405,#5475,#5545,#5615,#5685,#5755,#5825,#5895,#5965,
    #6035,#6105,#6175,#6245,#6315,#6385,#6455,#6525,#6595,#6665,#6735,
    #6805,#6875,#6945,#7015,#7085,#7155,#7225,#7295,#7365,#7435,#7505,
    #7575,#7645,#7715,#7785,#7855,#7925,#7995,#8065,#8135,#8205,#8275,
    #8345,#8415,#8545),#8675);
#11 = AXIS2_PLACEMENT_3D('',#12,#13,#14);
#12 = CARTESIAN_POINT('',(0.,0.,0.));
#13 = DIRECTION('',(0.,0.,1.));
#14 = DIRECTION('',(1.,0.,-0.));
#15 = SHELL_BASED_SURFACE_MODEL('',(#16));
#16 = OPEN_SHELL('',(#17));
#17 = ADVANCED_FACE('',(#18),#32,.T.);
#18 = FACE_BOUND('',#19,.T.);
#19 = EDGE_LOOP('',(#20,#42,#57,#72));
#20 = ORIENTED_EDGE('',*,*,#21,.F.);
#21 = EDGE_CURVE('',#22,#24,#26,.T.);
#22 = VERTEX_POINT('',#23);
#23 = CARTESIAN_POINT('',(-45.32510504194,92.85,-30.5));
#24 = VERTEX_POINT('',#25);
#25 = CARTESIAN_POINT('',(-45.32510504194,97.05,-30.5));
#26 = SURFACE_CURVE('',#27,(#31),.PCURVE_S1.);
#27 = LINE('',#28,#29);
#28 = CARTESIAN_POINT('',(-45.32510504194,92.85,-30.5));
#29 = VECTOR('',#30,1.);
#30 = DIRECTION('',(0.,1.,0.));
#31 = PCURVE('',#32,#37);
#32 = PLANE('',#33);
#33 = AXIS2_PLACEMENT_3D('',#34,#35,#36);
#34 = CARTESIAN_POINT('',(80.6,193.9,-30.5));
#35 = DIRECTION('',(0.,0.,1.));
#36 = DIRECTION('',(1.,0.,-0.));
#37 = DEFINITIONAL_REPRESENTATION('',(#38),#41);
#38 = B_SPLINE_CURVE_WITH_KNOTS('',1,(#39,#40),.UNSPECIFIED.,.F.,.F.,(2,
    2),(-6.000000070117E-07,4.2000006),.PIECEWISE_BEZIER_KNOTS.);
#39 = CARTESIAN_POINT('',(-125.9251050419,-101.0500006));
#40 = CARTESIAN_POINT('',(-125.9251050419,-96.8499994));
#41 = ( GEOMETRIC_REPRESENTATION_CONTEXT(2) 
PARAMETRIC_REPRESENTATION_CONTEXT() REPRESENTATION_CONTEXT('2D SPACE',''
  ) );
#42 = ORIENTED_EDGE('',*,*,#43,.T.);
#43 = EDGE_CURVE('',#22,#44,#46,.T.);
#44 = VERTEX_POINT('',#45);
#45 = CARTESIAN_POINT('',(-38.12265380851,92.85,-30.5));
#46 = SURFACE_CURVE('',#47,(#51),.PCURVE_S1.);
#47 = LINE('',#48,#49);
#48 = CARTESIAN_POINT('',(57.8,92.85,-30.5));
#49 = VECTOR('',#50,1.);
#50 = DIRECTION('',(1.,0.,0.));
#51 = PCURVE('',#32,#52);
#52 = DEFINITIONAL_REPRESENTATION('',(#53),#56);
#53 = B_SPLINE_CURVE_WITH_KNOTS('',1,(#54,#55),.UNSPECIFIED.,.F.,.F.,(2,
    2),(-103.15,57.55),.PIECEWISE_BEZIER_KNOTS.);
#54 = CARTESIAN_POINT('',(-125.95,-101.05));
#55 = CARTESIAN_POINT('',(34.75,-101.05));
#56 = ( GEOMETRIC_REPRESENTATION_CONTEXT(2) 
PARAMETRIC_REPRESENTATION_CONTEXT() REPRESENTATION_CONTEXT('2D SPACE',''
  ) );
#57 = ORIENTED_EDGE('',*,*,#58,.T.);
#58 = EDGE_CURVE('',#44,#59,#61,.T.);
#59 = VERTEX_POINT('',#60);
#60 = CARTESIAN_POINT('',(-38.12265380851,97.05,-30.5));
#61 = SURFACE_CURVE('',#62,(#66),.PCURVE_S1.);
#62 = LINE('',#63,#64);
#63 = CARTESIAN_POINT('',(-38.12265380851,92.85,-30.5));
#64 = VECTOR('',#65,1.);
#65 = DIRECTION('',(0.,1.,0.));
#66 = PCURVE('',#32,#67);
#67 = DEFINITIONAL_REPRESENTATION('',(#68),#71);
#68 = B_SPLINE_CURVE_WITH_KNOTS('',1,(#69,#70),.UNSPECIFIED.,.F.,.F.,(2,
    2),(-6.000000070117E-07,4.2000006),.PIECEWISE_BEZIER_KNOTS.);
#69 = CARTESIAN_POINT('',(-118.7226538085,-101.0500006));
#70 = CARTESIAN_POINT('',(-118.7226538085,-96.8499994));
#71 = ( GEOMETRIC_REPRESENTATION_CONTEXT(2) 
PARAMETRIC_REPRESENTATION_CONTEXT() REPRESENTATION_CONTEXT('2D SPACE',''
  ) );
#72 = ORIENTED_EDGE('',*,*,#73,.F.);
#73 = EDGE_CURVE('',#24,#59,#74,.T.);
#74 = SURFACE_CURVE('',#75,(#79),.PCURVE_S1.);
#75 = LINE('',#76,#77);
#76 = CARTESIAN_POINT('',(57.8,97.05,-30.5));
#77 = VECTOR('',#78,1.);
#78 = DIRECTION('',(1.,0.,0.));
#79 = PCURVE('',#32,#80);
#80 = DEFINITIONAL_REPRESENTATION('',(#81),#84);
#81 = B_SPLINE_CURVE_WITH_KNOTS('',1,(#82,#83),.UNSPECIFIED.,.F.,.F.,(2,
    2),(-103.15,57.55),.PIECEWISE_BEZIER_KNOTS.);
#82 = CARTESIAN_POINT('',(-125.95,-96.85));
#83 = CARTESIAN_POINT('',(34.75,-96.85));
#84 = ( GEOMETRIC_REPRESENTATION_CONTEXT(2) 
PARAMETRIC_REPRESENTATION_CONTEXT() REPRESENTATION_CONTEXT('2D SPACE',''
  ) );
#85 = SHELL_BASED_SURFACE_MODEL('',(#86));
#86 = OPEN_SHELL('',(#87));
#87 = ADVANCED_FACE('',(#88),#102,.T.);
#88 = FACE_BOUND('',#89,.T.);
#89 = EDGE_LOOP('',(#90,#112,#127,#142));
#90 = ORIENTED_EDGE('',*,*,#91,.T.);
#91 = EDGE_CURVE('',#92,#94,#96,.T.);
#92 = VERTEX_POINT('',#93);
#93 = CARTESIAN_POINT('',(108.12265380851,92.85,-30.5));
#94 = VERTEX_POINT('',#95);
#95 = CARTESIAN_POINT('',(115.32510504194,92.85,-30.5));
#96 = SURFACE_CURVE('',#97,(#101),.PCURVE_S1.);
#97 = LINE('',#98,#99);
#98 = CARTESIAN_POINT('',(57.8,92.85,-30.5));
#99 = VECTOR('',#100,1.);
#100 = DIRECTION('',(1.,0.,0.));
#101 = PCURVE('',#102,#107);
#102 = PLANE('',#103);
#103 = AXIS2_PLACEMENT_3D('',#104,#105,#106);
#104 = CARTESIAN_POINT('',(80.6,193.9,-30.5));
#105 = DIRECTION('',(0.,0.,1.));
#106 = DIRECTION('',(1.,0.,-0.));
#107 = DEFINITIONAL_REPRESENTATION('',(#108),#111);
#108 = B_SPLINE_CURVE_WITH_KNOTS('',1,(#109,#110),.UNSPECIFIED.,.F.,.F.,
  (2,2),(-103.15,57.55),.PIECEWISE_BEZIER_KNOTS.);
#109 = CARTESIAN_POINT('',(-125.95,-101.05));
#110 = CARTESIAN_POINT('',(34.75,-101.05));
#111 = ( GEOMETRIC_REPRESENTATION_CONTEXT(2) 
PARAMETRIC_REPRESENTATION_CONTEXT() REPRESENTATION_CONTEXT('2D SPACE',''
  ) );
#112 = ORIENTED_EDGE('',*,*,#113,.T.);
#113 = EDGE_CURVE('',#94,#114,#116,.T.);
#114 = VERTEX_POINT('',#115);
#115 = CARTESIAN_POINT('',(115.32510504194,97.05,-30.5));
#116 = SURFACE_CURVE('',#117,(#121),.PCURVE_S1.);
#117 = LINE('',#118,#119);
#118 = CARTESIAN_POINT('',(115.32510504194,92.85,-30.5));
#119 = VECTOR('',#120,1.);
#120 = DIRECTION('',(0.,1.,0.));
#121 = PCURVE('',#102,#122);
#122 = DEFINITIONAL_REPRESENTATION('',(#123),#126);
#123 = B_SPLINE_CURVE_WITH_KNOTS('',1,(#124,#125),.UNSPECIFIED.,.F.,.F.,
  (2,2),(-6.000000070117E-07,4.2000006),.PIECEWISE_BEZIER_KNOTS.);
#124 = CARTESIAN_POINT('',(34.725105041948,-101.0500006));
#125 = CARTESIAN_POINT('',(34.725105041948,-96.8499994));
#126 = ( GEOMETRIC_REPRESENTATION_CONTEXT(2) 
PARAMETRIC_REPRESENTATION_CONTEXT() REPRESENTATION_CONTEXT('2D SPACE',''
  ) );
#127 = ORIENTED_EDGE('',*,*,#128,.F.);
#128 = EDGE_CURVE('',#129,#114,#131,.T.);
#129 = VERTEX_POINT('',#130);
#130 = CARTESIAN_POINT('',(108.12265380851,97.05,-30.5));
#131 = SURFACE_CURVE('',#132,(#136),.PCURVE_S1.);
#132 = LINE('',#133,#134);
#133 = CARTESIAN_POINT('',(57.8,97.05,-30.5));
#134 = VECTOR('',#135,1.);
#135 = DIRECTION('',(1.,0.,0.));
#136 = PCURVE('',#102,#137);
#137 = DEFINITIONAL_REPRESENTATION('',(#138),#141);
#138 = B_SPLINE_CURVE_WITH_KNOTS('',1,(#139,#140),.UNSPECIFIED.,.F.,.F.,
  (2,2),(-103.15,57.55),.PIECEWISE_BEZIER_KNOTS.);
#139 = CARTESIAN_POINT('',(-125.95,-96.85));
#140 = CARTESIAN_POINT('',(34.75,-96.85));
#141 = ( GEOMETRIC_REPRESENTATION_CONTEXT(2) 
PARAMETRIC_REPRESENTATION_CONTEXT() REPRESENTATION_CONTEXT('2D SPACE',''
  ) );
#142 = ORIENTED_EDGE('',*,*,#143,.F.);
#143 = EDGE_CURVE('',#92,#129,#144,.T.);
#144 = SURFACE_CURVE('',#145,(#149),.PCURVE_S1.);
#145 = LINE('',#146,#147);
#146 = CARTESIAN_POINT('',(108.12265380851,92.85,-30.5));
#147 = VECTOR('',#148,1.);
#148 = DIRECTION('',(0.,1.,0.));
#149 = PCURVE('',#102,#150);
#150 = DEFINITIONAL_REPRESENTATION('',(#151),#154);
#151 = B_SPLINE_CURVE_WITH_KNOTS('',1,(#152,#153),.UNSPECIFIED.,.F.,.F.,
  (2,2),(-6.000000070117E-07,4.2000006),.PIECEWISE_BEZIER_KNOTS.);
#152 = CARTESIAN_POINT('',(27.522653808515,-101.0500006));
#153 = CARTESIAN_POINT('',(27.522653808515,-96.8499994));
#154 = ( GEOMETRIC_REPRESENTATION_CONTEXT(2) 
PARAMETRIC_REPRESENTATION_CONTEXT() REPRESENTATION_CONTEXT('2D SPACE',''
  ) );
#155 = SHELL_BASED_SURFACE_MODEL('',(#156));
#156 = OPEN_SHELL('',(#157));
#157 = ADVANCED_FACE('',(#158),#172,.T.);
#158 = FACE_BOUND('',#159,.T.);
#159 = EDGE_LOOP('',(#160,#182,#197,#212));
#160 = ORIENTED_EDGE('',*,*,#161,.F.);
#161 = EDGE_CURVE('',#162,#164,#166,.T.);
#162 = VERTEX_POINT('',#163);
#163 = CARTESIAN_POINT('',(-45.32510504194,97.55,-30.5));
#164 = VERTEX_POINT('',#165);
#165 = CARTESIAN_POINT('',(-45.32510504194,101.75,-30.5));
#166 = SURFACE_CURVE('',#167,(#171),.PCURVE_S1.);
#167 = LINE('',#168,#169);
#168 = CARTESIAN_POINT('',(-45.32510504194,97.55,-30.5));
#169 = VECTOR('',#170,1.);
#170 = DIRECTION('',(0.,1.,0.));
#171 = PCURVE('',#172,#177);
#172 = PLANE('',#173);
#173 = AXIS2_PLACEMENT_3D('',#174,#175,#176);
#174 = CARTESIAN_POINT('',(80.6,193.9,-30.5));
#175 = DIRECTION('',(0.,0.,1.));
#176 = DIRECTION('',(1.,0.,-0.));
#177 = DEFINITIONAL_REPRESENTATION('',(#178),#181);
#178 = B_SPLINE_CURVE_WITH_KNOTS('',1,(#179,#180),.UNSPECIFIED.,.F.,.F.,
  (2,2),(-6.000000070117E-07,4.2000006),.PIECEWISE_BEZIER_KNOTS.);
#179 = CARTESIAN_POINT('',(-125.9251050419,-96.3500006));
#180 = CARTESIAN_POINT('',(-125.9251050419,-92.1499994));
#181 = ( GEOMETRIC_REPRESENTATION_CONTEXT(2) 
PARAMETRIC_REPRESENTATION_CONTEXT() REPRESENTATION_CONTEXT('2D SPACE',''
  ) );
#182 = ORIENTED_EDGE('',*,*,#183,.T.);
#183 = EDGE_CURVE('',#162,#184,#186,.T.);
#184 = VERTEX_POINT('',#185);
#185 = CARTESIAN_POINT('',(-38.12265380851,97.55,-30.5));
#186 = SURFACE_CURVE('',#187,(#191),.PCURVE_S1.);
#187 = LINE('',#188,#189);
#188 = CARTESIAN_POINT('',(57.8,97.55,-30.5));
#189 = VECTOR('',#190,1.);
#190 = DIRECTION('',(1.,0.,0.));
#191 = PCURVE('',#172,#192);
#192 = DEFINITIONAL_REPRESENTATION('',(#193),#196);
#193 = B_SPLINE_CURVE_WITH_KNOTS('',1,(#194,#195),.UNSPECIFIED.,.F.,.F.,
  (2,2),(-103.15,57.55),.PIECEWISE_BEZIER_KNOTS.);
#194 = CARTESIAN_POINT('',(-125.95,-96.35));
#195 = CARTESIAN_POINT('',(34.75,-96.35));
#196 = ( GEOMETRIC_REPRESENTATION_CONTEXT(2) 
PARAMETRIC_REPRESENTATION_CONTEXT() REPRESENTATION_CONTEXT('2D SPACE',''
  ) );
#197 = ORIENTED_EDGE('',*,*,#198,.T.);
#198 = EDGE_CURVE('',#184,#199,#201,.T.);
#199 = VERTEX_POINT('',#200);
#200 = CARTESIAN_POINT('',(-38.12265380851,101.75,-30.5));
#201 = SURFACE_CURVE('',#202,(#206),.PCURVE_S1.);
#202 = LINE('',#203,#204);
#203 = CARTESIAN_POINT('',(-38.12265380851,97.55,-30.5));
#204 = VECTOR('',#205,1.);
#205 = DIRECTION('',(0.,1.,0.));
#206 = PCURVE('',#172,#207);
#207 = DEFINITIONAL_REPRESENTATION('',(#208),#211);
#208 = B_SPLINE_CURVE_WITH_KNOTS('',1,(#209,#210),.UNSPECIFIED.,.F.,.F.,
  (2,2),(-6.000000070117E-07,4.2000006),.PIECEWISE_BEZIER_KNOTS.);
#209 = CARTESIAN_POINT('',(-118.7226538085,-96.3500006));
#210 = CARTESIAN_POINT('',(-118.7226538085,-92.1499994));
#211 = ( GEOMETRIC_REPRESENTATION_CONTEXT(2) 
PARAMETRIC_REPRESENTATION_CONTEXT() REPRESENTATION_CONTEXT('2D SPACE',''
  ) );
#212 = ORIENTED_EDGE('',*,*,#213,.F.);
#213 = EDGE_CURVE('',#164,#199,#214,.T.);
#214 = SURFACE_CURVE('',#215,(#219),.PCURVE_S1.);
#215 = LINE('',#216,#217);
#216 = CARTESIAN_POINT('',(57.8,101.75,-30.5));
#217 = VECTOR('',#218,1.);
#218 = DIRECTION('',(1.,0.,0.));
#219 = PCURVE('',#172,#220);
#220 = DEFINITIONAL_REPRESENTATION('',(#221),#224);
#221 = B_SPLINE_CURVE_WITH_KNOTS('',1,(#222,#223),.UNSPECIFIED.,.F.,.F.,
  (2,2),(-103.15,57.55),.PIECEWISE_BEZIER_KNOTS.);
#222 = CARTESIAN_POINT('',(-125.95,-92.15));
#223 = CARTESIAN_POINT('',(34.75,-92.15));
#224 = ( GEOMETRIC_REPRESENTATION_CONTEXT(2) 
PARAMETRIC_REPRESENTATION_CONTEXT() REPRESENTATION_CONTEXT('2D SPACE',''
  ) );
#225 = SHELL_BASED_SURFACE_MODEL('',(#226));
#226 = OPEN_SHELL('',(#227));
#227 = ADVANCED_FACE('',(#228),#242,.T.);
#228 = FACE_BOUND('',#229,.T.);
#229 = EDGE_LOOP('',(#230,#252,#267,#282));
#230 = ORIENTED_EDGE('',*,*,#231,.T.);
#231 = EDGE_CURVE('',#232,#234,#236,.T.);
#232 = VERTEX_POINT('',#233);
#233 = CARTESIAN_POINT('',(108.12265380851,97.55,-30.5));
#234 = VERTEX_POINT('',#235);
#235 = CARTESIAN_POINT('',(115.32510504194,97.55,-30.5));
#236 = SURFACE_CURVE('',#237,(#241),.PCURVE_S1.);
#237 = LINE('',#238,#239);
#238 = CARTESIAN_POINT('',(57.8,97.55,-30.5));
#239 = VECTOR('',#240,1.);
#240 = DIRECTION('',(1.,0.,0.));
#241 = PCURVE('',#242,#247);
#242 = PLANE('',#243);
#243 = AXIS2_PLACEMENT_3D('',#244,#245,#246);
#244 = CARTESIAN_POINT('',(80.6,193.9,-30.5));
#245 = DIRECTION('',(0.,0.,1.));
#246 = DIRECTION('',(1.,0.,-0.));
#247 = DEFINITIONAL_REPRESENTATION('',(#248),#251);
#248 = B_SPLINE_CURVE_WITH_KNOTS('',1,(#249,#250),.UNSPECIFIED.,.F.,.F.,
  (2,2),(-103.15,57.55),.PIECEWISE_BEZIER_KNOTS.);
#249 = CARTESIAN_POINT('',(-125.95,-96.35));
#250 = CARTESIAN_POINT('',(34.75,-96.35));
#251 = ( GEOMETRIC_REPRESENTATION_CONTEXT(2) 
PARAMETRIC_REPRESENTATION_CONTEXT() REPRESENTATION_CONTEXT('2D SPACE',''
  ) );
#252 = ORIENTED_EDGE('',*,*,#253,.T.);
#253 = EDGE_CURVE('',#234,#254,#256,.T.);
#254 = VERTEX_POINT('',#255);
#255 = CARTESIAN_POINT('',(115.32510504194,101.75,-30.5));
#256 = SURFACE_CURVE('',#257,(#261),.PCURVE_S1.);
#257 = LINE('',#258,#259);
#258 = CARTESIAN_POINT('',(115.32510504194,97.55,-30.5));
#259 = VECTOR('',#260,1.);
#260 = DIRECTION('',(0.,1.,0.));
#261 = PCURVE('',#242,#262);
#262 = DEFINITIONAL_REPRESENTATION('',(#263),#266);
#263 = B_SPLINE_CURVE_WITH_KNOTS('',1,(#264,#265),.UNSPECIFIED.,.F.,.F.,
  (2,2),(-6.000000070117E-07,4.2000006),.PIECEWISE_BEZIER_KNOTS.);
#264 = CARTESIAN_POINT('',(34.725105041948,-96.3500006));
#265 = CARTESIAN_POINT('',(34.725105041948,-92.1499994));
#266 = ( GEOMETRIC_REPRESENTATION_CONTEXT(2) 
PARAMETRIC_REPRESENTATION_CONTEXT() REPRESENTATION_CONTEXT('2D SPACE',''
  ) );
#267 = ORIENTED_EDGE('',*,*,#268,.F.);
#268 = EDGE_CURVE('',#269,#254,#271,.T.);
#269 = VERTEX_POINT('',#270);
#270 = CARTESIAN_POINT('',(108.12265380851,101.75,-30.5));
#271 = SURFACE_CURVE('',#272,(#276),.PCURVE_S1.);
#272 = LINE('',#273,#274);
#273 = CARTESIAN_POINT('',(57.8,101.75,-30.5));
#274 = VECTOR('',#275,1.);
#275 = DIRECTION('',(1.,0.,0.));
#276 = PCURVE('',#242,#277);
#277 = DEFINITIONAL_REPRESENTATION('',(#278),#281);
#278 = B_SPLINE_CURVE_WITH_KNOTS('',1,(#279,#280),.UNSPECIFIED.,.F.,.F.,
  (2,2),(-103.15,57.55),.PIECEWISE_BEZIER_KNOTS.);
#279 = CARTESIAN_POINT('',(-125.95,-92.15));
#280 = CARTESIAN_POINT('',(34.75,-92.15));
#281 = ( GEOMETRIC_REPRESENTATION_CONTEXT(2) 
PARAMETRIC_REPRESENTATION_CONTEXT() REPRESENTATION_CONTEXT('2D SPACE',''
  ) );
#282 = ORIENTED_EDGE('',*,*,#283,.F.);
#283 = EDGE_CURVE('',#232,#269,#284,.T.);
#284 = SURFACE_CURVE('',#285,(#289),.PCURVE_S1.);
#285 = LINE('',#286,#287);
#286 = CARTESIAN_POINT('',(108.12265380851,97.55,-30.5));
#287 = VECTOR('',#288,1.);
#288 = DIRECTION('',(0.,1.,0.));
#289 = PCURVE('',#242,#290);
#290 = DEFINITIONAL_REPRESENTATION('',(#291),#294);
#291 = B_SPLINE_CURVE_WITH_KNOTS('',1,(#292,#293),.UNSPECIFIED.,.F.,.F.,
  (2,2),(-6.000000070117E-07,4.2000006),.PIECEWISE_BEZIER_KNOTS.);
#292 = CARTESIAN_POINT('',(27.522653808515,-96.3500006));
#293 = CARTESIAN_POINT('',(27.522653808515,-92.1499994));
#294 = ( GEOMETRIC_REPRESENTATION_CONTEXT(2) 
PARAMETRIC_REPRESENTATION_CONTEXT() REPRESENTATION_CONTEXT('2D SPACE',''
  ) );
#295 = SHELL_BASED_SURFACE_MODEL('',(#296));
#296 = OPEN_SHELL('',(#297));
#297 = ADVANCED_FACE('',(#298),#312,.T.);
#298 = FACE_BOUND('',#299,.T.);
#299 = EDGE_LOOP('',(#300,#322,#337,#352));
#300 = ORIENTED_EDGE('',*,*,#301,.F.);
#301 = EDGE_CURVE('',#302,#304,#306,.T.);
#302 = VERTEX_POINT('',#303);
#303 = CARTESIAN_POINT('',(-45.32510504194,102.25,-30.5));
#304 = VERTEX_POINT('',#305);
#305 = CARTESIAN_POINT('',(-45.32510504194,106.45,-30.5));
#306 = SURFACE_CURVE('',#307,(#311),.PCURVE_S1.);
#307 = LINE('',#308,#309);
#308 = CARTESIAN_POINT('',(-45.32510504194,102.25,-30.5));
#309 = VECTOR('',#310,1.);
#310 = DIRECTION('',(0.,1.,0.));
#311 = PCURVE('',#312,#317);
#312 = PLANE('',#313);
#313 = AXIS2_PLACEMENT_3D('',#314,#315,#316);
#314 = CARTESIAN_POINT('',(80.6,193.9,-30.5));
#315 = DIRECTION('',(0.,0.,1.));
#316 = DIRECTION('',(1.,0.,-0.));
#317 = DEFINITIONAL_REPRESENTATION('',(#318),#321);
#318 = B_SPLINE_CURVE_WITH_KNOTS('',1,(#319,#320),.UNSPECIFIED.,.F.,.F.,
  (2,2),(-6.000000070117E-07,4.2000006),.PIECEWISE_BEZIER_KNOTS.);
#319 = CARTESIAN_POINT('',(-125.9251050419,-91.6500006));
#320 = CARTESIAN_POINT('',(-125.9251050419,-87.4499994));
#321 = ( GEOMETRIC_REPRESENTATION_CONTEXT(2) 
PARAMETRIC_REPRESENTATION_CONTEXT() REPRESENTATION_CONTEXT('2D SPACE',''
  ) );
#322 = ORIENTED_EDGE('',*,*,#323,.T.);
#323 = EDGE_CURVE('',#302,#324,#326,.T.);
#324 = VERTEX_POINT('',#325);
#325 = CARTESIAN_POINT('',(-38.12265380851,102.25,-30.5));
#326 = SURFACE_CURVE('',#327,(#331),.PCURVE_S1.);
#327 = LINE('',#328,#329);
#328 = CARTESIAN_POINT('',(57.8,102.25,-30.5));
#329 = VECTOR('',#330,1.);
#330 = DIRECTION('',(1.,0.,0.));
#331 = PCURVE('',#312,#332);
#332 = DEFINITIONAL_REPRESENTATION('',(#333),#336);
#333 = B_SPLINE_CURVE_WITH_KNOTS('',1,(#334,#335),.UNSPECIFIED.,.F.,.F.,
  (2,2),(-103.15,57.55),.PIECEWISE_BEZIER_KNOTS.);
#334 = CARTESIAN_POINT('',(-125.95,-91.65));
#335 = CARTESIAN_POINT('',(34.75,-91.65));
#336 = ( GEOMETRIC_REPRESENTATION_CONTEXT(2) 
PARAMETRIC_REPRESENTATION_CONTEXT() REPRESENTATION_CONTEXT('2D SPACE',''
  ) );
#337 = ORIENTED_EDGE('',*,*,#338,.T.);
#338 = EDGE_CURVE('',#324,#339,#341,.T.);
#339 = VERTEX_POINT('',#340);
#340 = CARTESIAN_POINT('',(-38.12265380851,106.45,-30.5));
#341 = SURFACE_CURVE('',#342,(#346),.PCURVE_S1.);
#342 = LINE('',#343,#344);
#343 = CARTESIAN_POINT('',(-38.12265380851,102.25,-30.5));
#344 = VECTOR('',#345,1.);
#345 = DIRECTION('',(0.,1.,0.));
#346 = PCURVE('',#312,#347);
#347 = DEFINITIONAL_REPRESENTATION('',(#348),#351);
#348 = B_SPLINE_CURVE_WITH_KNOTS('',1,(#349,#350),.UNSPECIFIED.,.F.,.F.,
  (2,2),(-6.000000070117E-07,4.2000006),.PIECEWISE_BEZIER_KNOTS.);
#349 = CARTESIAN_POINT('',(-118.7226538085,-91.6500006));
#350 = CARTESIAN_POINT('',(-118.7226538085,-87.4499994));
#351 = ( GEOMETRIC_REPRESENTATION_CONTEXT(2) 
PARAMETRIC_REPRESENTATION_CONTEXT() REPRESENTATION_CONTEXT('2D SPACE',''
  ) );
#352 = ORIENTED_EDGE('',*,*,#353,.F.);
#353 = EDGE_CURVE('',#304,#339,#354,.T.);
#354 = SURFACE_CURVE('',#355,(#359),.PCURVE_S1.);
#355 = LINE('',#356,#357);
#356 = CARTESIAN_POINT('',(57.8,106.45,-30.5));
#357 = VECTOR('',#358,1.);
#358 = DIRECTION('',(1.,0.,0.));
#359 = PCURVE('',#312,#360);
#360 = DEFINITIONAL_REPRESENTATION('',(#361),#364);
#361 = B_SPLINE_CURVE_WITH_KNOTS('',1,(#362,#363),.UNSPECIFIED.,.F.,.F.,
  (2,2),(-103.15,57.55),.PIECEWISE_BEZIER_KNOTS.);
#362 = CARTESIAN_POINT('',(-125.95,-87.45));
#363 = CARTESIAN_POINT('',(34.75,-87.45));
#364 = ( GEOMETRIC_REPRESENTATION_CONTEXT(2) 
PARAMETRIC_REPRESENTATION_CONTEXT() REPRESENTATION_CONTEXT('2D SPACE',''
  ) );
#365 = SHELL_BASED_SURFACE_MODEL('',(#366));
#366 = OPEN_SHELL('',(#367));
#367 = ADVANCED_FACE('',(#368),#382,.T.);
#368 = FACE_BOUND('',#369,.T.);
#369 = EDGE_LOOP('',(#370,#392,#407,#422));
#370 = ORIENTED_EDGE('',*,*,#371,.T.);
#371 = EDGE_CURVE('',#372,#374,#376,.T.);
#372 = VERTEX_POINT('',#373);
#373 = CARTESIAN_POINT('',(108.12265380851,102.25,-30.5));
#374 = VERTEX_POINT('',#375);
#375 = CARTESIAN_POINT('',(115.32510504194,102.25,-30.5));
#376 = SURFACE_CURVE('',#377,(#381),.PCURVE_S1.);
#377 = LINE('',#378,#379);
#378 = CARTESIAN_POINT('',(57.8,102.25,-30.5));
#379 = VECTOR('',#380,1.);
#380 = DIRECTION('',(1.,0.,0.));
#381 = PCURVE('',#382,#387);
#382 = PLANE('',#383);
#383 = AXIS2_PLACEMENT_3D('',#384,#385,#386);
#384 = CARTESIAN_POINT('',(80.6,193.9,-30.5));
#385 = DIRECTION('',(0.,0.,1.));
#386 = DIRECTION('',(1.,0.,-0.));
#387 = DEFINITIONAL_REPRESENTATION('',(#388),#391);
#388 = B_SPLINE_CURVE_WITH_KNOTS('',1,(#389,#390),.UNSPECIFIED.,.F.,.F.,
  (2,2),(-103.15,57.55),.PIECEWISE_BEZIER_KNOTS.);
#389 = CARTESIAN_POINT('',(-125.95,-91.65));
#390 = CARTESIAN_POINT('',(34.75,-91.65));
#391 = ( GEOMETRIC_REPRESENTATION_CONTEXT(2) 
PARAMETRIC_REPRESENTATION_CONTEXT() REPRESENTATION_CONTEXT('2D SPACE',''
  ) );
#392 = ORIENTED_EDGE('',*,*,#393,.T.);
#393 = EDGE_CURVE('',#374,#394,#396,.T.);
#394 = VERTEX_POINT('',#395);
#395 = CARTESIAN_POINT('',(115.32510504194,106.45,-30.5));
#396 = SURFACE_CURVE('',#397,(#401),.PCURVE_S1.);
#397 = LINE('',#398,#399);
#398 = CARTESIAN_POINT('',(115.32510504194,102.25,-30.5));
#399 = VECTOR('',#400,1.);
#400 = DIRECTION('',(0.,1.,0.));
#401 = PCURVE('',#382,#402);
#402 = DEFINITIONAL_REPRESENTATION('',(#403),#406);
#403 = B_SPLINE_CURVE_WITH_KNOTS('',1,(#404,#405),.UNSPECIFIED.,.F.,.F.,
  (2,2),(-6.000000070117E-07,4.2000006),.PIECEWISE_BEZIER_KNOTS.);
#404 = CARTESIAN_POINT('',(34.725105041948,-91.6500006));
#405 = CARTESIAN_POINT('',(34.725105041948,-87.4499994));
#406 = ( GEOMETRIC_REPRESENTATION_CONTEXT(2) 
PARAMETRIC_REPRESENTATION_CONTEXT() REPRESENTATION_CONTEXT('2D SPACE',''
  ) );
#407 = ORIENTED_EDGE('',*,*,#408,.F.);
#408 = EDGE_CURVE('',#409,#394,#411,.T.);
#409 = VERTEX_POINT('',#410);
#410 = CARTESIAN_POINT('',(108.12265380851,106.45,-30.5));
#411 = SURFACE_CURVE('',#412,(#416),.PCURVE_S1.);
#412 = LINE('',#413,#414);
#413 = CARTESIAN_POINT('',(57.8,106.45,-30.5));
#414 = VECTOR('',#415,1.);
#415 = DIRECTION('',(1.,0.,0.));
#416 = PCURVE('',#382,#417);
#417 = DEFINITIONAL_REPRESENTATION('',(#418),#421);
#418 = B_SPLINE_CURVE_WITH_KNOTS('',1,(#419,#420),.UNSPECIFIED.,.F.,.F.,
  (2,2),(-103.15,57.55),.PIECEWISE_BEZIER_KNOTS.);
#419 = CARTESIAN_POINT('',(-125.95,-87.45));
#420 = CARTESIAN_POINT('',(34.75,-87.45));
#421 = ( GEOMETRIC_REPRESENTATION_CONTEXT(2) 
PARAMETRIC_REPRESENTATION_CONTEXT() REPRESENTATION_CONTEXT('2D SPACE',''
  ) );
#422 = ORIENTED_EDGE('',*,*,#423,.F.);
#423 = EDGE_CURVE('',#372,#409,#424,.T.);
#424 = SURFACE_CURVE('',#425,(#429),.PCURVE_S1.);
#425 = LINE('',#426,#427);
#426 = CARTESIAN_POINT('',(108.12265380851,102.25,-30.5));
#427 = VECTOR('',#428,1.);
#428 = DIRECTION('',(0.,1.,0.));
#429 = PCURVE('',#382,#430);
#430 = DEFINITIONAL_REPRESENTATION('',(#431),#434);
#431 = B_SPLINE_CURVE_WITH_KNOTS('',1,(#432,#433),.UNSPECIFIED.,.F.,.F.,
  (2,2),(-6.000000070117E-07,4.2000006),.PIECEWISE_BEZIER_KNOTS.);
#432 = CARTESIAN_POINT('',(27.522653808515,-91.6500006));
#433 = CARTESIAN_POINT('',(27.522653808515,-87.4499994));
#434 = ( GEOMETRIC_REPRESENTATION_CONTEXT(2) 
PARAMETRIC_REPRESENTATION_CONTEXT() REPRESENTATION_CONTEXT('2D SPACE',''
  ) );
#435 = SHELL_BASED_SURFACE_MODEL('',(#436));
#436 = OPEN_SHELL('',(#437));
#437 = ADVANCED_FACE('',(#438),#452,.T.);
#438 = FACE_BOUND('',#439,.T.);
#439 = EDGE_LOOP('',(#440,#462,#477,#492));
#440 = ORIENTED_EDGE('',*,*,#441,.F.);
#441 = EDGE_CURVE('',#442,#444,#446,.T.);
#442 = VERTEX_POINT('',#443);
#443 = CARTESIAN_POINT('',(-45.32510504194,106.95,-30.5));
#444 = VERTEX_POINT('',#445);
#445 = CARTESIAN_POINT('',(-45.32510504194,111.15,-30.5));
#446 = SURFACE_CURVE('',#447,(#451),.PCURVE_S1.);
#447 = LINE('',#448,#449);
#448 = CARTESIAN_POINT('',(-45.32510504194,106.95,-30.5));
#449 = VECTOR('',#450,1.);
#450 = DIRECTION('',(0.,1.,0.));
#451 = PCURVE('',#452,#457);
#452 = PLANE('',#453);
#453 = AXIS2_PLACEMENT_3D('',#454,#455,#456);
#454 = CARTESIAN_POINT('',(80.6,193.9,-30.5));
#455 = DIRECTION('',(0.,0.,1.));
#456 = DIRECTION('',(1.,0.,-0.));
#457 = DEFINITIONAL_REPRESENTATION('',(#458),#461);
#458 = B_SPLINE_CURVE_WITH_KNOTS('',1,(#459,#460),.UNSPECIFIED.,.F.,.F.,
  (2,2),(-6.000000070117E-07,4.2000006),.PIECEWISE_BEZIER_KNOTS.);
#459 = CARTESIAN_POINT('',(-125.9251050419,-86.9500006));
#460 = CARTESIAN_POINT('',(-125.9251050419,-82.7499994));
#461 = ( GEOMETRIC_REPRESENTATION_CONTEXT(2) 
PARAMETRIC_REPRESENTATION_CONTEXT() REPRESENTATION_CONTEXT('2D SPACE',''
  ) );
#462 = ORIENTED_EDGE('',*,*,#463,.T.);
#463 = EDGE_CURVE('',#442,#464,#466,.T.);
#464 = VERTEX_POINT('',#465);
#465 = CARTESIAN_POINT('',(-38.12265380851,106.95,-30.5));
#466 = SURFACE_CURVE('',#467,(#471),.PCURVE_S1.);
#467 = LINE('',#468,#469);
#468 = CARTESIAN_POINT('',(57.8,106.95,-30.5));
#469 = VECTOR('',#470,1.);
#470 = DIRECTION('',(1.,0.,0.));
#471 = PCURVE('',#452,#472);
#472 = DEFINITIONAL_REPRESENTATION('',(#473),#476);
#473 = B_SPLINE_CURVE_WITH_KNOTS('',1,(#474,#475),.UNSPECIFIED.,.F.,.F.,
  (2,2),(-103.15,57.55),.PIECEWISE_BEZIER_KNOTS.);
#474 = CARTESIAN_POINT('',(-125.95,-86.95));
#475 = CARTESIAN_POINT('',(34.75,-86.95));
#476 = ( GEOMETRIC_REPRESENTATION_CONTEXT(2) 
PARAMETRIC_REPRESENTATION_CONTEXT() REPRESENTATION_CONTEXT('2D SPACE',''
  ) );
#477 = ORIENTED_EDGE('',*,*,#478,.T.);
#478 = EDGE_CURVE('',#464,#479,#481,.T.);
#479 = VERTEX_POINT('',#480);
#480 = CARTESIAN_POINT('',(-38.12265380851,111.15,-30.5));
#481 = SURFACE_CURVE('',#482,(#486),.PCURVE_S1.);
#482 = LINE('',#483,#484);
#483 = CARTESIAN_POINT('',(-38.12265380851,106.95,-30.5));
#484 = VECTOR('',#485,1.);
#485 = DIRECTION('',(0.,1.,0.));
#486 = PCURVE('',#452,#487);
#487 = DEFINITIONAL_REPRESENTATION('',(#488),#491);
#488 = B_SPLINE_CURVE_WITH_KNOTS('',1,(#489,#490),.UNSPECIFIED.,.F.,.F.,
  (2,2),(-6.000000070117E-07,4.2000006),.PIECEWISE_BEZIER_KNOTS.);
#489 = CARTESIAN_POINT('',(-118.7226538085,-86.9500006));
#490 = CARTESIAN_POINT('',(-118.7226538085,-82.7499994));
#491 = ( GEOMETRIC_REPRESENTATION_CONTEXT(2) 
PARAMETRIC_REPRESENTATION_CONTEXT() REPRESENTATION_CONTEXT('2D SPACE',''
  ) );
#492 = ORIENTED_EDGE('',*,*,#493,.F.);
#493 = EDGE_CURVE('',#444,#479,#494,.T.);
#494 = SURFACE_CURVE('',#495,(#499),.PCURVE_S1.);
#495 = LINE('',#496,#497);
#496 = CARTESIAN_POINT('',(57.8,111.15,-30.5));
#497 = VECTOR('',#498,1.);
#498 = DIRECTION('',(1.,0.,0.));
#499 = PCURVE('',#452,#500);
#500 = DEFINITIONAL_REPRESENTATION('',(#501),#504);
#501 = B_SPLINE_CURVE_WITH_KNOTS('',1,(#502,#503),.UNSPECIFIED.,.F.,.F.,
  (2,2),(-103.15,57.55),.PIECEWISE_BEZIER_KNOTS.);
#502 = CARTESIAN_POINT('',(-125.95,-82.75));
#503 = CARTESIAN_POINT('',(34.75,-82.75));
#504 = ( GEOMETRIC_REPRESENTATION_CONTEXT(2) 
PARAMETRIC_REPRESENTATION_CONTEXT() REPRESENTATION_CONTEXT('2D SPACE',''
  ) );
#505 = SHELL_BASED_SURFACE_MODEL('',(#506));
#506 = OPEN_SHELL('',(#507));
#507 = ADVANCED_FACE('',(#508),#522,.T.);
#508 = FACE_BOUND('',#509,.T.);
#509 = EDGE_LOOP('',(#510,#532,#547,#562));
#510 = ORIENTED_EDGE('',*,*,#511,.T.);
#511 = EDGE_CURVE('',#512,#514,#516,.T.);
#512 = VERTEX_POINT('',#513);
#513 = CARTESIAN_POINT('',(108.12265380851,106.95,-30.5));
#514 = VERTEX_POINT('',#515);
#515 = CARTESIAN_POINT('',(115.32510504194,106.95,-30.5));
#516 = SURFACE_CURVE('',#517,(#521),.PCURVE_S1.);
#517 = LINE('',#518,#519);
#518 = CARTESIAN_POINT('',(57.8,106.95,-30.5));
#519 = VECTOR('',#520,1.);
#520 = DIRECTION('',(1.,0.,0.));
#521 = PCURVE('',#522,#527);
#522 = PLANE('',#523);
#523 = AXIS2_PLACEMENT_3D('',#524,#525,#526);
#524 = CARTESIAN_POINT('',(80.6,193.9,-30.5));
#525 = DIRECTION('',(0.,0.,1.));
#526 = DIRECTION('',(1.,0.,-0.));
#527 = DEFINITIONAL_REPRESENTATION('',(#528),#531);
#528 = B_SPLINE_CURVE_WITH_KNOTS('',1,(#529,#530),.UNSPECIFIED.,.F.,.F.,
  (2,2),(-103.15,57.55),.PIECEWISE_BEZIER_KNOTS.);
#529 = CARTESIAN_POINT('',(-125.95,-86.95));
#530 = CARTESIAN_POINT('',(34.75,-86.95));
#531 = ( GEOMETRIC_REPRESENTATION_CONTEXT(2) 
PARAMETRIC_REPRESENTATION_CONTEXT() REPRESENTATION_CONTEXT('2D SPACE',''
  ) );
#532 = ORIENTED_EDGE('',*,*,#533,.T.);
#533 = EDGE_CURVE('',#514,#534,#536,.T.);
#534 = VERTEX_POINT('',#535);
#535 = CARTESIAN_POINT('',(115.32510504194,111.15,-30.5));
#536 = SURFACE_CURVE('',#537,(#541),.PCURVE_S1.);
#537 = LINE('',#538,#539);
#538 = CARTESIAN_POINT('',(115.32510504194,106.95,-30.5));
#539 = VECTOR('',#540,1.);
#540 = DIRECTION('',(0.,1.,0.));
#541 = PCURVE('',#522,#542);
#542 = DEFINITIONAL_REPRESENTATION('',(#543),#546);
#543 = B_SPLINE_CURVE_WITH_KNOTS('',1,(#544,#545),.UNSPECIFIED.,.F.,.F.,
  (2,2),(-6.000000070117E-07,4.2000006),.PIECEWISE_BEZIER_KNOTS.);
#544 = CARTESIAN_POINT('',(34.725105041948,-86.9500006));
#545 = CARTESIAN_POINT('',(34.725105041948,-82.7499994));
#546 = ( GEOMETRIC_REPRESENTATION_CONTEXT(2) 
PARAMETRIC_REPRESENTATION_CONTEXT() REPRESENTATION_CONTEXT('2D SPACE',''
  ) );
#547 = ORIENTED_EDGE('',*,*,#548,.F.);
#548 = EDGE_CURVE('',#549,#534,#551,.T.);
#549 = VERTEX_POINT('',#550);
#550 = CARTESIAN_POINT('',(108.12265380851,111.15,-30.5));
#551 = SURFACE_CURVE('',#552,(#556),.PCURVE_S1.);
#552 = LINE('',#553,#554);
#553 = CARTESIAN_POINT('',(57.8,111.15,-30.5));
#554 = VECTOR('',#555,1.);
#555 = DIRECTION('',(1.,0.,0.));
#556 = PCURVE('',#522,#557);
#557 = DEFINITIONAL_REPRESENTATION('',(#558),#561);
#558 = B_SPLINE_CURVE_WITH_KNOTS('',1,(#559,#560),.UNSPECIFIED.,.F.,.F.,
  (2,2),(-103.15,57.55),.PIECEWISE_BEZIER_KNOTS.);
#559 = CARTESIAN_POINT('',(-125.95,-82.75));
#560 = CARTESIAN_POINT('',(34.75,-82.75));
#561 = ( GEOMETRIC_REPRESENTATION_CONTEXT(2) 
PARAMETRIC_REPRESENTATION_CONTEXT() REPRESENTATION_CONTEXT('2D SPACE',''
  ) );
#562 = ORIENTED_EDGE('',*,*,#563,.F.);
#563 = EDGE_CURVE('',#512,#549,#564,.T.);
#564 = SURFACE_CURVE('',#565,(#569),.PCURVE_S1.);
#565 = LINE('',#566,#567);
#566 = CARTESIAN_POINT('',(108.12265380851,106.95,-30.5));
#567 = VECTOR('',#568,1.);
#568 = DIRECTION('',(0.,1.,0.));
#569 = PCURVE('',#522,#570);
#570 = DEFINITIONAL_REPRESENTATION('',(#571),#574);
#571 = B_SPLINE_CURVE_WITH_KNOTS('',1,(#572,#573),.UNSPECIFIED.,.F.,.F.,
  (2,2),(-6.000000070117E-07,4.2000006),.PIECEWISE_BEZIER_KNOTS.);
#572 = CARTESIAN_POINT('',(27.522653808515,-86.9500006));
#573 = CARTESIAN_POINT('',(27.522653808515,-82.7499994));
#574 = ( GEOMETRIC_REPRESENTATION_CONTEXT(2) 
PARAMETRIC_REPRESENTATION_CONTEXT() REPRESENTATION_CONTEXT('2D SPACE',''
  ) );
#575 = SHELL_BASED_SURFACE_MODEL('',(#576));
#576 = OPEN_SHELL('',(#577));
#577 = ADVANCED_FACE('',(#578),#592,.T.);
#578 = FACE_BOUND('',#579,.T.);
#579 = EDGE_LOOP('',(#580,#602,#617,#632));
#580 = ORIENTED_EDGE('',*,*,#581,.F.);
#581 = EDGE_CURVE('',#582,#584,#586,.T.);
#582 = VERTEX_POINT('',#583);
#583 = CARTESIAN_POINT('',(-45.32510504194,111.65,-30.5));
#584 = VERTEX_POINT('',#585);
#585 = CARTESIAN_POINT('',(-45.32510504194,115.85,-30.5));
#586 = SURFACE_CURVE('',#587,(#591),.PCURVE_S1.);
#587 = LINE('',#588,#589);
#588 = CARTESIAN_POINT('',(-45.32510504194,111.65,-30.5));
#589 = VECTOR('',#590,1.);
#590 = DIRECTION('',(0.,1.,0.));
#591 = PCURVE('',#592,#597);
#592 = PLANE('',#593);
#593 = AXIS2_PLACEMENT_3D('',#594,#595,#596);
#594 = CARTESIAN_POINT('',(80.6,193.9,-30.5));
#595 = DIRECTION('',(0.,0.,1.));
#596 = DIRECTION('',(1.,0.,-0.));
#597 = DEFINITIONAL_REPRESENTATION('',(#598),#601);
#598 = B_SPLINE_CURVE_WITH_KNOTS('',1,(#599,#600),.UNSPECIFIED.,.F.,.F.,
  (2,2),(-6.000000070117E-07,4.2000006),.PIECEWISE_BEZIER_KNOTS.);
#599 = CARTESIAN_POINT('',(-125.9251050419,-82.2500006));
#600 = CARTESIAN_POINT('',(-125.9251050419,-78.0499994));
#601 = ( GEOMETRIC_REPRESENTATION_CONTEXT(2) 
PARAMETRIC_REPRESENTATION_CONTEXT() REPRESENTATION_CONTEXT('2D SPACE',''
  ) );
#602 = ORIENTED_EDGE('',*,*,#603,.T.);
#603 = EDGE_CURVE('',#582,#604,#606,.T.);
#604 = VERTEX_POINT('',#605);
#605 = CARTESIAN_POINT('',(-38.12265380851,111.65,-30.5));
#606 = SURFACE_CURVE('',#607,(#611),.PCURVE_S1.);
#607 = LINE('',#608,#609);
#608 = CARTESIAN_POINT('',(57.8,111.65,-30.5));
#609 = VECTOR('',#610,1.);
#610 = DIRECTION('',(1.,0.,0.));
#611 = PCURVE('',#592,#612);
#612 = DEFINITIONAL_REPRESENTATION('',(#613),#616);
#613 = B_SPLINE_CURVE_WITH_KNOTS('',1,(#614,#615),.UNSPECIFIED.,.F.,.F.,
  (2,2),(-103.15,57.55),.PIECEWISE_BEZIER_KNOTS.);
#614 = CARTESIAN_POINT('',(-125.95,-82.25));
#615 = CARTESIAN_POINT('',(34.75,-82.25));
#616 = ( GEOMETRIC_REPRESENTATION_CONTEXT(2) 
PARAMETRIC_REPRESENTATION_CONTEXT() REPRESENTATION_CONTEXT('2D SPACE',''
  ) );
#617 = ORIENTED_EDGE('',*,*,#618,.T.);
#618 = EDGE_CURVE('',#604,#619,#621,.T.);
#619 = VERTEX_POINT('',#620);
#620 = CARTESIAN_POINT('',(-38.12265380851,115.85,-30.5));
#621 = SURFACE_CURVE('',#622,(#626),.PCURVE_S1.);
#622 = LINE('',#623,#624);
#623 = CARTESIAN_POINT('',(-38.12265380851,111.65,-30.5));
#624 = VECTOR('',#625,1.);
#625 = DIRECTION('',(0.,1.,0.));
#626 = PCURVE('',#592,#627);
#627 = DEFINITIONAL_REPRESENTATION('',(#628),#631);
#628 = B_SPLINE_CURVE_WITH_KNOTS('',1,(#629,#630),.UNSPECIFIED.,.F.,.F.,
  (2,2),(-6.000000070117E-07,4.2000006),.PIECEWISE_BEZIER_KNOTS.);
#629 = CARTESIAN_POINT('',(-118.7226538085,-82.2500006));
#630 = CARTESIAN_POINT('',(-118.7226538085,-78.0499994));
#631 = ( GEOMETRIC_REPRESENTATION_CONTEXT(2) 
PARAMETRIC_REPRESENTATION_CONTEXT() REPRESENTATION_CONTEXT('2D SPACE',''
  ) );
#632 = ORIENTED_EDGE('',*,*,#633,.F.);
#633 = EDGE_CURVE('',#584,#619,#634,.T.);
#634 = SURFACE_CURVE('',#635,(#639),.PCURVE_S1.);
#635 = LINE('',#636,#637);
#636 = CARTESIAN_POINT('',(57.8,115.85,-30.5));
#637 = VECTOR('',#638,1.);
#638 = DIRECTION('',(1.,0.,0.));
#639 = PCURVE('',#592,#640);
#640 = DEFINITIONAL_REPRESENTATION('',(#641),#644);
#641 = B_SPLINE_CURVE_WITH_KNOTS('',1,(#642,#643),.UNSPECIFIED.,.F.,.F.,
  (2,2),(-103.15,57.55),.PIECEWISE_BEZIER_KNOTS.);
#642 = CARTESIAN_POINT('',(-125.95,-78.05));
#643 = CARTESIAN_POINT('',(34.75,-78.05));
#644 = ( GEOMETRIC_REPRESENTATION_CONTEXT(2) 
PARAMETRIC_REPRESENTATION_CONTEXT() REPRESENTATION_CONTEXT('2D SPACE',''
  ) );
#645 = SHELL_BASED_SURFACE_MODEL('',(#646));
#646 = OPEN_SHELL('',(#647));
#647 = ADVANCED_FACE('',(#648),#662,.T.);
#648 = FACE_BOUND('',#649,.T.);
#649 = EDGE_LOOP('',(#650,#672,#687,#702));
#650 = ORIENTED_EDGE('',*,*,#651,.T.);
#651 = EDGE_CURVE('',#652,#654,#656,.T.);
#652 = VERTEX_POINT('',#653);
#653 = CARTESIAN_POINT('',(108.12265380851,111.65,-30.5));
#654 = VERTEX_POINT('',#655);
#655 = CARTESIAN_POINT('',(115.32510504194,111.65,-30.5));
#656 = SURFACE_CURVE('',#657,(#661),.PCURVE_S1.);
#657 = LINE('',#658,#659);
#658 = CARTESIAN_POINT('',(57.8,111.65,-30.5));
#659 = VECTOR('',#660,1.);
#660 = DIRECTION('',(1.,0.,0.));
#661 = PCURVE('',#662,#667);
#662 = PLANE('',#663);
#663 = AXIS2_PLACEMENT_3D('',#664,#665,#666);
#664 = CARTESIAN_POINT('',(80.6,193.9,-30.5));
#665 = DIRECTION('',(0.,0.,1.));
#666 = DIRECTION('',(1.,0.,-0.));
#667 = DEFINITIONAL_REPRESENTATION('',(#668),#671);
#668 = B_SPLINE_CURVE_WITH_KNOTS('',1,(#669,#670),.UNSPECIFIED.,.F.,.F.,
  (2,2),(-103.15,57.55),.PIECEWISE_BEZIER_KNOTS.);
#669 = CARTESIAN_POINT('',(-125.95,-82.25));
#670 = CARTESIAN_POINT('',(34.75,-82.25));
#671 = ( GEOMETRIC_REPRESENTATION_CONTEXT(2) 
PARAMETRIC_REPRESENTATION_CONTEXT() REPRESENTATION_CONTEXT('2D SPACE',''
  ) );
#672 = ORIENTED_EDGE('',*,*,#673,.T.);
#673 = EDGE_CURVE('',#654,#674,#676,.T.);
#674 = VERTEX_POINT('',#675);
#675 = CARTESIAN_POINT('',(115.32510504194,115.85,-30.5));
#676 = SURFACE_CURVE('',#677,(#681),.PCURVE_S1.);
#677 = LINE('',#678,#679);
#678 = CARTESIAN_POINT('',(115.32510504194,111.65,-30.5));
#679 = VECTOR('',#680,1.);
#680 = DIRECTION('',(0.,1.,0.));
#681 = PCURVE('',#662,#682);
#682 = DEFINITIONAL_REPRESENTATION('',(#683),#686);
#683 = B_SPLINE_CURVE_WITH_KNOTS('',1,(#684,#685),.UNSPECIFIED.,.F.,.F.,
  (2,2),(-6.000000070117E-07,4.2000006),.PIECEWISE_BEZIER_KNOTS.);
#684 = CARTESIAN_POINT('',(34.725105041948,-82.2500006));
#685 = CARTESIAN_POINT('',(34.725105041948,-78.0499994));
#686 = ( GEOMETRIC_REPRESENTATION_CONTEXT(2) 
PARAMETRIC_REPRESENTATION_CONTEXT() REPRESENTATION_CONTEXT('2D SPACE',''
  ) );
#687 = ORIENTED_EDGE('',*,*,#688,.F.);
#688 = EDGE_CURVE('',#689,#674,#691,.T.);
#689 = VERTEX_POINT('',#690);
#690 = CARTESIAN_POINT('',(108.12265380851,115.85,-30.5));
#691 = SURFACE_CURVE('',#692,(#696),.PCURVE_S1.);
#692 = LINE('',#693,#694);
#693 = CARTESIAN_POINT('',(57.8,115.85,-30.5));
#694 = VECTOR('',#695,1.);
#695 = DIRECTION('',(1.,0.,0.));
#696 = PCURVE('',#662,#697);
#697 = DEFINITIONAL_REPRESENTATION('',(#698),#701);
#698 = B_SPLINE_CURVE_WITH_KNOTS('',1,(#699,#700),.UNSPECIFIED.,.F.,.F.,
  (2,2),(-103.15,57.55),.PIECEWISE_BEZIER_KNOTS.);
#699 = CARTESIAN_POINT('',(-125.95,-78.05));
#700 = CARTESIAN_POINT('',(34.75,-78.05));
#701 = ( GEOMETRIC_REPRESENTATION_CONTEXT(2) 
PARAMETRIC_REPRESENTATION_CONTEXT() REPRESENTATION_CONTEXT('2D SPACE',''
  ) );
#702 = ORIENTED_EDGE('',*,*,#703,.F.);
#703 = EDGE_CURVE('',#652,#689,#704,.T.);
#704 = SURFACE_CURVE('',#705,(#709),.PCURVE_S1.);
#705 = LINE('',#706,#707);
#706 = CARTESIAN_POINT('',(108.12265380851,111.65,-30.5));
#707 = VECTOR('',#708,1.);
#708 = DIRECTION('',(0.,1.,0.));
#709 = PCURVE('',#662,#710);
#710 = DEFINITIONAL_REPRESENTATION('',(#711),#714);
#711 = B_SPLINE_CURVE_WITH_KNOTS('',1,(#712,#713),.UNSPECIFIED.,.F.,.F.,
  (2,2),(-6.000000070117E-07,4.2000006),.PIECEWISE_BEZIER_KNOTS.);
#712 = CARTESIAN_POINT('',(27.522653808515,-82.2500006));
#713 = CARTESIAN_POINT('',(27.522653808515,-78.0499994));
#714 = ( GEOMETRIC_REPRESENTATION_CONTEXT(2) 
PARAMETRIC_REPRESENTATION_CONTEXT() REPRESENTATION_CONTEXT('2D SPACE',''
  ) );
#715 = SHELL_BASED_SURFACE_MODEL('',(#716));
#716 = OPEN_SHELL('',(#717));
#717 = ADVANCED_FACE('',(#718),#732,.T.);
#718 = FACE_BOUND('',#719,.T.);
#719 = EDGE_LOOP('',(#720,#742,#757,#772));
#720 = ORIENTED_EDGE('',*,*,#721,.F.);
#721 = EDGE_CURVE('',#722,#724,#726,.T.);
#722 = VERTEX_POINT('',#723);
#723 = CARTESIAN_POINT('',(-45.32510504194,116.35,-30.5));
#724 = VERTEX_POINT('',#725);
#725 = CARTESIAN_POINT('',(-45.32510504194,120.55,-30.5));
#726 = SURFACE_CURVE('',#727,(#731),.PCURVE_S1.);
#727 = LINE('',#728,#729);
#728 = CARTESIAN_POINT('',(-45.32510504194,116.35,-30.5));
#729 = VECTOR('',#730,1.);
#730 = DIRECTION('',(0.,1.,0.));
#731 = PCURVE('',#732,#737);
#732 = PLANE('',#733);
#733 = AXIS2_PLACEMENT_3D('',#734,#735,#736);
#734 = CARTESIAN_POINT('',(80.6,193.9,-30.5));
#735 = DIRECTION('',(0.,0.,1.));
#736 = DIRECTION('',(1.,0.,-0.));
#737 = DEFINITIONAL_REPRESENTATION('',(#738),#741);
#738 = B_SPLINE_CURVE_WITH_KNOTS('',1,(#739,#740),.UNSPECIFIED.,.F.,.F.,
  (2,2),(-6.000000070117E-07,4.2000006),.PIECEWISE_BEZIER_KNOTS.);
#739 = CARTESIAN_POINT('',(-125.9251050419,-77.5500006));
#740 = CARTESIAN_POINT('',(-125.9251050419,-73.3499994));
#741 = ( GEOMETRIC_REPRESENTATION_CONTEXT(2) 
PARAMETRIC_REPRESENTATION_CONTEXT() REPRESENTATION_CONTEXT('2D SPACE',''
  ) );
#742 = ORIENTED_EDGE('',*,*,#743,.T.);
#743 = EDGE_CURVE('',#722,#744,#746,.T.);
#744 = VERTEX_POINT('',#745);
#745 = CARTESIAN_POINT('',(-38.12265380851,116.35,-30.5));
#746 = SURFACE_CURVE('',#747,(#751),.PCURVE_S1.);
#747 = LINE('',#748,#749);
#748 = CARTESIAN_POINT('',(57.8,116.35,-30.5));
#749 = VECTOR('',#750,1.);
#750 = DIRECTION('',(1.,0.,0.));
#751 = PCURVE('',#732,#752);
#752 = DEFINITIONAL_REPRESENTATION('',(#753),#756);
#753 = B_SPLINE_CURVE_WITH_KNOTS('',1,(#754,#755),.UNSPECIFIED.,.F.,.F.,
  (2,2),(-103.15,57.55),.PIECEWISE_BEZIER_KNOTS.);
#754 = CARTESIAN_POINT('',(-125.95,-77.55));
#755 = CARTESIAN_POINT('',(34.75,-77.55));
#756 = ( GEOMETRIC_REPRESENTATION_CONTEXT(2) 
PARAMETRIC_REPRESENTATION_CONTEXT() REPRESENTATION_CONTEXT('2D SPACE',''
  ) );
#757 = ORIENTED_EDGE('',*,*,#758,.T.);
#758 = EDGE_CURVE('',#744,#759,#761,.T.);
#759 = VERTEX_POINT('',#760);
#760 = CARTESIAN_POINT('',(-38.12265380851,120.55,-30.5));
#761 = SURFACE_CURVE('',#762,(#766),.PCURVE_S1.);
#762 = LINE('',#763,#764);
#763 = CARTESIAN_POINT('',(-38.12265380851,116.35,-30.5));
#764 = VECTOR('',#765,1.);
#765 = DIRECTION('',(0.,1.,0.));
#766 = PCURVE('',#732,#767);
#767 = DEFINITIONAL_REPRESENTATION('',(#768),#771);
#768 = B_SPLINE_CURVE_WITH_KNOTS('',1,(#769,#770),.UNSPECIFIED.,.F.,.F.,
  (2,2),(-6.000000070117E-07,4.2000006),.PIECEWISE_BEZIER_KNOTS.);
#769 = CARTESIAN_POINT('',(-118.7226538085,-77.5500006));
#770 = CARTESIAN_POINT('',(-118.7226538085,-73.3499994));
#771 = ( GEOMETRIC_REPRESENTATION_CONTEXT(2) 
PARAMETRIC_REPRESENTATION_CONTEXT() REPRESENTATION_CONTEXT('2D SPACE',''
  ) );
#772 = ORIENTED_EDGE('',*,*,#773,.F.);
#773 = EDGE_CURVE('',#724,#759,#774,.T.);
#774 = SURFACE_CURVE('',#775,(#779),.PCURVE_S1.);
#775 = LINE('',#776,#777);
#776 = CARTESIAN_POINT('',(57.8,120.55,-30.5));
#777 = VECTOR('',#778,1.);
#778 = DIRECTION('',(1.,0.,0.));
#779 = PCURVE('',#732,#780);
#780 = DEFINITIONAL_REPRESENTATION('',(#781),#784);
#781 = B_SPLINE_CURVE_WITH_KNOTS('',1,(#782,#783),.UNSPECIFIED.,.F.,.F.,
  (2,2),(-103.15,57.55),.PIECEWISE_BEZIER_KNOTS.);
#782 = CARTESIAN_POINT('',(-125.95,-73.35));
#783 = CARTESIAN_POINT('',(34.75,-73.35));
#784 = ( GEOMETRIC_REPRESENTATION_CONTEXT(2) 
PARAMETRIC_REPRESENTATION_CONTEXT() REPRESENTATION_CONTEXT('2D SPACE',''
  ) );
#785 = SHELL_BASED_SURFACE_MODEL('',(#786));
#786 = OPEN_SHELL('',(#787));
#787 = ADVANCED_FACE('',(#788),#802,.T.);
#788 = FACE_BOUND('',#789,.T.);
#789 = EDGE_LOOP('',(#790,#812,#827,#842));
#790 = ORIENTED_EDGE('',*,*,#791,.T.);
#791 = EDGE_CURVE('',#792,#794,#796,.T.);
#792 = VERTEX_POINT('',#793);
#793 = CARTESIAN_POINT('',(108.12265380851,116.35,-30.5));
#794 = VERTEX_POINT('',#795);
#795 = CARTESIAN_POINT('',(115.32510504194,116.35,-30.5));
#796 = SURFACE_CURVE('',#797,(#801),.PCURVE_S1.);
#797 = LINE('',#798,#799);
#798 = CARTESIAN_POINT('',(57.8,116.35,-30.5));
#799 = VECTOR('',#800,1.);
#800 = DIRECTION('',(1.,0.,0.));
#801 = PCURVE('',#802,#807);
#802 = PLANE('',#803);
#803 = AXIS2_PLACEMENT_3D('',#804,#805,#806);
#804 = CARTESIAN_POINT('',(80.6,193.9,-30.5));
#805 = DIRECTION('',(0.,0.,1.));
#806 = DIRECTION('',(1.,0.,-0.));
#807 = DEFINITIONAL_REPRESENTATION('',(#808),#811);
#808 = B_SPLINE_CURVE_WITH_KNOTS('',1,(#809,#810),.UNSPECIFIED.,.F.,.F.,
  (2,2),(-103.15,57.55),.PIECEWISE_BEZIER_KNOTS.);
#809 = CARTESIAN_POINT('',(-125.95,-77.55));
#810 = CARTESIAN_POINT('',(34.75,-77.55));
#811 = ( GEOMETRIC_REPRESENTATION_CONTEXT(2) 
PARAMETRIC_REPRESENTATION_CONTEXT() REPRESENTATION_CONTEXT('2D SPACE',''
  ) );
#812 = ORIENTED_EDGE('',*,*,#813,.T.);
#813 = EDGE_CURVE('',#794,#814,#816,.T.);
#814 = VERTEX_POINT('',#815);
#815 = CARTESIAN_POINT('',(115.32510504194,120.55,-30.5));
#816 = SURFACE_CURVE('',#817,(#821),.PCURVE_S1.);
#817 = LINE('',#818,#819);
#818 = CARTESIAN_POINT('',(115.32510504194,116.35,-30.5));
#819 = VECTOR('',#820,1.);
#820 = DIRECTION('',(0.,1.,0.));
#821 = PCURVE('',#802,#822);
#822 = DEFINITIONAL_REPRESENTATION('',(#823),#826);
#823 = B_SPLINE_CURVE_WITH_KNOTS('',1,(#824,#825),.UNSPECIFIED.,.F.,.F.,
  (2,2),(-6.000000070117E-07,4.2000006),.PIECEWISE_BEZIER_KNOTS.);
#824 = CARTESIAN_POINT('',(34.725105041948,-77.5500006));
#825 = CARTESIAN_POINT('',(34.725105041948,-73.3499994));
#826 = ( GEOMETRIC_REPRESENTATION_CONTEXT(2) 
PARAMETRIC_REPRESENTATION_CONTEXT() REPRESENTATION_CONTEXT('2D SPACE',''
  ) );
#827 = ORIENTED_EDGE('',*,*,#828,.F.);
#828 = EDGE_CURVE('',#829,#814,#831,.T.);
#829 = VERTEX_POINT('',#830);
#830 = CARTESIAN_POINT('',(108.12265380851,120.55,-30.5));
#831 = SURFACE_CURVE('',#832,(#836),.PCURVE_S1.);
#832 = LINE('',#833,#834);
#833 = CARTESIAN_POINT('',(57.8,120.55,-30.5));
#834 = VECTOR('',#835,1.);
#835 = DIRECTION('',(1.,0.,0.));
#836 = PCURVE('',#802,#837);
#837 = DEFINITIONAL_REPRESENTATION('',(#838),#841);
#838 = B_SPLINE_CURVE_WITH_KNOTS('',1,(#839,#840),.UNSPECIFIED.,.F.,.F.,
  (2,2),(-103.15,57.55),.PIECEWISE_BEZIER_KNOTS.);
#839 = CARTESIAN_POINT('',(-125.95,-73.35));
#840 = CARTESIAN_POINT('',(34.75,-73.35));
#841 = ( GEOMETRIC_REPRESENTATION_CONTEXT(2) 
PARAMETRIC_REPRESENTATION_CONTEXT() REPRESENTATION_CONTEXT('2D SPACE',''
  ) );
#842 = ORIENTED_EDGE('',*,*,#843,.F.);
#843 = EDGE_CURVE('',#792,#829,#844,.T.);
#844 = SURFACE_CURVE('',#845,(#849),.PCURVE_S1.);
#845 = LINE('',#846,#847);
#846 = CARTESIAN_POINT('',(108.12265380851,116.35,-30.5));
#847 = VECTOR('',#848,1.);
#848 = DIRECTION('',(0.,1.,0.));
#849 = PCURVE('',#802,#850);
#850 = DEFINITIONAL_REPRESENTATION('',(#851),#854);
#851 = B_SPLINE_CURVE_WITH_KNOTS('',1,(#852,#853),.UNSPECIFIED.,.F.,.F.,
  (2,2),(-6.000000070117E-07,4.2000006),.PIECEWISE_BEZIER_KNOTS.);
#852 = CARTESIAN_POINT('',(27.522653808515,-77.5500006));
#853 = CARTESIAN_POINT('',(27.522653808515,-73.3499994));
#854 = ( GEOMETRIC_REPRESENTATION_CONTEXT(2) 
PARAMETRIC_REPRESENTATION_CONTEXT() REPRESENTATION_CONTEXT('2D SPACE',''
  ) );
#855 = SHELL_BASED_SURFACE_MODEL('',(#856));
#856 = OPEN_SHELL('',(#857));
#857 = ADVANCED_FACE('',(#858),#872,.T.);
#858 = FACE_BOUND('',#859,.T.);
#859 = EDGE_LOOP('',(#860,#882,#897,#912));
#860 = ORIENTED_EDGE('',*,*,#861,.F.);
#861 = EDGE_CURVE('',#862,#864,#866,.T.);
#862 = VERTEX_POINT('',#863);
#863 = CARTESIAN_POINT('',(-45.32510504194,121.05,-30.5));
#864 = VERTEX_POINT('',#865);
#865 = CARTESIAN_POINT('',(-45.32510504194,125.25,-30.5));
#866 = SURFACE_CURVE('',#867,(#871),.PCURVE_S1.);
#867 = LINE('',#868,#869);
#868 = CARTESIAN_POINT('',(-45.32510504194,121.05,-30.5));
#869 = VECTOR('',#870,1.);
#870 = DIRECTION('',(0.,1.,0.));
#871 = PCURVE('',#872,#877);
#872 = PLANE('',#873);
#873 = AXIS2_PLACEMENT_3D('',#874,#875,#876);
#874 = CARTESIAN_POINT('',(80.6,193.9,-30.5));
#875 = DIRECTION('',(0.,0.,1.));
#876 = DIRECTION('',(1.,0.,-0.));
#877 = DEFINITIONAL_REPRESENTATION('',(#878),#881);
#878 = B_SPLINE_CURVE_WITH_KNOTS('',1,(#879,#880),.UNSPECIFIED.,.F.,.F.,
  (2,2),(-6.000000070117E-07,4.2000006),.PIECEWISE_BEZIER_KNOTS.);
#879 = CARTESIAN_POINT('',(-125.9251050419,-72.8500006));
#880 = CARTESIAN_POINT('',(-125.9251050419,-68.6499994));
#881 = ( GEOMETRIC_REPRESENTATION_CONTEXT(2) 
PARAMETRIC_REPRESENTATION_CONTEXT() REPRESENTATION_CONTEXT('2D SPACE',''
  ) );
#882 = ORIENTED_EDGE('',*,*,#883,.T.);
#883 = EDGE_CURVE('',#862,#884,#886,.T.);
#884 = VERTEX_POINT('',#885);
#885 = CARTESIAN_POINT('',(-38.12265380851,121.05,-30.5));
#886 = SURFACE_CURVE('',#887,(#891),.PCURVE_S1.);
#887 = LINE('',#888,#889);
#888 = CARTESIAN_POINT('',(57.8,121.05,-30.5));
#889 = VECTOR('',#890,1.);
#890 = DIRECTION('',(1.,0.,0.));
#891 = PCURVE('',#872,#892);
#892 = DEFINITIONAL_REPRESENTATION('',(#893),#896);
#893 = B_SPLINE_CURVE_WITH_KNOTS('',1,(#894,#895),.UNSPECIFIED.,.F.,.F.,
  (2,2),(-103.15,57.55),.PIECEWISE_BEZIER_KNOTS.);
#894 = CARTESIAN_POINT('',(-125.95,-72.85));
#895 = CARTESIAN_POINT('',(34.75,-72.85));
#896 = ( GEOMETRIC_REPRESENTATION_CONTEXT(2) 
PARAMETRIC_REPRESENTATION_CONTEXT() REPRESENTATION_CONTEXT('2D SPACE',''
  ) );
#897 = ORIENTED_EDGE('',*,*,#898,.T.);
#898 = EDGE_CURVE('',#884,#899,#901,.T.);
#899 = VERTEX_POINT('',#900);
#900 = CARTESIAN_POINT('',(-38.12265380851,125.25,-30.5));
#901 = SURFACE_CURVE('',#902,(#906),.PCURVE_S1.);
#902 = LINE('',#903,#904);
#903 = CARTESIAN_POINT('',(-38.12265380851,121.05,-30.5));
#904 = VECTOR('',#905,1.);
#905 = DIRECTION('',(0.,1.,0.));
#906 = PCURVE('',#872,#907);
#907 = DEFINITIONAL_REPRESENTATION('',(#908),#911);
#908 = B_SPLINE_CURVE_WITH_KNOTS('',1,(#909,#910),.UNSPECIFIED.,.F.,.F.,
  (2,2),(-6.000000070117E-07,4.2000006),.PIECEWISE_BEZIER_KNOTS.);
#909 = CARTESIAN_POINT('',(-118.7226538085,-72.8500006));
#910 = CARTESIAN_POINT('',(-118.7226538085,-68.6499994));
#911 = ( GEOMETRIC_REPRESENTATION_CONTEXT(2) 
PARAMETRIC_REPRESENTATION_CONTEXT() REPRESENTATION_CONTEXT('2D SPACE',''
  ) );
#912 = ORIENTED_EDGE('',*,*,#913,.F.);
#913 = EDGE_CURVE('',#864,#899,#914,.T.);
#914 = SURFACE_CURVE('',#915,(#919),.PCURVE_S1.);
#915 = LINE('',#916,#917);
#916 = CARTESIAN_POINT('',(57.8,125.25,-30.5));
#917 = VECTOR('',#918,1.);
#918 = DIRECTION('',(1.,0.,0.));
#919 = PCURVE('',#872,#920);
#920 = DEFINITIONAL_REPRESENTATION('',(#921),#924);
#921 = B_SPLINE_CURVE_WITH_KNOTS('',1,(#922,#923),.UNSPECIFIED.,.F.,.F.,
  (2,2),(-103.15,57.55),.PIECEWISE_BEZIER_KNOTS.);
#922 = CARTESIAN_POINT('',(-125.95,-68.65));
#923 = CARTESIAN_POINT('',(34.75,-68.65));
#924 = ( GEOMETRIC_REPRESENTATION_CONTEXT(2) 
PARAMETRIC_REPRESENTATION_CONTEXT() REPRESENTATION_CONTEXT('2D SPACE',''
  ) );
#925 = SHELL_BASED_SURFACE_MODEL('',(#926));
#926 = OPEN_SHELL('',(#927));
#927 = ADVANCED_FACE('',(#928),#942,.T.);
#928 = FACE_BOUND('',#929,.T.);
#929 = EDGE_LOOP('',(#930,#952,#967,#982));
#930 = ORIENTED_EDGE('',*,*,#931,.T.);
#931 = EDGE_CURVE('',#932,#934,#936,.T.);
#932 = VERTEX_POINT('',#933);
#933 = CARTESIAN_POINT('',(108.12265380851,121.05,-30.5));
#934 = VERTEX_POINT('',#935);
#935 = CARTESIAN_POINT('',(115.32510504194,121.05,-30.5));
#936 = SURFACE_CURVE('',#937,(#941),.PCURVE_S1.);
#937 = LINE('',#938,#939);
#938 = CARTESIAN_POINT('',(57.8,121.05,-30.5));
#939 = VECTOR('',#940,1.);
#940 = DIRECTION('',(1.,0.,0.));
#941 = PCURVE('',#942,#947);
#942 = PLANE('',#943);
#943 = AXIS2_PLACEMENT_3D('',#944,#945,#946);
#944 = CARTESIAN_POINT('',(80.6,193.9,-30.5));
#945 = DIRECTION('',(0.,0.,1.));
#946 = DIRECTION('',(1.,0.,-0.));
#947 = DEFINITIONAL_REPRESENTATION('',(#948),#951);
#948 = B_SPLINE_CURVE_WITH_KNOTS('',1,(#949,#950),.UNSPECIFIED.,.F.,.F.,
  (2,2),(-103.15,57.55),.PIECEWISE_BEZIER_KNOTS.);
#949 = CARTESIAN_POINT('',(-125.95,-72.85));
#950 = CARTESIAN_POINT('',(34.75,-72.85));
#951 = ( GEOMETRIC_REPRESENTATION_CONTEXT(2) 
PARAMETRIC_REPRESENTATION_CONTEXT() REPRESENTATION_CONTEXT('2D SPACE',''
  ) );
#952 = ORIENTED_EDGE('',*,*,#953,.T.);
#953 = EDGE_CURVE('',#934,#954,#956,.T.);
#954 = VERTEX_POINT('',#955);
#955 = CARTESIAN_POINT('',(115.32510504194,125.25,-30.5));
#956 = SURFACE_CURVE('',#957,(#961),.PCURVE_S1.);
#957 = LINE('',#958,#959);
#958 = CARTESIAN_POINT('',(115.32510504194,121.05,-30.5));
#959 = VECTOR('',#960,1.);
#960 = DIRECTION('',(0.,1.,0.));
#961 = PCURVE('',#942,#962);
#962 = DEFINITIONAL_REPRESENTATION('',(#963),#966);
#963 = B_SPLINE_CURVE_WITH_KNOTS('',1,(#964,#965),.UNSPECIFIED.,.F.,.F.,
  (2,2),(-6.000000070117E-07,4.2000006),.PIECEWISE_BEZIER_KNOTS.);
#964 = CARTESIAN_POINT('',(34.725105041948,-72.8500006));
#965 = CARTESIAN_POINT('',(34.725105041948,-68.6499994));
#966 = ( GEOMETRIC_REPRESENTATION_CONTEXT(2) 
PARAMETRIC_REPRESENTATION_CONTEXT() REPRESENTATION_CONTEXT('2D SPACE',''
  ) );
#967 = ORIENTED_EDGE('',*,*,#968,.F.);
#968 = EDGE_CURVE('',#969,#954,#971,.T.);
#969 = VERTEX_POINT('',#970);
#970 = CARTESIAN_POINT('',(108.12265380851,125.25,-30.5));
#971 = SURFACE_CURVE('',#972,(#976),.PCURVE_S1.);
#972 = LINE('',#973,#974);
#973 = CARTESIAN_POINT('',(57.8,125.25,-30.5));
#974 = VECTOR('',#975,1.);
#975 = DIRECTION('',(1.,0.,0.));
#976 = PCURVE('',#942,#977);
#977 = DEFINITIONAL_REPRESENTATION('',(#978),#981);
#978 = B_SPLINE_CURVE_WITH_KNOTS('',1,(#979,#980),.UNSPECIFIED.,.F.,.F.,
  (2,2),(-103.15,57.55),.PIECEWISE_BEZIER_KNOTS.);
#979 = CARTESIAN_POINT('',(-125.95,-68.65));
#980 = CARTESIAN_POINT('',(34.75,-68.65));
#981 = ( GEOMETRIC_REPRESENTATION_CONTEXT(2) 
PARAMETRIC_REPRESENTATION_CONTEXT() REPRESENTATION_CONTEXT('2D SPACE',''
  ) );
#982 = ORIENTED_EDGE('',*,*,#983,.F.);
#983 = EDGE_CURVE('',#932,#969,#984,.T.);
#984 = SURFACE_CURVE('',#985,(#989),.PCURVE_S1.);
#985 = LINE('',#986,#987);
#986 = CARTESIAN_POINT('',(108.12265380851,121.05,-30.5));
#987 = VECTOR('',#988,1.);
#988 = DIRECTION('',(0.,1.,0.));
#989 = PCURVE('',#942,#990);
#990 = DEFINITIONAL_REPRESENTATION('',(#991),#994);
#991 = B_SPLINE_CURVE_WITH_KNOTS('',1,(#992,#993),.UNSPECIFIED.,.F.,.F.,
  (2,2),(-6.000000070117E-07,4.2000006),.PIECEWISE_BEZIER_KNOTS.);
#992 = CARTESIAN_POINT('',(27.522653808515,-72.8500006));
#993 = CARTESIAN_POINT('',(27.522653808515,-68.6499994));
#994 = ( GEOMETRIC_REPRESENTATION_CONTEXT(2) 
PARAMETRIC_REPRESENTATION_CONTEXT() REPRESENTATION_CONTEXT('2D SPACE',''
  ) );
#995 = SHELL_BASED_SURFACE_MODEL('',(#996));
#996 = OPEN_SHELL('',(#997));
#997 = ADVANCED_FACE('',(#998),#1012,.T.);
#998 = FACE_BOUND('',#999,.T.);
#999 = EDGE_LOOP('',(#1000,#1022,#1037,#1052));
#1000 = ORIENTED_EDGE('',*,*,#1001,.F.);
#1001 = EDGE_CURVE('',#1002,#1004,#1006,.T.);
#1002 = VERTEX_POINT('',#1003);
#1003 = CARTESIAN_POINT('',(-45.32510504194,125.75,-30.5));
#1004 = VERTEX_POINT('',#1005);
#1005 = CARTESIAN_POINT('',(-45.32510504194,129.95,-30.5));
#1006 = SURFACE_CURVE('',#1007,(#1011),.PCURVE_S1.);
#1007 = LINE('',#1008,#1009);
#1008 = CARTESIAN_POINT('',(-45.32510504194,125.75,-30.5));
#1009 = VECTOR('',#1010,1.);
#1010 = DIRECTION('',(0.,1.,0.));
#1011 = PCURVE('',#1012,#1017);
#1012 = PLANE('',#1013);
#1013 = AXIS2_PLACEMENT_3D('',#1014,#1015,#1016);
#1014 = CARTESIAN_POINT('',(80.6,193.9,-30.5));
#1015 = DIRECTION('',(0.,0.,1.));
#1016 = DIRECTION('',(1.,0.,-0.));
#1017 = DEFINITIONAL_REPRESENTATION('',(#1018),#1021);
#1018 = B_SPLINE_CURVE_WITH_KNOTS('',1,(#1019,#1020),.UNSPECIFIED.,.F.,
  .F.,(2,2),(-6.000000070117E-07,4.2000006),.PIECEWISE_BEZIER_KNOTS.);
#1019 = CARTESIAN_POINT('',(-125.9251050419,-68.1500006));
#1020 = CARTESIAN_POINT('',(-125.9251050419,-63.9499994));
#1021 = ( GEOMETRIC_REPRESENTATION_CONTEXT(2) 
PARAMETRIC_REPRESENTATION_CONTEXT() REPRESENTATION_CONTEXT('2D SPACE',''
  ) );
#1022 = ORIENTED_EDGE('',*,*,#1023,.T.);
#1023 = EDGE_CURVE('',#1002,#1024,#1026,.T.);
#1024 = VERTEX_POINT('',#1025);
#1025 = CARTESIAN_POINT('',(-38.12265380851,125.75,-30.5));
#1026 = SURFACE_CURVE('',#1027,(#1031),.PCURVE_S1.);
#1027 = LINE('',#1028,#1029);
#1028 = CARTESIAN_POINT('',(57.8,125.75,-30.5));
#1029 = VECTOR('',#1030,1.);
#1030 = DIRECTION('',(1.,0.,0.));
#1031 = PCURVE('',#1012,#1032);
#1032 = DEFINITIONAL_REPRESENTATION('',(#1033),#1036);
#1033 = B_SPLINE_CURVE_WITH_KNOTS('',1,(#1034,#1035),.UNSPECIFIED.,.F.,
  .F.,(2,2),(-103.15,57.55),.PIECEWISE_BEZIER_KNOTS.);
#1034 = CARTESIAN_POINT('',(-125.95,-68.15));
#1035 = CARTESIAN_POINT('',(34.75,-68.15));
#1036 = ( GEOMETRIC_REPRESENTATION_CONTEXT(2) 
PARAMETRIC_REPRESENTATION_CONTEXT() REPRESENTATION_CONTEXT('2D SPACE',''
  ) );
#1037 = ORIENTED_EDGE('',*,*,#1038,.T.);
#1038 = EDGE_CURVE('',#1024,#1039,#1041,.T.);
#1039 = VERTEX_POINT('',#1040);
#1040 = CARTESIAN_POINT('',(-38.12265380851,129.95,-30.5));
#1041 = SURFACE_CURVE('',#1042,(#1046),.PCURVE_S1.);
#1042 = LINE('',#1043,#1044);
#1043 = CARTESIAN_POINT('',(-38.12265380851,125.75,-30.5));
#1044 = VECTOR('',#1045,1.);
#1045 = DIRECTION('',(0.,1.,0.));
#1046 = PCURVE('',#1012,#1047);
#1047 = DEFINITIONAL_REPRESENTATION('',(#1048),#1051);
#1048 = B_SPLINE_CURVE_WITH_KNOTS('',1,(#1049,#1050),.UNSPECIFIED.,.F.,
  .F.,(2,2),(-6.000000070117E-07,4.2000006),.PIECEWISE_BEZIER_KNOTS.);
#1049 = CARTESIAN_POINT('',(-118.7226538085,-68.1500006));
#1050 = CARTESIAN_POINT('',(-118.7226538085,-63.9499994));
#1051 = ( GEOMETRIC_REPRESENTATION_CONTEXT(2) 
PARAMETRIC_REPRESENTATION_CONTEXT() REPRESENTATION_CONTEXT('2D SPACE',''
  ) );
#1052 = ORIENTED_EDGE('',*,*,#1053,.F.);
#1053 = EDGE_CURVE('',#1004,#1039,#1054,.T.);
#1054 = SURFACE_CURVE('',#1055,(#1059),.PCURVE_S1.);
#1055 = LINE('',#1056,#1057);
#1056 = CARTESIAN_POINT('',(57.8,129.95,-30.5));
#1057 = VECTOR('',#1058,1.);
#1058 = DIRECTION('',(1.,0.,0.));
#1059 = PCURVE('',#1012,#1060);
#1060 = DEFINITIONAL_REPRESENTATION('',(#1061),#1064);
#1061 = B_SPLINE_CURVE_WITH_KNOTS('',1,(#1062,#1063),.UNSPECIFIED.,.F.,
  .F.,(2,2),(-103.15,57.55),.PIECEWISE_BEZIER_KNOTS.);
#1062 = CARTESIAN_POINT('',(-125.95,-63.95));
#1063 = CARTESIAN_POINT('',(34.75,-63.95));
#1064 = ( GEOMETRIC_REPRESENTATION_CONTEXT(2) 
PARAMETRIC_REPRESENTATION_CONTEXT() REPRESENTATION_CONTEXT('2D SPACE',''
  ) );
#1065 = SHELL_BASED_SURFACE_MODEL('',(#1066));
#1066 = OPEN_SHELL('',(#1067));
#1067 = ADVANCED_FACE('',(#1068),#1082,.T.);
#1068 = FACE_BOUND('',#1069,.T.);
#1069 = EDGE_LOOP('',(#1070,#1092,#1107,#1122));
#1070 = ORIENTED_EDGE('',*,*,#1071,.T.);
#1071 = EDGE_CURVE('',#1072,#1074,#1076,.T.);
#1072 = VERTEX_POINT('',#1073);
#1073 = CARTESIAN_POINT('',(108.12265380851,125.75,-30.5));
#1074 = VERTEX_POINT('',#1075);
#1075 = CARTESIAN_POINT('',(115.32510504194,125.75,-30.5));
#1076 = SURFACE_CURVE('',#1077,(#1081),.PCURVE_S1.);
#1077 = LINE('',#1078,#1079);
#1078 = CARTESIAN_POINT('',(57.8,125.75,-30.5));
#1079 = VECTOR('',#1080,1.);
#1080 = DIRECTION('',(1.,0.,0.));
#1081 = PCURVE('',#1082,#1087);
#1082 = PLANE('',#1083);
#1083 = AXIS2_PLACEMENT_3D('',#1084,#1085,#1086);
#1084 = CARTESIAN_POINT('',(80.6,193.9,-30.5));
#1085 = DIRECTION('',(0.,0.,1.));
#1086 = DIRECTION('',(1.,0.,-0.));
#1087 = DEFINITIONAL_REPRESENTATION('',(#1088),#1091);
#1088 = B_SPLINE_CURVE_WITH_KNOTS('',1,(#1089,#1090),.UNSPECIFIED.,.F.,
  .F.,(2,2),(-103.15,57.55),.PIECEWISE_BEZIER_KNOTS.);
#1089 = CARTESIAN_POINT('',(-125.95,-68.15));
#1090 = CARTESIAN_POINT('',(34.75,-68.15));
#1091 = ( GEOMETRIC_REPRESENTATION_CONTEXT(2) 
PARAMETRIC_REPRESENTATION_CONTEXT() REPRESENTATION_CONTEXT('2D SPACE',''
  ) );
#1092 = ORIENTED_EDGE('',*,*,#1093,.T.);
#1093 = EDGE_CURVE('',#1074,#1094,#1096,.T.);
#1094 = VERTEX_POINT('',#1095);
#1095 = CARTESIAN_POINT('',(115.32510504194,129.95,-30.5));
#1096 = SURFACE_CURVE('',#1097,(#1101),.PCURVE_S1.);
#1097 = LINE('',#1098,#1099);
#1098 = CARTESIAN_POINT('',(115.32510504194,125.75,-30.5));
#1099 = VECTOR('',#1100,1.);
#1100 = DIRECTION('',(0.,1.,0.));
#1101 = PCURVE('',#1082,#1102);
#1102 = DEFINITIONAL_REPRESENTATION('',(#1103),#1106);
#1103 = B_SPLINE_CURVE_WITH_KNOTS('',1,(#1104,#1105),.UNSPECIFIED.,.F.,
  .F.,(2,2),(-6.000000070117E-07,4.2000006),.PIECEWISE_BEZIER_KNOTS.);
#1104 = CARTESIAN_POINT('',(34.725105041948,-68.1500006));
#1105 = CARTESIAN_POINT('',(34.725105041948,-63.9499994));
#1106 = ( GEOMETRIC_REPRESENTATION_CONTEXT(2) 
PARAMETRIC_REPRESENTATION_CONTEXT() REPRESENTATION_CONTEXT('2D SPACE',''
  ) );
#1107 = ORIENTED_EDGE('',*,*,#1108,.F.);
#1108 = EDGE_CURVE('',#1109,#1094,#1111,.T.);
#1109 = VERTEX_POINT('',#1110);
#1110 = CARTESIAN_POINT('',(108.12265380851,129.95,-30.5));
#1111 = SURFACE_CURVE('',#1112,(#1116),.PCURVE_S1.);
#1112 = LINE('',#1113,#1114);
#1113 = CARTESIAN_POINT('',(57.8,129.95,-30.5));
#1114 = VECTOR('',#1115,1.);
#1115 = DIRECTION('',(1.,0.,0.));
#1116 = PCURVE('',#1082,#1117);
#1117 = DEFINITIONAL_REPRESENTATION('',(#1118),#1121);
#1118 = B_SPLINE_CURVE_WITH_KNOTS('',1,(#1119,#1120),.UNSPECIFIED.,.F.,
  .F.,(2,2),(-103.15,57.55),.PIECEWISE_BEZIER_KNOTS.);
#1119 = CARTESIAN_POINT('',(-125.95,-63.95));
#1120 = CARTESIAN_POINT('',(34.75,-63.95));
#1121 = ( GEOMETRIC_REPRESENTATION_CONTEXT(2) 
PARAMETRIC_REPRESENTATION_CONTEXT() REPRESENTATION_CONTEXT('2D SPACE',''
  ) );
#1122 = ORIENTED_EDGE('',*,*,#1123,.F.);
#1123 = EDGE_CURVE('',#1072,#1109,#1124,.T.);
#1124 = SURFACE_CURVE('',#1125,(#1129),.PCURVE_S1.);
#1125 = LINE('',#1126,#1127);
#1126 = CARTESIAN_POINT('',(108.12265380851,125.75,-30.5));
#1127 = VECTOR('',#1128,1.);
#1128 = DIRECTION('',(0.,1.,0.));
#1129 = PCURVE('',#1082,#1130);
#1130 = DEFINITIONAL_REPRESENTATION('',(#1131),#1134);
#1131 = B_SPLINE_CURVE_WITH_KNOTS('',1,(#1132,#1133),.UNSPECIFIED.,.F.,
  .F.,(2,2),(-6.000000070117E-07,4.2000006),.PIECEWISE_BEZIER_KNOTS.);
#1132 = CARTESIAN_POINT('',(27.522653808515,-68.1500006));
#1133 = CARTESIAN_POINT('',(27.522653808515,-63.9499994));
#1134 = ( GEOMETRIC_REPRESENTATION_CONTEXT(2) 
PARAMETRIC_REPRESENTATION_CONTEXT() REPRESENTATION_CONTEXT('2D SPACE',''
  ) );
#1135 = SHELL_BASED_SURFACE_MODEL('',(#1136));
#1136 = OPEN_SHELL('',(#1137));
#1137 = ADVANCED_FACE('',(#1138),#1152,.T.);
#1138 = FACE_BOUND('',#1139,.T.);
#1139 = EDGE_LOOP('',(#1140,#1162,#1177,#1192));
#1140 = ORIENTED_EDGE('',*,*,#1141,.F.);
#1141 = EDGE_CURVE('',#1142,#1144,#1146,.T.);
#1142 = VERTEX_POINT('',#1143);
#1143 = CARTESIAN_POINT('',(-45.32510504194,130.45,-30.5));
#1144 = VERTEX_POINT('',#1145);
#1145 = CARTESIAN_POINT('',(-45.32510504194,134.65,-30.5));
#1146 = SURFACE_CURVE('',#1147,(#1151),.PCURVE_S1.);
#1147 = LINE('',#1148,#1149);
#1148 = CARTESIAN_POINT('',(-45.32510504194,130.45,-30.5));
#1149 = VECTOR('',#1150,1.);
#1150 = DIRECTION('',(0.,1.,0.));
#1151 = PCURVE('',#1152,#1157);
#1152 = PLANE('',#1153);
#1153 = AXIS2_PLACEMENT_3D('',#1154,#1155,#1156);
#1154 = CARTESIAN_POINT('',(80.6,193.9,-30.5));
#1155 = DIRECTION('',(0.,0.,1.));
#1156 = DIRECTION('',(1.,0.,-0.));
#1157 = DEFINITIONAL_REPRESENTATION('',(#1158),#1161);
#1158 = B_SPLINE_CURVE_WITH_KNOTS('',1,(#1159,#1160),.UNSPECIFIED.,.F.,
  .F.,(2,2),(-5.999999928008E-07,4.2000006),.PIECEWISE_BEZIER_KNOTS.);
#1159 = CARTESIAN_POINT('',(-125.9251050419,-63.4500006));
#1160 = CARTESIAN_POINT('',(-125.9251050419,-59.2499994));
#1161 = ( GEOMETRIC_REPRESENTATION_CONTEXT(2) 
PARAMETRIC_REPRESENTATION_CONTEXT() REPRESENTATION_CONTEXT('2D SPACE',''
  ) );
#1162 = ORIENTED_EDGE('',*,*,#1163,.T.);
#1163 = EDGE_CURVE('',#1142,#1164,#1166,.T.);
#1164 = VERTEX_POINT('',#1165);
#1165 = CARTESIAN_POINT('',(-38.12265380851,130.45,-30.5));
#1166 = SURFACE_CURVE('',#1167,(#1171),.PCURVE_S1.);
#1167 = LINE('',#1168,#1169);
#1168 = CARTESIAN_POINT('',(57.8,130.45,-30.5));
#1169 = VECTOR('',#1170,1.);
#1170 = DIRECTION('',(1.,0.,0.));
#1171 = PCURVE('',#1152,#1172);
#1172 = DEFINITIONAL_REPRESENTATION('',(#1173),#1176);
#1173 = B_SPLINE_CURVE_WITH_KNOTS('',1,(#1174,#1175),.UNSPECIFIED.,.F.,
  .F.,(2,2),(-103.15,57.55),.PIECEWISE_BEZIER_KNOTS.);
#1174 = CARTESIAN_POINT('',(-125.95,-63.45));
#1175 = CARTESIAN_POINT('',(34.75,-63.45));
#1176 = ( GEOMETRIC_REPRESENTATION_CONTEXT(2) 
PARAMETRIC_REPRESENTATION_CONTEXT() REPRESENTATION_CONTEXT('2D SPACE',''
  ) );
#1177 = ORIENTED_EDGE('',*,*,#1178,.T.);
#1178 = EDGE_CURVE('',#1164,#1179,#1181,.T.);
#1179 = VERTEX_POINT('',#1180);
#1180 = CARTESIAN_POINT('',(-38.12265380851,134.65,-30.5));
#1181 = SURFACE_CURVE('',#1182,(#1186),.PCURVE_S1.);
#1182 = LINE('',#1183,#1184);
#1183 = CARTESIAN_POINT('',(-38.12265380851,130.45,-30.5));
#1184 = VECTOR('',#1185,1.);
#1185 = DIRECTION('',(0.,1.,0.));
#1186 = PCURVE('',#1152,#1187);
#1187 = DEFINITIONAL_REPRESENTATION('',(#1188),#1191);
#1188 = B_SPLINE_CURVE_WITH_KNOTS('',1,(#1189,#1190),.UNSPECIFIED.,.F.,
  .F.,(2,2),(-5.999999928008E-07,4.2000006),.PIECEWISE_BEZIER_KNOTS.);
#1189 = CARTESIAN_POINT('',(-118.7226538085,-63.4500006));
#1190 = CARTESIAN_POINT('',(-118.7226538085,-59.2499994));
#1191 = ( GEOMETRIC_REPRESENTATION_CONTEXT(2) 
PARAMETRIC_REPRESENTATION_CONTEXT() REPRESENTATION_CONTEXT('2D SPACE',''
  ) );
#1192 = ORIENTED_EDGE('',*,*,#1193,.F.);
#1193 = EDGE_CURVE('',#1144,#1179,#1194,.T.);
#1194 = SURFACE_CURVE('',#1195,(#1199),.PCURVE_S1.);
#1195 = LINE('',#1196,#1197);
#1196 = CARTESIAN_POINT('',(57.8,134.65,-30.5));
#1197 = VECTOR('',#1198,1.);
#1198 = DIRECTION('',(1.,0.,0.));
#1199 = PCURVE('',#1152,#1200);
#1200 = DEFINITIONAL_REPRESENTATION('',(#1201),#1204);
#1201 = B_SPLINE_CURVE_WITH_KNOTS('',1,(#1202,#1203),.UNSPECIFIED.,.F.,
  .F.,(2,2),(-103.15,57.55),.PIECEWISE_BEZIER_KNOTS.);
#1202 = CARTESIAN_POINT('',(-125.95,-59.25));
#1203 = CARTESIAN_POINT('',(34.75,-59.25));
#1204 = ( GEOMETRIC_REPRESENTATION_CONTEXT(2) 
PARAMETRIC_REPRESENTATION_CONTEXT() REPRESENTATION_CONTEXT('2D SPACE',''
  ) );
#1205 = SHELL_BASED_SURFACE_MODEL('',(#1206));
#1206 = OPEN_SHELL('',(#1207));
#1207 = ADVANCED_FACE('',(#1208),#1222,.T.);
#1208 = FACE_BOUND('',#1209,.T.);
#1209 = EDGE_LOOP('',(#1210,#1232,#1247,#1262));
#1210 = ORIENTED_EDGE('',*,*,#1211,.T.);
#1211 = EDGE_CURVE('',#1212,#1214,#1216,.T.);
#1212 = VERTEX_POINT('',#1213);
#1213 = CARTESIAN_POINT('',(108.12265380851,130.45,-30.5));
#1214 = VERTEX_POINT('',#1215);
#1215 = CARTESIAN_POINT('',(115.32510504194,130.45,-30.5));
#1216 = SURFACE_CURVE('',#1217,(#1221),.PCURVE_S1.);
#1217 = LINE('',#1218,#1219);
#1218 = CARTESIAN_POINT('',(57.8,130.45,-30.5));
#1219 = VECTOR('',#1220,1.);
#1220 = DIRECTION('',(1.,0.,0.));
#1221 = PCURVE('',#1222,#1227);
#1222 = PLANE('',#1223);
#1223 = AXIS2_PLACEMENT_3D('',#1224,#1225,#1226);
#1224 = CARTESIAN_POINT('',(80.6,193.9,-30.5));
#1225 = DIRECTION('',(0.,0.,1.));
#1226 = DIRECTION('',(1.,0.,-0.));
#1227 = DEFINITIONAL_REPRESENTATION('',(#1228),#1231);
#1228 = B_SPLINE_CURVE_WITH_KNOTS('',1,(#1229,#1230),.UNSPECIFIED.,.F.,
  .F.,(2,2),(-103.15,57.55),.PIECEWISE_BEZIER_KNOTS.);
#1229 = CARTESIAN_POINT('',(-125.95,-63.45));
#1230 = CARTESIAN_POINT('',(34.75,-63.45));
#1231 = ( GEOMETRIC_REPRESENTATION_CONTEXT(2) 
PARAMETRIC_REPRESENTATION_CONTEXT() REPRESENTATION_CONTEXT('2D SPACE',''
  ) );
#1232 = ORIENTED_EDGE('',*,*,#1233,.T.);
#1233 = EDGE_CURVE('',#1214,#1234,#1236,.T.);
#1234 = VERTEX_POINT('',#1235);
#1235 = CARTESIAN_POINT('',(115.32510504194,134.65,-30.5));
#1236 = SURFACE_CURVE('',#1237,(#1241),.PCURVE_S1.);
#1237 = LINE('',#1238,#1239);
#1238 = CARTESIAN_POINT('',(115.32510504194,130.45,-30.5));
#1239 = VECTOR('',#1240,1.);
#1240 = DIRECTION('',(0.,1.,0.));
#1241 = PCURVE('',#1222,#1242);
#1242 = DEFINITIONAL_REPRESENTATION('',(#1243),#1246);
#1243 = B_SPLINE_CURVE_WITH_KNOTS('',1,(#1244,#1245),.UNSPECIFIED.,.F.,
  .F.,(2,2),(-5.999999928008E-07,4.2000006),.PIECEWISE_BEZIER_KNOTS.);
#1244 = CARTESIAN_POINT('',(34.725105041948,-63.4500006));
#1245 = CARTESIAN_POINT('',(34.725105041948,-59.2499994));
#1246 = ( GEOMETRIC_REPRESENTATION_CONTEXT(2) 
PARAMETRIC_REPRESENTATION_CONTEXT() REPRESENTATION_CONTEXT('2D SPACE',''
  ) );
#1247 = ORIENTED_EDGE('',*,*,#1248,.F.);
#1248 = EDGE_CURVE('',#1249,#1234,#1251,.T.);
#1249 = VERTEX_POINT('',#1250);
#1250 = CARTESIAN_POINT('',(108.12265380851,134.65,-30.5));
#1251 = SURFACE_CURVE('',#1252,(#1256),.PCURVE_S1.);
#1252 = LINE('',#1253,#1254);
#1253 = CARTESIAN_POINT('',(57.8,134.65,-30.5));
#1254 = VECTOR('',#1255,1.);
#1255 = DIRECTION('',(1.,0.,0.));
#1256 = PCURVE('',#1222,#1257);
#1257 = DEFINITIONAL_REPRESENTATION('',(#1258),#1261);
#1258 = B_SPLINE_CURVE_WITH_KNOTS('',1,(#1259,#1260),.UNSPECIFIED.,.F.,
  .F.,(2,2),(-103.15,57.55),.PIECEWISE_BEZIER_KNOTS.);
#1259 = CARTESIAN_POINT('',(-125.95,-59.25));
#1260 = CARTESIAN_POINT('',(34.75,-59.25));
#1261 = ( GEOMETRIC_REPRESENTATION_CONTEXT(2) 
PARAMETRIC_REPRESENTATION_CONTEXT() REPRESENTATION_CONTEXT('2D SPACE',''
  ) );
#1262 = ORIENTED_EDGE('',*,*,#1263,.F.);
#1263 = EDGE_CURVE('',#1212,#1249,#1264,.T.);
#1264 = SURFACE_CURVE('',#1265,(#1269),.PCURVE_S1.);
#1265 = LINE('',#1266,#1267);
#1266 = CARTESIAN_POINT('',(108.12265380851,130.45,-30.5));
#1267 = VECTOR('',#1268,1.);
#1268 = DIRECTION('',(0.,1.,0.));
#1269 = PCURVE('',#1222,#1270);
#1270 = DEFINITIONAL_REPRESENTATION('',(#1271),#1274);
#1271 = B_SPLINE_CURVE_WITH_KNOTS('',1,(#1272,#1273),.UNSPECIFIED.,.F.,
  .F.,(2,2),(-5.999999928008E-07,4.2000006),.PIECEWISE_BEZIER_KNOTS.);
#1272 = CARTESIAN_POINT('',(27.522653808515,-63.4500006));
#1273 = CARTESIAN_POINT('',(27.522653808515,-59.2499994));
#1274 = ( GEOMETRIC_REPRESENTATION_CONTEXT(2) 
PARAMETRIC_REPRESENTATION_CONTEXT() REPRESENTATION_CONTEXT('2D SPACE',''
  ) );
#1275 = SHELL_BASED_SURFACE_MODEL('',(#1276));
#1276 = OPEN_SHELL('',(#1277));
#1277 = ADVANCED_FACE('',(#1278),#1292,.T.);
#1278 = FACE_BOUND('',#1279,.T.);
#1279 = EDGE_LOOP('',(#1280,#1302,#1317,#1332));
#1280 = ORIENTED_EDGE('',*,*,#1281,.F.);
#1281 = EDGE_CURVE('',#1282,#1284,#1286,.T.);
#1282 = VERTEX_POINT('',#1283);
#1283 = CARTESIAN_POINT('',(-45.32510504194,135.15,-30.5));
#1284 = VERTEX_POINT('',#1285);
#1285 = CARTESIAN_POINT('',(-45.32510504194,139.35,-30.5));
#1286 = SURFACE_CURVE('',#1287,(#1291),.PCURVE_S1.);
#1287 = LINE('',#1288,#1289);
#1288 = CARTESIAN_POINT('',(-45.32510504194,135.15,-30.5));
#1289 = VECTOR('',#1290,1.);
#1290 = DIRECTION('',(0.,1.,0.));
#1291 = PCURVE('',#1292,#1297);
#1292 = PLANE('',#1293);
#1293 = AXIS2_PLACEMENT_3D('',#1294,#1295,#1296);
#1294 = CARTESIAN_POINT('',(80.6,193.9,-30.5));
#1295 = DIRECTION('',(0.,0.,1.));
#1296 = DIRECTION('',(1.,0.,-0.));
#1297 = DEFINITIONAL_REPRESENTATION('',(#1298),#1301);
#1298 = B_SPLINE_CURVE_WITH_KNOTS('',1,(#1299,#1300),.UNSPECIFIED.,.F.,
  .F.,(2,2),(-5.999999928008E-07,4.2000006),.PIECEWISE_BEZIER_KNOTS.);
#1299 = CARTESIAN_POINT('',(-125.9251050419,-58.7500006));
#1300 = CARTESIAN_POINT('',(-125.9251050419,-54.5499994));
#1301 = ( GEOMETRIC_REPRESENTATION_CONTEXT(2) 
PARAMETRIC_REPRESENTATION_CONTEXT() REPRESENTATION_CONTEXT('2D SPACE',''
  ) );
#1302 = ORIENTED_EDGE('',*,*,#1303,.T.);
#1303 = EDGE_CURVE('',#1282,#1304,#1306,.T.);
#1304 = VERTEX_POINT('',#1305);
#1305 = CARTESIAN_POINT('',(-38.12265380851,135.15,-30.5));
#1306 = SURFACE_CURVE('',#1307,(#1311),.PCURVE_S1.);
#1307 = LINE('',#1308,#1309);
#1308 = CARTESIAN_POINT('',(57.8,135.15,-30.5));
#1309 = VECTOR('',#1310,1.);
#1310 = DIRECTION('',(1.,0.,0.));
#1311 = PCURVE('',#1292,#1312);
#1312 = DEFINITIONAL_REPRESENTATION('',(#1313),#1316);
#1313 = B_SPLINE_CURVE_WITH_KNOTS('',1,(#1314,#1315),.UNSPECIFIED.,.F.,
  .F.,(2,2),(-103.15,57.55),.PIECEWISE_BEZIER_KNOTS.);
#1314 = CARTESIAN_POINT('',(-125.95,-58.75));
#1315 = CARTESIAN_POINT('',(34.75,-58.75));
#1316 = ( GEOMETRIC_REPRESENTATION_CONTEXT(2) 
PARAMETRIC_REPRESENTATION_CONTEXT() REPRESENTATION_CONTEXT('2D SPACE',''
  ) );
#1317 = ORIENTED_EDGE('',*,*,#1318,.T.);
#1318 = EDGE_CURVE('',#1304,#1319,#1321,.T.);
#1319 = VERTEX_POINT('',#1320);
#1320 = CARTESIAN_POINT('',(-38.12265380851,139.35,-30.5));
#1321 = SURFACE_CURVE('',#1322,(#1326),.PCURVE_S1.);
#1322 = LINE('',#1323,#1324);
#1323 = CARTESIAN_POINT('',(-38.12265380851,135.15,-30.5));
#1324 = VECTOR('',#1325,1.);
#1325 = DIRECTION('',(0.,1.,0.));
#1326 = PCURVE('',#1292,#1327);
#1327 = DEFINITIONAL_REPRESENTATION('',(#1328),#1331);
#1328 = B_SPLINE_CURVE_WITH_KNOTS('',1,(#1329,#1330),.UNSPECIFIED.,.F.,
  .F.,(2,2),(-5.999999928008E-07,4.2000006),.PIECEWISE_BEZIER_KNOTS.);
#1329 = CARTESIAN_POINT('',(-118.7226538085,-58.7500006));
#1330 = CARTESIAN_POINT('',(-118.7226538085,-54.5499994));
#1331 = ( GEOMETRIC_REPRESENTATION_CONTEXT(2) 
PARAMETRIC_REPRESENTATION_CONTEXT() REPRESENTATION_CONTEXT('2D SPACE',''
  ) );
#1332 = ORIENTED_EDGE('',*,*,#1333,.F.);
#1333 = EDGE_CURVE('',#1284,#1319,#1334,.T.);
#1334 = SURFACE_CURVE('',#1335,(#1339),.PCURVE_S1.);
#1335 = LINE('',#1336,#1337);
#1336 = CARTESIAN_POINT('',(57.8,139.35,-30.5));
#1337 = VECTOR('',#1338,1.);
#1338 = DIRECTION('',(1.,0.,0.));
#1339 = PCURVE('',#1292,#1340);
#1340 = DEFINITIONAL_REPRESENTATION('',(#1341),#1344);
#1341 = B_SPLINE_CURVE_WITH_KNOTS('',1,(#1342,#1343),.UNSPECIFIED.,.F.,
  .F.,(2,2),(-103.15,57.55),.PIECEWISE_BEZIER_KNOTS.);
#1342 = CARTESIAN_POINT('',(-125.95,-54.55));
#1343 = CARTESIAN_POINT('',(34.75,-54.55));
#1344 = ( GEOMETRIC_REPRESENTATION_CONTEXT(2) 
PARAMETRIC_REPRESENTATION_CONTEXT() REPRESENTATION_CONTEXT('2D SPACE',''
  ) );
#1345 = SHELL_BASED_SURFACE_MODEL('',(#1346));
#1346 = OPEN_SHELL('',(#1347));
#1347 = ADVANCED_FACE('',(#1348),#1362,.T.);
#1348 = FACE_BOUND('',#1349,.T.);
#1349 = EDGE_LOOP('',(#1350,#1372,#1387,#1402));
#1350 = ORIENTED_EDGE('',*,*,#1351,.T.);
#1351 = EDGE_CURVE('',#1352,#1354,#1356,.T.);
#1352 = VERTEX_POINT('',#1353);
#1353 = CARTESIAN_POINT('',(108.12265380851,135.15,-30.5));
#1354 = VERTEX_POINT('',#1355);
#1355 = CARTESIAN_POINT('',(115.32510504194,135.15,-30.5));
#1356 = SURFACE_CURVE('',#1357,(#1361),.PCURVE_S1.);
#1357 = LINE('',#1358,#1359);
#1358 = CARTESIAN_POINT('',(57.8,135.15,-30.5));
#1359 = VECTOR('',#1360,1.);
#1360 = DIRECTION('',(1.,0.,0.));
#1361 = PCURVE('',#1362,#1367);
#1362 = PLANE('',#1363);
#1363 = AXIS2_PLACEMENT_3D('',#1364,#1365,#1366);
#1364 = CARTESIAN_POINT('',(80.6,193.9,-30.5));
#1365 = DIRECTION('',(0.,0.,1.));
#1366 = DIRECTION('',(1.,0.,-0.));
#1367 = DEFINITIONAL_REPRESENTATION('',(#1368),#1371);
#1368 = B_SPLINE_CURVE_WITH_KNOTS('',1,(#1369,#1370),.UNSPECIFIED.,.F.,
  .F.,(2,2),(-103.15,57.55),.PIECEWISE_BEZIER_KNOTS.);
#1369 = CARTESIAN_POINT('',(-125.95,-58.75));
#1370 = CARTESIAN_POINT('',(34.75,-58.75));
#1371 = ( GEOMETRIC_REPRESENTATION_CONTEXT(2) 
PARAMETRIC_REPRESENTATION_CONTEXT() REPRESENTATION_CONTEXT('2D SPACE',''
  ) );
#1372 = ORIENTED_EDGE('',*,*,#1373,.T.);
#1373 = EDGE_CURVE('',#1354,#1374,#1376,.T.);
#1374 = VERTEX_POINT('',#1375);
#1375 = CARTESIAN_POINT('',(115.32510504194,139.35,-30.5));
#1376 = SURFACE_CURVE('',#1377,(#1381),.PCURVE_S1.);
#1377 = LINE('',#1378,#1379);
#1378 = CARTESIAN_POINT('',(115.32510504194,135.15,-30.5));
#1379 = VECTOR('',#1380,1.);
#1380 = DIRECTION('',(0.,1.,0.));
#1381 = PCURVE('',#1362,#1382);
#1382 = DEFINITIONAL_REPRESENTATION('',(#1383),#1386);
#1383 = B_SPLINE_CURVE_WITH_KNOTS('',1,(#1384,#1385),.UNSPECIFIED.,.F.,
  .F.,(2,2),(-5.999999928008E-07,4.2000006),.PIECEWISE_BEZIER_KNOTS.);
#1384 = CARTESIAN_POINT('',(34.725105041948,-58.7500006));
#1385 = CARTESIAN_POINT('',(34.725105041948,-54.5499994));
#1386 = ( GEOMETRIC_REPRESENTATION_CONTEXT(2) 
PARAMETRIC_REPRESENTATION_CONTEXT() REPRESENTATION_CONTEXT('2D SPACE',''
  ) );
#1387 = ORIENTED_EDGE('',*,*,#1388,.F.);
#1388 = EDGE_CURVE('',#1389,#1374,#1391,.T.);
#1389 = VERTEX_POINT('',#1390);
#1390 = CARTESIAN_POINT('',(108.12265380851,139.35,-30.5));
#1391 = SURFACE_CURVE('',#1392,(#1396),.PCURVE_S1.);
#1392 = LINE('',#1393,#1394);
#1393 = CARTESIAN_POINT('',(57.8,139.35,-30.5));
#1394 = VECTOR('',#1395,1.);
#1395 = DIRECTION('',(1.,0.,0.));
#1396 = PCURVE('',#1362,#1397);
#1397 = DEFINITIONAL_REPRESENTATION('',(#1398),#1401);
#1398 = B_SPLINE_CURVE_WITH_KNOTS('',1,(#1399,#1400),.UNSPECIFIED.,.F.,
  .F.,(2,2),(-103.15,57.55),.PIECEWISE_BEZIER_KNOTS.);
#1399 = CARTESIAN_POINT('',(-125.95,-54.55));
#1400 = CARTESIAN_POINT('',(34.75,-54.55));
#1401 = ( GEOMETRIC_REPRESENTATION_CONTEXT(2) 
PARAMETRIC_REPRESENTATION_CONTEXT() REPRESENTATION_CONTEXT('2D SPACE',''
  ) );
#1402 = ORIENTED_EDGE('',*,*,#1403,.F.);
#1403 = EDGE_CURVE('',#1352,#1389,#1404,.T.);
#1404 = SURFACE_CURVE('',#1405,(#1409),.PCURVE_S1.);
#1405 = LINE('',#1406,#1407);
#1406 = CARTESIAN_POINT('',(108.12265380851,135.15,-30.5));
#1407 = VECTOR('',#1408,1.);
#1408 = DIRECTION('',(0.,1.,0.));
#1409 = PCURVE('',#1362,#1410);
#1410 = DEFINITIONAL_REPRESENTATION('',(#1411),#1414);
#1411 = B_SPLINE_CURVE_WITH_KNOTS('',1,(#1412,#1413),.UNSPECIFIED.,.F.,
  .F.,(2,2),(-5.999999928008E-07,4.2000006),.PIECEWISE_BEZIER_KNOTS.);
#1412 = CARTESIAN_POINT('',(27.522653808515,-58.7500006));
#1413 = CARTESIAN_POINT('',(27.522653808515,-54.5499994));
#1414 = ( GEOMETRIC_REPRESENTATION_CONTEXT(2) 
PARAMETRIC_REPRESENTATION_CONTEXT() REPRESENTATION_CONTEXT('2D SPACE',''
  ) );
#1415 = SHELL_BASED_SURFACE_MODEL('',(#1416));
#1416 = OPEN_SHELL('',(#1417));
#1417 = ADVANCED_FACE('',(#1418),#1432,.T.);
#1418 = FACE_BOUND('',#1419,.T.);
#1419 = EDGE_LOOP('',(#1420,#1442,#1457,#1472));
#1420 = ORIENTED_EDGE('',*,*,#1421,.F.);
#1421 = EDGE_CURVE('',#1422,#1424,#1426,.T.);
#1422 = VERTEX_POINT('',#1423);
#1423 = CARTESIAN_POINT('',(-45.32510504194,139.85,-30.5));
#1424 = VERTEX_POINT('',#1425);
#1425 = CARTESIAN_POINT('',(-45.32510504194,144.05,-30.5));
#1426 = SURFACE_CURVE('',#1427,(#1431),.PCURVE_S1.);
#1427 = LINE('',#1428,#1429);
#1428 = CARTESIAN_POINT('',(-45.32510504194,139.85,-30.5));
#1429 = VECTOR('',#1430,1.);
#1430 = DIRECTION('',(0.,1.,0.));
#1431 = PCURVE('',#1432,#1437);
#1432 = PLANE('',#1433);
#1433 = AXIS2_PLACEMENT_3D('',#1434,#1435,#1436);
#1434 = CARTESIAN_POINT('',(80.6,193.9,-30.5));
#1435 = DIRECTION('',(0.,0.,1.));
#1436 = DIRECTION('',(1.,0.,-0.));
#1437 = DEFINITIONAL_REPRESENTATION('',(#1438),#1441);
#1438 = B_SPLINE_CURVE_WITH_KNOTS('',1,(#1439,#1440),.UNSPECIFIED.,.F.,
  .F.,(2,2),(-5.999999928008E-07,4.2000006),.PIECEWISE_BEZIER_KNOTS.);
#1439 = CARTESIAN_POINT('',(-125.9251050419,-54.0500006));
#1440 = CARTESIAN_POINT('',(-125.9251050419,-49.8499994));
#1441 = ( GEOMETRIC_REPRESENTATION_CONTEXT(2) 
PARAMETRIC_REPRESENTATION_CONTEXT() REPRESENTATION_CONTEXT('2D SPACE',''
  ) );
#1442 = ORIENTED_EDGE('',*,*,#1443,.T.);
#1443 = EDGE_CURVE('',#1422,#1444,#1446,.T.);
#1444 = VERTEX_POINT('',#1445);
#1445 = CARTESIAN_POINT('',(-38.12265380851,139.85,-30.5));
#1446 = SURFACE_CURVE('',#1447,(#1451),.PCURVE_S1.);
#1447 = LINE('',#1448,#1449);
#1448 = CARTESIAN_POINT('',(57.8,139.85,-30.5));
#1449 = VECTOR('',#1450,1.);
#1450 = DIRECTION('',(1.,0.,0.));
#1451 = PCURVE('',#1432,#1452);
#1452 = DEFINITIONAL_REPRESENTATION('',(#1453),#1456);
#1453 = B_SPLINE_CURVE_WITH_KNOTS('',1,(#1454,#1455),.UNSPECIFIED.,.F.,
  .F.,(2,2),(-103.15,57.55),.PIECEWISE_BEZIER_KNOTS.);
#1454 = CARTESIAN_POINT('',(-125.95,-54.05));
#1455 = CARTESIAN_POINT('',(34.75,-54.05));
#1456 = ( GEOMETRIC_REPRESENTATION_CONTEXT(2) 
PARAMETRIC_REPRESENTATION_CONTEXT() REPRESENTATION_CONTEXT('2D SPACE',''
  ) );
#1457 = ORIENTED_EDGE('',*,*,#1458,.T.);
#1458 = EDGE_CURVE('',#1444,#1459,#1461,.T.);
#1459 = VERTEX_POINT('',#1460);
#1460 = CARTESIAN_POINT('',(-38.12265380851,144.05,-30.5));
#1461 = SURFACE_CURVE('',#1462,(#1466),.PCURVE_S1.);
#1462 = LINE('',#1463,#1464);
#1463 = CARTESIAN_POINT('',(-38.12265380851,139.85,-30.5));
#1464 = VECTOR('',#1465,1.);
#1465 = DIRECTION('',(0.,1.,0.));
#1466 = PCURVE('',#1432,#1467);
#1467 = DEFINITIONAL_REPRESENTATION('',(#1468),#1471);
#1468 = B_SPLINE_CURVE_WITH_KNOTS('',1,(#1469,#1470),.UNSPECIFIED.,.F.,
  .F.,(2,2),(-5.999999928008E-07,4.2000006),.PIECEWISE_BEZIER_KNOTS.);
#1469 = CARTESIAN_POINT('',(-118.7226538085,-54.0500006));
#1470 = CARTESIAN_POINT('',(-118.7226538085,-49.8499994));
#1471 = ( GEOMETRIC_REPRESENTATION_CONTEXT(2) 
PARAMETRIC_REPRESENTATION_CONTEXT() REPRESENTATION_CONTEXT('2D SPACE',''
  ) );
#1472 = ORIENTED_EDGE('',*,*,#1473,.F.);
#1473 = EDGE_CURVE('',#1424,#1459,#1474,.T.);
#1474 = SURFACE_CURVE('',#1475,(#1479),.PCURVE_S1.);
#1475 = LINE('',#1476,#1477);
#1476 = CARTESIAN_POINT('',(57.8,144.05,-30.5));
#1477 = VECTOR('',#1478,1.);
#1478 = DIRECTION('',(1.,0.,0.));
#1479 = PCURVE('',#1432,#1480);
#1480 = DEFINITIONAL_REPRESENTATION('',(#1481),#1484);
#1481 = B_SPLINE_CURVE_WITH_KNOTS('',1,(#1482,#1483),.UNSPECIFIED.,.F.,
  .F.,(2,2),(-103.15,57.55),.PIECEWISE_BEZIER_KNOTS.);
#1482 = CARTESIAN_POINT('',(-125.95,-49.85));
#1483 = CARTESIAN_POINT('',(34.75,-49.85));
#1484 = ( GEOMETRIC_REPRESENTATION_CONTEXT(2) 
PARAMETRIC_REPRESENTATION_CONTEXT() REPRESENTATION_CONTEXT('2D SPACE',''
  ) );
#1485 = SHELL_BASED_SURFACE_MODEL('',(#1486));
#1486 = OPEN_SHELL('',(#1487));
#1487 = ADVANCED_FACE('',(#1488),#1502,.T.);
#1488 = FACE_BOUND('',#1489,.T.);
#1489 = EDGE_LOOP('',(#1490,#1512,#1527,#1542));
#1490 = ORIENTED_EDGE('',*,*,#1491,.T.);
#1491 = EDGE_CURVE('',#1492,#1494,#1496,.T.);
#1492 = VERTEX_POINT('',#1493);
#1493 = CARTESIAN_POINT('',(108.12265380851,139.85,-30.5));
#1494 = VERTEX_POINT('',#1495);
#1495 = CARTESIAN_POINT('',(115.32510504194,139.85,-30.5));
#1496 = SURFACE_CURVE('',#1497,(#1501),.PCURVE_S1.);
#1497 = LINE('',#1498,#1499);
#1498 = CARTESIAN_POINT('',(57.8,139.85,-30.5));
#1499 = VECTOR('',#1500,1.);
#1500 = DIRECTION('',(1.,0.,0.));
#1501 = PCURVE('',#1502,#1507);
#1502 = PLANE('',#1503);
#1503 = AXIS2_PLACEMENT_3D('',#1504,#1505,#1506);
#1504 = CARTESIAN_POINT('',(80.6,193.9,-30.5));
#1505 = DIRECTION('',(0.,0.,1.));
#1506 = DIRECTION('',(1.,0.,-0.));
#1507 = DEFINITIONAL_REPRESENTATION('',(#1508),#1511);
#1508 = B_SPLINE_CURVE_WITH_KNOTS('',1,(#1509,#1510),.UNSPECIFIED.,.F.,
  .F.,(2,2),(-103.15,57.55),.PIECEWISE_BEZIER_KNOTS.);
#1509 = CARTESIAN_POINT('',(-125.95,-54.05));
#1510 = CARTESIAN_POINT('',(34.75,-54.05));
#1511 = ( GEOMETRIC_REPRESENTATION_CONTEXT(2) 
PARAMETRIC_REPRESENTATION_CONTEXT() REPRESENTATION_CONTEXT('2D SPACE',''
  ) );
#1512 = ORIENTED_EDGE('',*,*,#1513,.T.);
#1513 = EDGE_CURVE('',#1494,#1514,#1516,.T.);
#1514 = VERTEX_POINT('',#1515);
#1515 = CARTESIAN_POINT('',(115.32510504194,144.05,-30.5));
#1516 = SURFACE_CURVE('',#1517,(#1521),.PCURVE_S1.);
#1517 = LINE('',#1518,#1519);
#1518 = CARTESIAN_POINT('',(115.32510504194,139.85,-30.5));
#1519 = VECTOR('',#1520,1.);
#1520 = DIRECTION('',(0.,1.,0.));
#1521 = PCURVE('',#1502,#1522);
#1522 = DEFINITIONAL_REPRESENTATION('',(#1523),#1526);
#1523 = B_SPLINE_CURVE_WITH_KNOTS('',1,(#1524,#1525),.UNSPECIFIED.,.F.,
  .F.,(2,2),(-5.999999928008E-07,4.2000006),.PIECEWISE_BEZIER_KNOTS.);
#1524 = CARTESIAN_POINT('',(34.725105041948,-54.0500006));
#1525 = CARTESIAN_POINT('',(34.725105041948,-49.8499994));
#1526 = ( GEOMETRIC_REPRESENTATION_CONTEXT(2) 
PARAMETRIC_REPRESENTATION_CONTEXT() REPRESENTATION_CONTEXT('2D SPACE',''
  ) );
#1527 = ORIENTED_EDGE('',*,*,#1528,.F.);
#1528 = EDGE_CURVE('',#1529,#1514,#1531,.T.);
#1529 = VERTEX_POINT('',#1530);
#1530 = CARTESIAN_POINT('',(108.12265380851,144.05,-30.5));
#1531 = SURFACE_CURVE('',#1532,(#1536),.PCURVE_S1.);
#1532 = LINE('',#1533,#1534);
#1533 = CARTESIAN_POINT('',(57.8,144.05,-30.5));
#1534 = VECTOR('',#1535,1.);
#1535 = DIRECTION('',(1.,0.,0.));
#1536 = PCURVE('',#1502,#1537);
#1537 = DEFINITIONAL_REPRESENTATION('',(#1538),#1541);
#1538 = B_SPLINE_CURVE_WITH_KNOTS('',1,(#1539,#1540),.UNSPECIFIED.,.F.,
  .F.,(2,2),(-103.15,57.55),.PIECEWISE_BEZIER_KNOTS.);
#1539 = CARTESIAN_POINT('',(-125.95,-49.85));
#1540 = CARTESIAN_POINT('',(34.75,-49.85));
#1541 = ( GEOMETRIC_REPRESENTATION_CONTEXT(2) 
PARAMETRIC_REPRESENTATION_CONTEXT() REPRESENTATION_CONTEXT('2D SPACE',''
  ) );
#1542 = ORIENTED_EDGE('',*,*,#1543,.F.);
#1543 = EDGE_CURVE('',#1492,#1529,#1544,.T.);
#1544 = SURFACE_CURVE('',#1545,(#1549),.PCURVE_S1.);
#1545 = LINE('',#1546,#1547);
#1546 = CARTESIAN_POINT('',(108.12265380851,139.85,-30.5));
#1547 = VECTOR('',#1548,1.);
#1548 = DIRECTION('',(0.,1.,0.));
#1549 = PCURVE('',#1502,#1550);
#1550 = DEFINITIONAL_REPRESENTATION('',(#1551),#1554);
#1551 = B_SPLINE_CURVE_WITH_KNOTS('',1,(#1552,#1553),.UNSPECIFIED.,.F.,
  .F.,(2,2),(-5.999999928008E-07,4.2000006),.PIECEWISE_BEZIER_KNOTS.);
#1552 = CARTESIAN_POINT('',(27.522653808515,-54.0500006));
#1553 = CARTESIAN_POINT('',(27.522653808515,-49.8499994));
#1554 = ( GEOMETRIC_REPRESENTATION_CONTEXT(2) 
PARAMETRIC_REPRESENTATION_CONTEXT() REPRESENTATION_CONTEXT('2D SPACE',''
  ) );
#1555 = SHELL_BASED_SURFACE_MODEL('',(#1556));
#1556 = OPEN_SHELL('',(#1557));
#1557 = ADVANCED_FACE('',(#1558),#1572,.T.);
#1558 = FACE_BOUND('',#1559,.T.);
#1559 = EDGE_LOOP('',(#1560,#1582,#1597,#1612));
#1560 = ORIENTED_EDGE('',*,*,#1561,.F.);
#1561 = EDGE_CURVE('',#1562,#1564,#1566,.T.);
#1562 = VERTEX_POINT('',#1563);
#1563 = CARTESIAN_POINT('',(-45.32510504194,144.55,-30.5));
#1564 = VERTEX_POINT('',#1565);
#1565 = CARTESIAN_POINT('',(-45.32510504194,148.75,-30.5));
#1566 = SURFACE_CURVE('',#1567,(#1571),.PCURVE_S1.);
#1567 = LINE('',#1568,#1569);
#1568 = CARTESIAN_POINT('',(-45.32510504194,144.55,-30.5));
#1569 = VECTOR('',#1570,1.);
#1570 = DIRECTION('',(0.,1.,0.));
#1571 = PCURVE('',#1572,#1577);
#1572 = PLANE('',#1573);
#1573 = AXIS2_PLACEMENT_3D('',#1574,#1575,#1576);
#1574 = CARTESIAN_POINT('',(80.6,193.9,-30.5));
#1575 = DIRECTION('',(0.,0.,1.));
#1576 = DIRECTION('',(1.,0.,-0.));
#1577 = DEFINITIONAL_REPRESENTATION('',(#1578),#1581);
#1578 = B_SPLINE_CURVE_WITH_KNOTS('',1,(#1579,#1580),.UNSPECIFIED.,.F.,
  .F.,(2,2),(-5.999999928008E-07,4.2000006),.PIECEWISE_BEZIER_KNOTS.);
#1579 = CARTESIAN_POINT('',(-125.9251050419,-49.3500006));
#1580 = CARTESIAN_POINT('',(-125.9251050419,-45.1499994));
#1581 = ( GEOMETRIC_REPRESENTATION_CONTEXT(2) 
PARAMETRIC_REPRESENTATION_CONTEXT() REPRESENTATION_CONTEXT('2D SPACE',''
  ) );
#1582 = ORIENTED_EDGE('',*,*,#1583,.T.);
#1583 = EDGE_CURVE('',#1562,#1584,#1586,.T.);
#1584 = VERTEX_POINT('',#1585);
#1585 = CARTESIAN_POINT('',(-38.12265380851,144.55,-30.5));
#1586 = SURFACE_CURVE('',#1587,(#1591),.PCURVE_S1.);
#1587 = LINE('',#1588,#1589);
#1588 = CARTESIAN_POINT('',(57.8,144.55,-30.5));
#1589 = VECTOR('',#1590,1.);
#1590 = DIRECTION('',(1.,0.,0.));
#1591 = PCURVE('',#1572,#1592);
#1592 = DEFINITIONAL_REPRESENTATION('',(#1593),#1596);
#1593 = B_SPLINE_CURVE_WITH_KNOTS('',1,(#1594,#1595),.UNSPECIFIED.,.F.,
  .F.,(2,2),(-103.15,57.55),.PIECEWISE_BEZIER_KNOTS.);
#1594 = CARTESIAN_POINT('',(-125.95,-49.35));
#1595 = CARTESIAN_POINT('',(34.75,-49.35));
#1596 = ( GEOMETRIC_REPRESENTATION_CONTEXT(2) 
PARAMETRIC_REPRESENTATION_CONTEXT() REPRESENTATION_CONTEXT('2D SPACE',''
  ) );
#1597 = ORIENTED_EDGE('',*,*,#1598,.T.);
#1598 = EDGE_CURVE('',#1584,#1599,#1601,.T.);
#1599 = VERTEX_POINT('',#1600);
#1600 = CARTESIAN_POINT('',(-38.12265380851,148.75,-30.5));
#1601 = SURFACE_CURVE('',#1602,(#1606),.PCURVE_S1.);
#1602 = LINE('',#1603,#1604);
#1603 = CARTESIAN_POINT('',(-38.12265380851,144.55,-30.5));
#1604 = VECTOR('',#1605,1.);
#1605 = DIRECTION('',(0.,1.,0.));
#1606 = PCURVE('',#1572,#1607);
#1607 = DEFINITIONAL_REPRESENTATION('',(#1608),#1611);
#1608 = B_SPLINE_CURVE_WITH_KNOTS('',1,(#1609,#1610),.UNSPECIFIED.,.F.,
  .F.,(2,2),(-5.999999928008E-07,4.2000006),.PIECEWISE_BEZIER_KNOTS.);
#1609 = CARTESIAN_POINT('',(-118.7226538085,-49.3500006));
#1610 = CARTESIAN_POINT('',(-118.7226538085,-45.1499994));
#1611 = ( GEOMETRIC_REPRESENTATION_CONTEXT(2) 
PARAMETRIC_REPRESENTATION_CONTEXT() REPRESENTATION_CONTEXT('2D SPACE',''
  ) );
#1612 = ORIENTED_EDGE('',*,*,#1613,.F.);
#1613 = EDGE_CURVE('',#1564,#1599,#1614,.T.);
#1614 = SURFACE_CURVE('',#1615,(#1619),.PCURVE_S1.);
#1615 = LINE('',#1616,#1617);
#1616 = CARTESIAN_POINT('',(57.8,148.75,-30.5));
#1617 = VECTOR('',#1618,1.);
#1618 = DIRECTION('',(1.,0.,0.));
#1619 = PCURVE('',#1572,#1620);
#1620 = DEFINITIONAL_REPRESENTATION('',(#1621),#1624);
#1621 = B_SPLINE_CURVE_WITH_KNOTS('',1,(#1622,#1623),.UNSPECIFIED.,.F.,
  .F.,(2,2),(-103.15,57.55),.PIECEWISE_BEZIER_KNOTS.);
#1622 = CARTESIAN_POINT('',(-125.95,-45.15));
#1623 = CARTESIAN_POINT('',(34.75,-45.15));
#1624 = ( GEOMETRIC_REPRESENTATION_CONTEXT(2) 
PARAMETRIC_REPRESENTATION_CONTEXT() REPRESENTATION_CONTEXT('2D SPACE',''
  ) );
#1625 = SHELL_BASED_SURFACE_MODEL('',(#1626));
#1626 = OPEN_SHELL('',(#1627));
#1627 = ADVANCED_FACE('',(#1628),#1642,.T.);
#1628 = FACE_BOUND('',#1629,.T.);
#1629 = EDGE_LOOP('',(#1630,#1652,#1667,#1682));
#1630 = ORIENTED_EDGE('',*,*,#1631,.T.);
#1631 = EDGE_CURVE('',#1632,#1634,#1636,.T.);
#1632 = VERTEX_POINT('',#1633);
#1633 = CARTESIAN_POINT('',(108.12265380851,144.55,-30.5));
#1634 = VERTEX_POINT('',#1635);
#1635 = CARTESIAN_POINT('',(115.32510504194,144.55,-30.5));
#1636 = SURFACE_CURVE('',#1637,(#1641),.PCURVE_S1.);
#1637 = LINE('',#1638,#1639);
#1638 = CARTESIAN_POINT('',(57.8,144.55,-30.5));
#1639 = VECTOR('',#1640,1.);
#1640 = DIRECTION('',(1.,0.,0.));
#1641 = PCURVE('',#1642,#1647);
#1642 = PLANE('',#1643);
#1643 = AXIS2_PLACEMENT_3D('',#1644,#1645,#1646);
#1644 = CARTESIAN_POINT('',(80.6,193.9,-30.5));
#1645 = DIRECTION('',(0.,0.,1.));
#1646 = DIRECTION('',(1.,0.,-0.));
#1647 = DEFINITIONAL_REPRESENTATION('',(#1648),#1651);
#1648 = B_SPLINE_CURVE_WITH_KNOTS('',1,(#1649,#1650),.UNSPECIFIED.,.F.,
  .F.,(2,2),(-103.15,57.55),.PIECEWISE_BEZIER_KNOTS.);
#1649 = CARTESIAN_POINT('',(-125.95,-49.35));
#1650 = CARTESIAN_POINT('',(34.75,-49.35));
#1651 = ( GEOMETRIC_REPRESENTATION_CONTEXT(2) 
PARAMETRIC_REPRESENTATION_CONTEXT() REPRESENTATION_CONTEXT('2D SPACE',''
  ) );
#1652 = ORIENTED_EDGE('',*,*,#1653,.T.);
#1653 = EDGE_CURVE('',#1634,#1654,#1656,.T.);
#1654 = VERTEX_POINT('',#1655);
#1655 = CARTESIAN_POINT('',(115.32510504194,148.75,-30.5));
#1656 = SURFACE_CURVE('',#1657,(#1661),.PCURVE_S1.);
#1657 = LINE('',#1658,#1659);
#1658 = CARTESIAN_POINT('',(115.32510504194,144.55,-30.5));
#1659 = VECTOR('',#1660,1.);
#1660 = DIRECTION('',(0.,1.,0.));
#1661 = PCURVE('',#1642,#1662);
#1662 = DEFINITIONAL_REPRESENTATION('',(#1663),#1666);
#1663 = B_SPLINE_CURVE_WITH_KNOTS('',1,(#1664,#1665),.UNSPECIFIED.,.F.,
  .F.,(2,2),(-5.999999928008E-07,4.2000006),.PIECEWISE_BEZIER_KNOTS.);
#1664 = CARTESIAN_POINT('',(34.725105041948,-49.3500006));
#1665 = CARTESIAN_POINT('',(34.725105041948,-45.1499994));
#1666 = ( GEOMETRIC_REPRESENTATION_CONTEXT(2) 
PARAMETRIC_REPRESENTATION_CONTEXT() REPRESENTATION_CONTEXT('2D SPACE',''
  ) );
#1667 = ORIENTED_EDGE('',*,*,#1668,.F.);
#1668 = EDGE_CURVE('',#1669,#1654,#1671,.T.);
#1669 = VERTEX_POINT('',#1670);
#1670 = CARTESIAN_POINT('',(108.12265380851,148.75,-30.5));
#1671 = SURFACE_CURVE('',#1672,(#1676),.PCURVE_S1.);
#1672 = LINE('',#1673,#1674);
#1673 = CARTESIAN_POINT('',(57.8,148.75,-30.5));
#1674 = VECTOR('',#1675,1.);
#1675 = DIRECTION('',(1.,0.,0.));
#1676 = PCURVE('',#1642,#1677);
#1677 = DEFINITIONAL_REPRESENTATION('',(#1678),#1681);
#1678 = B_SPLINE_CURVE_WITH_KNOTS('',1,(#1679,#1680),.UNSPECIFIED.,.F.,
  .F.,(2,2),(-103.15,57.55),.PIECEWISE_BEZIER_KNOTS.);
#1679 = CARTESIAN_POINT('',(-125.95,-45.15));
#1680 = CARTESIAN_POINT('',(34.75,-45.15));
#1681 = ( GEOMETRIC_REPRESENTATION_CONTEXT(2) 
PARAMETRIC_REPRESENTATION_CONTEXT() REPRESENTATION_CONTEXT('2D SPACE',''
  ) );
#1682 = ORIENTED_EDGE('',*,*,#1683,.F.);
#1683 = EDGE_CURVE('',#1632,#1669,#1684,.T.);
#1684 = SURFACE_CURVE('',#1685,(#1689),.PCURVE_S1.);
#1685 = LINE('',#1686,#1687);
#1686 = CARTESIAN_POINT('',(108.12265380851,144.55,-30.5));
#1687 = VECTOR('',#1688,1.);
#1688 = DIRECTION('',(0.,1.,0.));
#1689 = PCURVE('',#1642,#1690);
#1690 = DEFINITIONAL_REPRESENTATION('',(#1691),#1694);
#1691 = B_SPLINE_CURVE_WITH_KNOTS('',1,(#1692,#1693),.UNSPECIFIED.,.F.,
  .F.,(2,2),(-5.999999928008E-07,4.2000006),.PIECEWISE_BEZIER_KNOTS.);
#1692 = CARTESIAN_POINT('',(27.522653808515,-49.3500006));
#1693 = CARTESIAN_POINT('',(27.522653808515,-45.1499994));
#1694 = ( GEOMETRIC_REPRESENTATION_CONTEXT(2) 
PARAMETRIC_REPRESENTATION_CONTEXT() REPRESENTATION_CONTEXT('2D SPACE',''
  ) );
#1695 = SHELL_BASED_SURFACE_MODEL('',(#1696));
#1696 = OPEN_SHELL('',(#1697));
#1697 = ADVANCED_FACE('',(#1698),#1712,.T.);
#1698 = FACE_BOUND('',#1699,.T.);
#1699 = EDGE_LOOP('',(#1700,#1722,#1737,#1752));
#1700 = ORIENTED_EDGE('',*,*,#1701,.F.);
#1701 = EDGE_CURVE('',#1702,#1704,#1706,.T.);
#1702 = VERTEX_POINT('',#1703);
#1703 = CARTESIAN_POINT('',(-45.32510504194,149.25,-30.5));
#1704 = VERTEX_POINT('',#1705);
#1705 = CARTESIAN_POINT('',(-45.32510504194,153.45,-30.5));
#1706 = SURFACE_CURVE('',#1707,(#1711),.PCURVE_S1.);
#1707 = LINE('',#1708,#1709);
#1708 = CARTESIAN_POINT('',(-45.32510504194,149.25,-30.5));
#1709 = VECTOR('',#1710,1.);
#1710 = DIRECTION('',(0.,1.,0.));
#1711 = PCURVE('',#1712,#1717);
#1712 = PLANE('',#1713);
#1713 = AXIS2_PLACEMENT_3D('',#1714,#1715,#1716);
#1714 = CARTESIAN_POINT('',(80.6,193.9,-30.5));
#1715 = DIRECTION('',(0.,0.,1.));
#1716 = DIRECTION('',(1.,0.,-0.));
#1717 = DEFINITIONAL_REPRESENTATION('',(#1718),#1721);
#1718 = B_SPLINE_CURVE_WITH_KNOTS('',1,(#1719,#1720),.UNSPECIFIED.,.F.,
  .F.,(2,2),(-5.999999928008E-07,4.2000006),.PIECEWISE_BEZIER_KNOTS.);
#1719 = CARTESIAN_POINT('',(-125.9251050419,-44.6500006));
#1720 = CARTESIAN_POINT('',(-125.9251050419,-40.4499994));
#1721 = ( GEOMETRIC_REPRESENTATION_CONTEXT(2) 
PARAMETRIC_REPRESENTATION_CONTEXT() REPRESENTATION_CONTEXT('2D SPACE',''
  ) );
#1722 = ORIENTED_EDGE('',*,*,#1723,.T.);
#1723 = EDGE_CURVE('',#1702,#1724,#1726,.T.);
#1724 = VERTEX_POINT('',#1725);
#1725 = CARTESIAN_POINT('',(-38.12265380851,149.25,-30.5));
#1726 = SURFACE_CURVE('',#1727,(#1731),.PCURVE_S1.);
#1727 = LINE('',#1728,#1729);
#1728 = CARTESIAN_POINT('',(57.8,149.25,-30.5));
#1729 = VECTOR('',#1730,1.);
#1730 = DIRECTION('',(1.,0.,0.));
#1731 = PCURVE('',#1712,#1732);
#1732 = DEFINITIONAL_REPRESENTATION('',(#1733),#1736);
#1733 = B_SPLINE_CURVE_WITH_KNOTS('',1,(#1734,#1735),.UNSPECIFIED.,.F.,
  .F.,(2,2),(-103.15,57.55),.PIECEWISE_BEZIER_KNOTS.);
#1734 = CARTESIAN_POINT('',(-125.95,-44.65));
#1735 = CARTESIAN_POINT('',(34.75,-44.65));
#1736 = ( GEOMETRIC_REPRESENTATION_CONTEXT(2) 
PARAMETRIC_REPRESENTATION_CONTEXT() REPRESENTATION_CONTEXT('2D SPACE',''
  ) );
#1737 = ORIENTED_EDGE('',*,*,#1738,.T.);
#1738 = EDGE_CURVE('',#1724,#1739,#1741,.T.);
#1739 = VERTEX_POINT('',#1740);
#1740 = CARTESIAN_POINT('',(-38.12265380851,153.45,-30.5));
#1741 = SURFACE_CURVE('',#1742,(#1746),.PCURVE_S1.);
#1742 = LINE('',#1743,#1744);
#1743 = CARTESIAN_POINT('',(-38.12265380851,149.25,-30.5));
#1744 = VECTOR('',#1745,1.);
#1745 = DIRECTION('',(0.,1.,0.));
#1746 = PCURVE('',#1712,#1747);
#1747 = DEFINITIONAL_REPRESENTATION('',(#1748),#1751);
#1748 = B_SPLINE_CURVE_WITH_KNOTS('',1,(#1749,#1750),.UNSPECIFIED.,.F.,
  .F.,(2,2),(-5.999999928008E-07,4.2000006),.PIECEWISE_BEZIER_KNOTS.);
#1749 = CARTESIAN_POINT('',(-118.7226538085,-44.6500006));
#1750 = CARTESIAN_POINT('',(-118.7226538085,-40.4499994));
#1751 = ( GEOMETRIC_REPRESENTATION_CONTEXT(2) 
PARAMETRIC_REPRESENTATION_CONTEXT() REPRESENTATION_CONTEXT('2D SPACE',''
  ) );
#1752 = ORIENTED_EDGE('',*,*,#1753,.F.);
#1753 = EDGE_CURVE('',#1704,#1739,#1754,.T.);
#1754 = SURFACE_CURVE('',#1755,(#1759),.PCURVE_S1.);
#1755 = LINE('',#1756,#1757);
#1756 = CARTESIAN_POINT('',(57.8,153.45,-30.5));
#1757 = VECTOR('',#1758,1.);
#1758 = DIRECTION('',(1.,0.,0.));
#1759 = PCURVE('',#1712,#1760);
#1760 = DEFINITIONAL_REPRESENTATION('',(#1761),#1764);
#1761 = B_SPLINE_CURVE_WITH_KNOTS('',1,(#1762,#1763),.UNSPECIFIED.,.F.,
  .F.,(2,2),(-103.15,57.55),.PIECEWISE_BEZIER_KNOTS.);
#1762 = CARTESIAN_POINT('',(-125.95,-40.45));
#1763 = CARTESIAN_POINT('',(34.75,-40.45));
#1764 = ( GEOMETRIC_REPRESENTATION_CONTEXT(2) 
PARAMETRIC_REPRESENTATION_CONTEXT() REPRESENTATION_CONTEXT('2D SPACE',''
  ) );
#1765 = SHELL_BASED_SURFACE_MODEL('',(#1766));
#1766 = OPEN_SHELL('',(#1767));
#1767 = ADVANCED_FACE('',(#1768),#1782,.T.);
#1768 = FACE_BOUND('',#1769,.T.);
#1769 = EDGE_LOOP('',(#1770,#1792,#1807,#1822));
#1770 = ORIENTED_EDGE('',*,*,#1771,.T.);
#1771 = EDGE_CURVE('',#1772,#1774,#1776,.T.);
#1772 = VERTEX_POINT('',#1773);
#1773 = CARTESIAN_POINT('',(108.12265380851,149.25,-30.5));
#1774 = VERTEX_POINT('',#1775);
#1775 = CARTESIAN_POINT('',(115.32510504194,149.25,-30.5));
#1776 = SURFACE_CURVE('',#1777,(#1781),.PCURVE_S1.);
#1777 = LINE('',#1778,#1779);
#1778 = CARTESIAN_POINT('',(57.8,149.25,-30.5));
#1779 = VECTOR('',#1780,1.);
#1780 = DIRECTION('',(1.,0.,0.));
#1781 = PCURVE('',#1782,#1787);
#1782 = PLANE('',#1783);
#1783 = AXIS2_PLACEMENT_3D('',#1784,#1785,#1786);
#1784 = CARTESIAN_POINT('',(80.6,193.9,-30.5));
#1785 = DIRECTION('',(0.,0.,1.));
#1786 = DIRECTION('',(1.,0.,-0.));
#1787 = DEFINITIONAL_REPRESENTATION('',(#1788),#1791);
#1788 = B_SPLINE_CURVE_WITH_KNOTS('',1,(#1789,#1790),.UNSPECIFIED.,.F.,
  .F.,(2,2),(-103.15,57.55),.PIECEWISE_BEZIER_KNOTS.);
#1789 = CARTESIAN_POINT('',(-125.95,-44.65));
#1790 = CARTESIAN_POINT('',(34.75,-44.65));
#1791 = ( GEOMETRIC_REPRESENTATION_CONTEXT(2) 
PARAMETRIC_REPRESENTATION_CONTEXT() REPRESENTATION_CONTEXT('2D SPACE',''
  ) );
#1792 = ORIENTED_EDGE('',*,*,#1793,.T.);
#1793 = EDGE_CURVE('',#1774,#1794,#1796,.T.);
#1794 = VERTEX_POINT('',#1795);
#1795 = CARTESIAN_POINT('',(115.32510504194,153.45,-30.5));
#1796 = SURFACE_CURVE('',#1797,(#1801),.PCURVE_S1.);
#1797 = LINE('',#1798,#1799);
#1798 = CARTESIAN_POINT('',(115.32510504194,149.25,-30.5));
#1799 = VECTOR('',#1800,1.);
#1800 = DIRECTION('',(0.,1.,0.));
#1801 = PCURVE('',#1782,#1802);
#1802 = DEFINITIONAL_REPRESENTATION('',(#1803),#1806);
#1803 = B_SPLINE_CURVE_WITH_KNOTS('',1,(#1804,#1805),.UNSPECIFIED.,.F.,
  .F.,(2,2),(-5.999999928008E-07,4.2000006),.PIECEWISE_BEZIER_KNOTS.);
#1804 = CARTESIAN_POINT('',(34.725105041948,-44.6500006));
#1805 = CARTESIAN_POINT('',(34.725105041948,-40.4499994));
#1806 = ( GEOMETRIC_REPRESENTATION_CONTEXT(2) 
PARAMETRIC_REPRESENTATION_CONTEXT() REPRESENTATION_CONTEXT('2D SPACE',''
  ) );
#1807 = ORIENTED_EDGE('',*,*,#1808,.F.);
#1808 = EDGE_CURVE('',#1809,#1794,#1811,.T.);
#1809 = VERTEX_POINT('',#1810);
#1810 = CARTESIAN_POINT('',(108.12265380851,153.45,-30.5));
#1811 = SURFACE_CURVE('',#1812,(#1816),.PCURVE_S1.);
#1812 = LINE('',#1813,#1814);
#1813 = CARTESIAN_POINT('',(57.8,153.45,-30.5));
#1814 = VECTOR('',#1815,1.);
#1815 = DIRECTION('',(1.,0.,0.));
#1816 = PCURVE('',#1782,#1817);
#1817 = DEFINITIONAL_REPRESENTATION('',(#1818),#1821);
#1818 = B_SPLINE_CURVE_WITH_KNOTS('',1,(#1819,#1820),.UNSPECIFIED.,.F.,
  .F.,(2,2),(-103.15,57.55),.PIECEWISE_BEZIER_KNOTS.);
#1819 = CARTESIAN_POINT('',(-125.95,-40.45));
#1820 = CARTESIAN_POINT('',(34.75,-40.45));
#1821 = ( GEOMETRIC_REPRESENTATION_CONTEXT(2) 
PARAMETRIC_REPRESENTATION_CONTEXT() REPRESENTATION_CONTEXT('2D SPACE',''
  ) );
#1822 = ORIENTED_EDGE('',*,*,#1823,.F.);
#1823 = EDGE_CURVE('',#1772,#1809,#1824,.T.);
#1824 = SURFACE_CURVE('',#1825,(#1829),.PCURVE_S1.);
#1825 = LINE('',#1826,#1827);
#1826 = CARTESIAN_POINT('',(108.12265380851,149.25,-30.5));
#1827 = VECTOR('',#1828,1.);
#1828 = DIRECTION('',(0.,1.,0.));
#1829 = PCURVE('',#1782,#1830);
#1830 = DEFINITIONAL_REPRESENTATION('',(#1831),#1834);
#1831 = B_SPLINE_CURVE_WITH_KNOTS('',1,(#1832,#1833),.UNSPECIFIED.,.F.,
  .F.,(2,2),(-5.999999928008E-07,4.2000006),.PIECEWISE_BEZIER_KNOTS.);
#1832 = CARTESIAN_POINT('',(27.522653808515,-44.6500006));
#1833 = CARTESIAN_POINT('',(27.522653808515,-40.4499994));
#1834 = ( GEOMETRIC_REPRESENTATION_CONTEXT(2) 
PARAMETRIC_REPRESENTATION_CONTEXT() REPRESENTATION_CONTEXT('2D SPACE',''
  ) );
#1835 = SHELL_BASED_SURFACE_MODEL('',(#1836));
#1836 = OPEN_SHELL('',(#1837));
#1837 = ADVANCED_FACE('',(#1838),#1852,.T.);
#1838 = FACE_BOUND('',#1839,.T.);
#1839 = EDGE_LOOP('',(#1840,#1862,#1877,#1892));
#1840 = ORIENTED_EDGE('',*,*,#1841,.F.);
#1841 = EDGE_CURVE('',#1842,#1844,#1846,.T.);
#1842 = VERTEX_POINT('',#1843);
#1843 = CARTESIAN_POINT('',(-45.32510504194,153.95,-30.5));
#1844 = VERTEX_POINT('',#1845);
#1845 = CARTESIAN_POINT('',(-45.32510504194,158.15,-30.5));
#1846 = SURFACE_CURVE('',#1847,(#1851),.PCURVE_S1.);
#1847 = LINE('',#1848,#1849);
#1848 = CARTESIAN_POINT('',(-45.32510504194,153.95,-30.5));
#1849 = VECTOR('',#1850,1.);
#1850 = DIRECTION('',(0.,1.,0.));
#1851 = PCURVE('',#1852,#1857);
#1852 = PLANE('',#1853);
#1853 = AXIS2_PLACEMENT_3D('',#1854,#1855,#1856);
#1854 = CARTESIAN_POINT('',(80.6,193.9,-30.5));
#1855 = DIRECTION('',(0.,0.,1.));
#1856 = DIRECTION('',(1.,0.,-0.));
#1857 = DEFINITIONAL_REPRESENTATION('',(#1858),#1861);
#1858 = B_SPLINE_CURVE_WITH_KNOTS('',1,(#1859,#1860),.UNSPECIFIED.,.F.,
  .F.,(2,2),(-5.999999928008E-07,4.2000006),.PIECEWISE_BEZIER_KNOTS.);
#1859 = CARTESIAN_POINT('',(-125.9251050419,-39.9500006));
#1860 = CARTESIAN_POINT('',(-125.9251050419,-35.7499994));
#1861 = ( GEOMETRIC_REPRESENTATION_CONTEXT(2) 
PARAMETRIC_REPRESENTATION_CONTEXT() REPRESENTATION_CONTEXT('2D SPACE',''
  ) );
#1862 = ORIENTED_EDGE('',*,*,#1863,.T.);
#1863 = EDGE_CURVE('',#1842,#1864,#1866,.T.);
#1864 = VERTEX_POINT('',#1865);
#1865 = CARTESIAN_POINT('',(-38.12265380851,153.95,-30.5));
#1866 = SURFACE_CURVE('',#1867,(#1871),.PCURVE_S1.);
#1867 = LINE('',#1868,#1869);
#1868 = CARTESIAN_POINT('',(57.8,153.95,-30.5));
#1869 = VECTOR('',#1870,1.);
#1870 = DIRECTION('',(1.,0.,0.));
#1871 = PCURVE('',#1852,#1872);
#1872 = DEFINITIONAL_REPRESENTATION('',(#1873),#1876);
#1873 = B_SPLINE_CURVE_WITH_KNOTS('',1,(#1874,#1875),.UNSPECIFIED.,.F.,
  .F.,(2,2),(-103.15,57.55),.PIECEWISE_BEZIER_KNOTS.);
#1874 = CARTESIAN_POINT('',(-125.95,-39.95));
#1875 = CARTESIAN_POINT('',(34.75,-39.95));
#1876 = ( GEOMETRIC_REPRESENTATION_CONTEXT(2) 
PARAMETRIC_REPRESENTATION_CONTEXT() REPRESENTATION_CONTEXT('2D SPACE',''
  ) );
#1877 = ORIENTED_EDGE('',*,*,#1878,.T.);
#1878 = EDGE_CURVE('',#1864,#1879,#1881,.T.);
#1879 = VERTEX_POINT('',#1880);
#1880 = CARTESIAN_POINT('',(-38.12265380851,158.15,-30.5));
#1881 = SURFACE_CURVE('',#1882,(#1886),.PCURVE_S1.);
#1882 = LINE('',#1883,#1884);
#1883 = CARTESIAN_POINT('',(-38.12265380851,153.95,-30.5));
#1884 = VECTOR('',#1885,1.);
#1885 = DIRECTION('',(0.,1.,0.));
#1886 = PCURVE('',#1852,#1887);
#1887 = DEFINITIONAL_REPRESENTATION('',(#1888),#1891);
#1888 = B_SPLINE_CURVE_WITH_KNOTS('',1,(#1889,#1890),.UNSPECIFIED.,.F.,
  .F.,(2,2),(-5.999999928008E-07,4.2000006),.PIECEWISE_BEZIER_KNOTS.);
#1889 = CARTESIAN_POINT('',(-118.7226538085,-39.9500006));
#1890 = CARTESIAN_POINT('',(-118.7226538085,-35.7499994));
#1891 = ( GEOMETRIC_REPRESENTATION_CONTEXT(2) 
PARAMETRIC_REPRESENTATION_CONTEXT() REPRESENTATION_CONTEXT('2D SPACE',''
  ) );
#1892 = ORIENTED_EDGE('',*,*,#1893,.F.);
#1893 = EDGE_CURVE('',#1844,#1879,#1894,.T.);
#1894 = SURFACE_CURVE('',#1895,(#1899),.PCURVE_S1.);
#1895 = LINE('',#1896,#1897);
#1896 = CARTESIAN_POINT('',(57.8,158.15,-30.5));
#1897 = VECTOR('',#1898,1.);
#1898 = DIRECTION('',(1.,0.,0.));
#1899 = PCURVE('',#1852,#1900);
#1900 = DEFINITIONAL_REPRESENTATION('',(#1901),#1904);
#1901 = B_SPLINE_CURVE_WITH_KNOTS('',1,(#1902,#1903),.UNSPECIFIED.,.F.,
  .F.,(2,2),(-103.15,57.55),.PIECEWISE_BEZIER_KNOTS.);
#1902 = CARTESIAN_POINT('',(-125.95,-35.75));
#1903 = CARTESIAN_POINT('',(34.75,-35.75));
#1904 = ( GEOMETRIC_REPRESENTATION_CONTEXT(2) 
PARAMETRIC_REPRESENTATION_CONTEXT() REPRESENTATION_CONTEXT('2D SPACE',''
  ) );
#1905 = SHELL_BASED_SURFACE_MODEL('',(#1906));
#1906 = OPEN_SHELL('',(#1907));
#1907 = ADVANCED_FACE('',(#1908),#1922,.T.);
#1908 = FACE_BOUND('',#1909,.T.);
#1909 = EDGE_LOOP('',(#1910,#1932,#1947,#1962));
#1910 = ORIENTED_EDGE('',*,*,#1911,.T.);
#1911 = EDGE_CURVE('',#1912,#1914,#1916,.T.);
#1912 = VERTEX_POINT('',#1913);
#1913 = CARTESIAN_POINT('',(108.12265380851,153.95,-30.5));
#1914 = VERTEX_POINT('',#1915);
#1915 = CARTESIAN_POINT('',(115.32510504194,153.95,-30.5));
#1916 = SURFACE_CURVE('',#1917,(#1921),.PCURVE_S1.);
#1917 = LINE('',#1918,#1919);
#1918 = CARTESIAN_POINT('',(57.8,153.95,-30.5));
#1919 = VECTOR('',#1920,1.);
#1920 = DIRECTION('',(1.,0.,0.));
#1921 = PCURVE('',#1922,#1927);
#1922 = PLANE('',#1923);
#1923 = AXIS2_PLACEMENT_3D('',#1924,#1925,#1926);
#1924 = CARTESIAN_POINT('',(80.6,193.9,-30.5));
#1925 = DIRECTION('',(0.,0.,1.));
#1926 = DIRECTION('',(1.,0.,-0.));
#1927 = DEFINITIONAL_REPRESENTATION('',(#1928),#1931);
#1928 = B_SPLINE_CURVE_WITH_KNOTS('',1,(#1929,#1930),.UNSPECIFIED.,.F.,
  .F.,(2,2),(-103.15,57.55),.PIECEWISE_BEZIER_KNOTS.);
#1929 = CARTESIAN_POINT('',(-125.95,-39.95));
#1930 = CARTESIAN_POINT('',(34.75,-39.95));
#1931 = ( GEOMETRIC_REPRESENTATION_CONTEXT(2) 
PARAMETRIC_REPRESENTATION_CONTEXT() REPRESENTATION_CONTEXT('2D SPACE',''
  ) );
#1932 = ORIENTED_EDGE('',*,*,#1933,.T.);
#1933 = EDGE_CURVE('',#1914,#1934,#1936,.T.);
#1934 = VERTEX_POINT('',#1935);
#1935 = CARTESIAN_POINT('',(115.32510504194,158.15,-30.5));
#1936 = SURFACE_CURVE('',#1937,(#1941),.PCURVE_S1.);
#1937 = LINE('',#1938,#1939);
#1938 = CARTESIAN_POINT('',(115.32510504194,153.95,-30.5));
#1939 = VECTOR('',#1940,1.);
#1940 = DIRECTION('',(0.,1.,0.));
#1941 = PCURVE('',#1922,#1942);
#1942 = DEFINITIONAL_REPRESENTATION('',(#1943),#1946);
#1943 = B_SPLINE_CURVE_WITH_KNOTS('',1,(#1944,#1945),.UNSPECIFIED.,.F.,
  .F.,(2,2),(-5.999999928008E-07,4.2000006),.PIECEWISE_BEZIER_KNOTS.);
#1944 = CARTESIAN_POINT('',(34.725105041948,-39.9500006));
#1945 = CARTESIAN_POINT('',(34.725105041948,-35.7499994));
#1946 = ( GEOMETRIC_REPRESENTATION_CONTEXT(2) 
PARAMETRIC_REPRESENTATION_CONTEXT() REPRESENTATION_CONTEXT('2D SPACE',''
  ) );
#1947 = ORIENTED_EDGE('',*,*,#1948,.F.);
#1948 = EDGE_CURVE('',#1949,#1934,#1951,.T.);
#1949 = VERTEX_POINT('',#1950);
#1950 = CARTESIAN_POINT('',(108.12265380851,158.15,-30.5));
#1951 = SURFACE_CURVE('',#1952,(#1956),.PCURVE_S1.);
#1952 = LINE('',#1953,#1954);
#1953 = CARTESIAN_POINT('',(57.8,158.15,-30.5));
#1954 = VECTOR('',#1955,1.);
#1955 = DIRECTION('',(1.,0.,0.));
#1956 = PCURVE('',#1922,#1957);
#1957 = DEFINITIONAL_REPRESENTATION('',(#1958),#1961);
#1958 = B_SPLINE_CURVE_WITH_KNOTS('',1,(#1959,#1960),.UNSPECIFIED.,.F.,
  .F.,(2,2),(-103.15,57.55),.PIECEWISE_BEZIER_KNOTS.);
#1959 = CARTESIAN_POINT('',(-125.95,-35.75));
#1960 = CARTESIAN_POINT('',(34.75,-35.75));
#1961 = ( GEOMETRIC_REPRESENTATION_CONTEXT(2) 
PARAMETRIC_REPRESENTATION_CONTEXT() REPRESENTATION_CONTEXT('2D SPACE',''
  ) );
#1962 = ORIENTED_EDGE('',*,*,#1963,.F.);
#1963 = EDGE_CURVE('',#1912,#1949,#1964,.T.);
#1964 = SURFACE_CURVE('',#1965,(#1969),.PCURVE_S1.);
#1965 = LINE('',#1966,#1967);
#1966 = CARTESIAN_POINT('',(108.12265380851,153.95,-30.5));
#1967 = VECTOR('',#1968,1.);
#1968 = DIRECTION('',(0.,1.,0.));
#1969 = PCURVE('',#1922,#1970);
#1970 = DEFINITIONAL_REPRESENTATION('',(#1971),#1974);
#1971 = B_SPLINE_CURVE_WITH_KNOTS('',1,(#1972,#1973),.UNSPECIFIED.,.F.,
  .F.,(2,2),(-5.999999928008E-07,4.2000006),.PIECEWISE_BEZIER_KNOTS.);
#1972 = CARTESIAN_POINT('',(27.522653808515,-39.9500006));
#1973 = CARTESIAN_POINT('',(27.522653808515,-35.7499994));
#1974 = ( GEOMETRIC_REPRESENTATION_CONTEXT(2) 
PARAMETRIC_REPRESENTATION_CONTEXT() REPRESENTATION_CONTEXT('2D SPACE',''
  ) );
#1975 = SHELL_BASED_SURFACE_MODEL('',(#1976));
#1976 = OPEN_SHELL('',(#1977));
#1977 = ADVANCED_FACE('',(#1978),#1992,.T.);
#1978 = FACE_BOUND('',#1979,.T.);
#1979 = EDGE_LOOP('',(#1980,#2002,#2017,#2032));
#1980 = ORIENTED_EDGE('',*,*,#1981,.F.);
#1981 = EDGE_CURVE('',#1982,#1984,#1986,.T.);
#1982 = VERTEX_POINT('',#1983);
#1983 = CARTESIAN_POINT('',(-45.32510504194,158.65,-30.5));
#1984 = VERTEX_POINT('',#1985);
#1985 = CARTESIAN_POINT('',(-45.32510504194,162.85,-30.5));
#1986 = SURFACE_CURVE('',#1987,(#1991),.PCURVE_S1.);
#1987 = LINE('',#1988,#1989);
#1988 = CARTESIAN_POINT('',(-45.32510504194,158.65,-30.5));
#1989 = VECTOR('',#1990,1.);
#1990 = DIRECTION('',(0.,1.,0.));
#1991 = PCURVE('',#1992,#1997);
#1992 = PLANE('',#1993);
#1993 = AXIS2_PLACEMENT_3D('',#1994,#1995,#1996);
#1994 = CARTESIAN_POINT('',(80.6,193.9,-30.5));
#1995 = DIRECTION('',(0.,0.,1.));
#1996 = DIRECTION('',(1.,0.,-0.));
#1997 = DEFINITIONAL_REPRESENTATION('',(#1998),#2001);
#1998 = B_SPLINE_CURVE_WITH_KNOTS('',1,(#1999,#2000),.UNSPECIFIED.,.F.,
  .F.,(2,2),(-5.999999928008E-07,4.2000006),.PIECEWISE_BEZIER_KNOTS.);
#1999 = CARTESIAN_POINT('',(-125.9251050419,-35.2500006));
#2000 = CARTESIAN_POINT('',(-125.9251050419,-31.0499994));
#2001 = ( GEOMETRIC_REPRESENTATION_CONTEXT(2) 
PARAMETRIC_REPRESENTATION_CONTEXT() REPRESENTATION_CONTEXT('2D SPACE',''
  ) );
#2002 = ORIENTED_EDGE('',*,*,#2003,.T.);
#2003 = EDGE_CURVE('',#1982,#2004,#2006,.T.);
#2004 = VERTEX_POINT('',#2005);
#2005 = CARTESIAN_POINT('',(-38.12265380851,158.65,-30.5));
#2006 = SURFACE_CURVE('',#2007,(#2011),.PCURVE_S1.);
#2007 = LINE('',#2008,#2009);
#2008 = CARTESIAN_POINT('',(57.8,158.65,-30.5));
#2009 = VECTOR('',#2010,1.);
#2010 = DIRECTION('',(1.,0.,0.));
#2011 = PCURVE('',#1992,#2012);
#2012 = DEFINITIONAL_REPRESENTATION('',(#2013),#2016);
#2013 = B_SPLINE_CURVE_WITH_KNOTS('',1,(#2014,#2015),.UNSPECIFIED.,.F.,
  .F.,(2,2),(-103.15,57.55),.PIECEWISE_BEZIER_KNOTS.);
#2014 = CARTESIAN_POINT('',(-125.95,-35.25));
#2015 = CARTESIAN_POINT('',(34.75,-35.25));
#2016 = ( GEOMETRIC_REPRESENTATION_CONTEXT(2) 
PARAMETRIC_REPRESENTATION_CONTEXT() REPRESENTATION_CONTEXT('2D SPACE',''
  ) );
#2017 = ORIENTED_EDGE('',*,*,#2018,.T.);
#2018 = EDGE_CURVE('',#2004,#2019,#2021,.T.);
#2019 = VERTEX_POINT('',#2020);
#2020 = CARTESIAN_POINT('',(-38.12265380851,162.85,-30.5));
#2021 = SURFACE_CURVE('',#2022,(#2026),.PCURVE_S1.);
#2022 = LINE('',#2023,#2024);
#2023 = CARTESIAN_POINT('',(-38.12265380851,158.65,-30.5));
#2024 = VECTOR('',#2025,1.);
#2025 = DIRECTION('',(0.,1.,0.));
#2026 = PCURVE('',#1992,#2027);
#2027 = DEFINITIONAL_REPRESENTATION('',(#2028),#2031);
#2028 = B_SPLINE_CURVE_WITH_KNOTS('',1,(#2029,#2030),.UNSPECIFIED.,.F.,
  .F.,(2,2),(-5.999999928008E-07,4.2000006),.PIECEWISE_BEZIER_KNOTS.);
#2029 = CARTESIAN_POINT('',(-118.7226538085,-35.2500006));
#2030 = CARTESIAN_POINT('',(-118.7226538085,-31.0499994));
#2031 = ( GEOMETRIC_REPRESENTATION_CONTEXT(2) 
PARAMETRIC_REPRESENTATION_CONTEXT() REPRESENTATION_CONTEXT('2D SPACE',''
  ) );
#2032 = ORIENTED_EDGE('',*,*,#2033,.F.);
#2033 = EDGE_CURVE('',#1984,#2019,#2034,.T.);
#2034 = SURFACE_CURVE('',#2035,(#2039),.PCURVE_S1.);
#2035 = LINE('',#2036,#2037);
#2036 = CARTESIAN_POINT('',(57.8,162.85,-30.5));
#2037 = VECTOR('',#2038,1.);
#2038 = DIRECTION('',(1.,0.,0.));
#2039 = PCURVE('',#1992,#2040);
#2040 = DEFINITIONAL_REPRESENTATION('',(#2041),#2044);
#2041 = B_SPLINE_CURVE_WITH_KNOTS('',1,(#2042,#2043),.UNSPECIFIED.,.F.,
  .F.,(2,2),(-103.15,57.55),.PIECEWISE_BEZIER_KNOTS.);
#2042 = CARTESIAN_POINT('',(-125.95,-31.05));
#2043 = CARTESIAN_POINT('',(34.75,-31.05));
#2044 = ( GEOMETRIC_REPRESENTATION_CONTEXT(2) 
PARAMETRIC_REPRESENTATION_CONTEXT() REPRESENTATION_CONTEXT('2D SPACE',''
  ) );
#2045 = SHELL_BASED_SURFACE_MODEL('',(#2046));
#2046 = OPEN_SHELL('',(#2047));
#2047 = ADVANCED_FACE('',(#2048),#2062,.T.);
#2048 = FACE_BOUND('',#2049,.T.);
#2049 = EDGE_LOOP('',(#2050,#2072,#2087,#2102));
#2050 = ORIENTED_EDGE('',*,*,#2051,.T.);
#2051 = EDGE_CURVE('',#2052,#2054,#2056,.T.);
#2052 = VERTEX_POINT('',#2053);
#2053 = CARTESIAN_POINT('',(108.12265380851,158.65,-30.5));
#2054 = VERTEX_POINT('',#2055);
#2055 = CARTESIAN_POINT('',(115.32510504194,158.65,-30.5));
#2056 = SURFACE_CURVE('',#2057,(#2061),.PCURVE_S1.);
#2057 = LINE('',#2058,#2059);
#2058 = CARTESIAN_POINT('',(57.8,158.65,-30.5));
#2059 = VECTOR('',#2060,1.);
#2060 = DIRECTION('',(1.,0.,0.));
#2061 = PCURVE('',#2062,#2067);
#2062 = PLANE('',#2063);
#2063 = AXIS2_PLACEMENT_3D('',#2064,#2065,#2066);
#2064 = CARTESIAN_POINT('',(80.6,193.9,-30.5));
#2065 = DIRECTION('',(0.,0.,1.));
#2066 = DIRECTION('',(1.,0.,-0.));
#2067 = DEFINITIONAL_REPRESENTATION('',(#2068),#2071);
#2068 = B_SPLINE_CURVE_WITH_KNOTS('',1,(#2069,#2070),.UNSPECIFIED.,.F.,
  .F.,(2,2),(-103.15,57.55),.PIECEWISE_BEZIER_KNOTS.);
#2069 = CARTESIAN_POINT('',(-125.95,-35.25));
#2070 = CARTESIAN_POINT('',(34.75,-35.25));
#2071 = ( GEOMETRIC_REPRESENTATION_CONTEXT(2) 
PARAMETRIC_REPRESENTATION_CONTEXT() REPRESENTATION_CONTEXT('2D SPACE',''
  ) );
#2072 = ORIENTED_EDGE('',*,*,#2073,.T.);
#2073 = EDGE_CURVE('',#2054,#2074,#2076,.T.);
#2074 = VERTEX_POINT('',#2075);
#2075 = CARTESIAN_POINT('',(115.32510504194,162.85,-30.5));
#2076 = SURFACE_CURVE('',#2077,(#2081),.PCURVE_S1.);
#2077 = LINE('',#2078,#2079);
#2078 = CARTESIAN_POINT('',(115.32510504194,158.65,-30.5));
#2079 = VECTOR('',#2080,1.);
#2080 = DIRECTION('',(0.,1.,0.));
#2081 = PCURVE('',#2062,#2082);
#2082 = DEFINITIONAL_REPRESENTATION('',(#2083),#2086);
#2083 = B_SPLINE_CURVE_WITH_KNOTS('',1,(#2084,#2085),.UNSPECIFIED.,.F.,
  .F.,(2,2),(-5.999999928008E-07,4.2000006),.PIECEWISE_BEZIER_KNOTS.);
#2084 = CARTESIAN_POINT('',(34.725105041948,-35.2500006));
#2085 = CARTESIAN_POINT('',(34.725105041948,-31.0499994));
#2086 = ( GEOMETRIC_REPRESENTATION_CONTEXT(2) 
PARAMETRIC_REPRESENTATION_CONTEXT() REPRESENTATION_CONTEXT('2D SPACE',''
  ) );
#2087 = ORIENTED_EDGE('',*,*,#2088,.F.);
#2088 = EDGE_CURVE('',#2089,#2074,#2091,.T.);
#2089 = VERTEX_POINT('',#2090);
#2090 = CARTESIAN_POINT('',(108.12265380851,162.85,-30.5));
#2091 = SURFACE_CURVE('',#2092,(#2096),.PCURVE_S1.);
#2092 = LINE('',#2093,#2094);
#2093 = CARTESIAN_POINT('',(57.8,162.85,-30.5));
#2094 = VECTOR('',#2095,1.);
#2095 = DIRECTION('',(1.,0.,0.));
#2096 = PCURVE('',#2062,#2097);
#2097 = DEFINITIONAL_REPRESENTATION('',(#2098),#2101);
#2098 = B_SPLINE_CURVE_WITH_KNOTS('',1,(#2099,#2100),.UNSPECIFIED.,.F.,
  .F.,(2,2),(-103.15,57.55),.PIECEWISE_BEZIER_KNOTS.);
#2099 = CARTESIAN_POINT('',(-125.95,-31.05));
#2100 = CARTESIAN_POINT('',(34.75,-31.05));
#2101 = ( GEOMETRIC_REPRESENTATION_CONTEXT(2) 
PARAMETRIC_REPRESENTATION_CONTEXT() REPRESENTATION_CONTEXT('2D SPACE',''
  ) );
#2102 = ORIENTED_EDGE('',*,*,#2103,.F.);
#2103 = EDGE_CURVE('',#2052,#2089,#2104,.T.);
#2104 = SURFACE_CURVE('',#2105,(#2109),.PCURVE_S1.);
#2105 = LINE('',#2106,#2107);
#2106 = CARTESIAN_POINT('',(108.12265380851,158.65,-30.5));
#2107 = VECTOR('',#2108,1.);
#2108 = DIRECTION('',(0.,1.,0.));
#2109 = PCURVE('',#2062,#2110);
#2110 = DEFINITIONAL_REPRESENTATION('',(#2111),#2114);
#2111 = B_SPLINE_CURVE_WITH_KNOTS('',1,(#2112,#2113),.UNSPECIFIED.,.F.,
  .F.,(2,2),(-5.999999928008E-07,4.2000006),.PIECEWISE_BEZIER_KNOTS.);
#2112 = CARTESIAN_POINT('',(27.522653808515,-35.2500006));
#2113 = CARTESIAN_POINT('',(27.522653808515,-31.0499994));
#2114 = ( GEOMETRIC_REPRESENTATION_CONTEXT(2) 
PARAMETRIC_REPRESENTATION_CONTEXT() REPRESENTATION_CONTEXT('2D SPACE',''
  ) );
#2115 = SHELL_BASED_SURFACE_MODEL('',(#2116));
#2116 = OPEN_SHELL('',(#2117));
#2117 = ADVANCED_FACE('',(#2118),#2132,.T.);
#2118 = FACE_BOUND('',#2119,.T.);
#2119 = EDGE_LOOP('',(#2120,#2142,#2157,#2172));
#2120 = ORIENTED_EDGE('',*,*,#2121,.F.);
#2121 = EDGE_CURVE('',#2122,#2124,#2126,.T.);
#2122 = VERTEX_POINT('',#2123);
#2123 = CARTESIAN_POINT('',(-45.32510504194,163.35,-30.5));
#2124 = VERTEX_POINT('',#2125);
#2125 = CARTESIAN_POINT('',(-45.32510504194,167.55,-30.5));
#2126 = SURFACE_CURVE('',#2127,(#2131),.PCURVE_S1.);
#2127 = LINE('',#2128,#2129);
#2128 = CARTESIAN_POINT('',(-45.32510504194,163.35,-30.5));
#2129 = VECTOR('',#2130,1.);
#2130 = DIRECTION('',(0.,1.,0.));
#2131 = PCURVE('',#2132,#2137);
#2132 = PLANE('',#2133);
#2133 = AXIS2_PLACEMENT_3D('',#2134,#2135,#2136);
#2134 = CARTESIAN_POINT('',(80.6,193.9,-30.5));
#2135 = DIRECTION('',(0.,0.,1.));
#2136 = DIRECTION('',(1.,0.,-0.));
#2137 = DEFINITIONAL_REPRESENTATION('',(#2138),#2141);
#2138 = B_SPLINE_CURVE_WITH_KNOTS('',1,(#2139,#2140),.UNSPECIFIED.,.F.,
  .F.,(2,2),(-5.999999928008E-07,4.2000006),.PIECEWISE_BEZIER_KNOTS.);
#2139 = CARTESIAN_POINT('',(-125.9251050419,-30.5500006));
#2140 = CARTESIAN_POINT('',(-125.9251050419,-26.3499994));
#2141 = ( GEOMETRIC_REPRESENTATION_CONTEXT(2) 
PARAMETRIC_REPRESENTATION_CONTEXT() REPRESENTATION_CONTEXT('2D SPACE',''
  ) );
#2142 = ORIENTED_EDGE('',*,*,#2143,.T.);
#2143 = EDGE_CURVE('',#2122,#2144,#2146,.T.);
#2144 = VERTEX_POINT('',#2145);
#2145 = CARTESIAN_POINT('',(-38.12265380851,163.35,-30.5));
#2146 = SURFACE_CURVE('',#2147,(#2151),.PCURVE_S1.);
#2147 = LINE('',#2148,#2149);
#2148 = CARTESIAN_POINT('',(57.8,163.35,-30.5));
#2149 = VECTOR('',#2150,1.);
#2150 = DIRECTION('',(1.,0.,0.));
#2151 = PCURVE('',#2132,#2152);
#2152 = DEFINITIONAL_REPRESENTATION('',(#2153),#2156);
#2153 = B_SPLINE_CURVE_WITH_KNOTS('',1,(#2154,#2155),.UNSPECIFIED.,.F.,
  .F.,(2,2),(-103.15,57.55),.PIECEWISE_BEZIER_KNOTS.);
#2154 = CARTESIAN_POINT('',(-125.95,-30.55));
#2155 = CARTESIAN_POINT('',(34.75,-30.55));
#2156 = ( GEOMETRIC_REPRESENTATION_CONTEXT(2) 
PARAMETRIC_REPRESENTATION_CONTEXT() REPRESENTATION_CONTEXT('2D SPACE',''
  ) );
#2157 = ORIENTED_EDGE('',*,*,#2158,.T.);
#2158 = EDGE_CURVE('',#2144,#2159,#2161,.T.);
#2159 = VERTEX_POINT('',#2160);
#2160 = CARTESIAN_POINT('',(-38.12265380851,167.55,-30.5));
#2161 = SURFACE_CURVE('',#2162,(#2166),.PCURVE_S1.);
#2162 = LINE('',#2163,#2164);
#2163 = CARTESIAN_POINT('',(-38.12265380851,163.35,-30.5));
#2164 = VECTOR('',#2165,1.);
#2165 = DIRECTION('',(0.,1.,0.));
#2166 = PCURVE('',#2132,#2167);
#2167 = DEFINITIONAL_REPRESENTATION('',(#2168),#2171);
#2168 = B_SPLINE_CURVE_WITH_KNOTS('',1,(#2169,#2170),.UNSPECIFIED.,.F.,
  .F.,(2,2),(-5.999999928008E-07,4.2000006),.PIECEWISE_BEZIER_KNOTS.);
#2169 = CARTESIAN_POINT('',(-118.7226538085,-30.5500006));
#2170 = CARTESIAN_POINT('',(-118.7226538085,-26.3499994));
#2171 = ( GEOMETRIC_REPRESENTATION_CONTEXT(2) 
PARAMETRIC_REPRESENTATION_CONTEXT() REPRESENTATION_CONTEXT('2D SPACE',''
  ) );
#2172 = ORIENTED_EDGE('',*,*,#2173,.F.);
#2173 = EDGE_CURVE('',#2124,#2159,#2174,.T.);
#2174 = SURFACE_CURVE('',#2175,(#2179),.PCURVE_S1.);
#2175 = LINE('',#2176,#2177);
#2176 = CARTESIAN_POINT('',(57.8,167.55,-30.5));
#2177 = VECTOR('',#2178,1.);
#2178 = DIRECTION('',(1.,0.,0.));
#2179 = PCURVE('',#2132,#2180);
#2180 = DEFINITIONAL_REPRESENTATION('',(#2181),#2184);
#2181 = B_SPLINE_CURVE_WITH_KNOTS('',1,(#2182,#2183),.UNSPECIFIED.,.F.,
  .F.,(2,2),(-103.15,57.55),.PIECEWISE_BEZIER_KNOTS.);
#2182 = CARTESIAN_POINT('',(-125.95,-26.35));
#2183 = CARTESIAN_POINT('',(34.75,-26.35));
#2184 = ( GEOMETRIC_REPRESENTATION_CONTEXT(2) 
PARAMETRIC_REPRESENTATION_CONTEXT() REPRESENTATION_CONTEXT('2D SPACE',''
  ) );
#2185 = SHELL_BASED_SURFACE_MODEL('',(#2186));
#2186 = OPEN_SHELL('',(#2187));
#2187 = ADVANCED_FACE('',(#2188),#2202,.T.);
#2188 = FACE_BOUND('',#2189,.T.);
#2189 = EDGE_LOOP('',(#2190,#2212,#2227,#2242));
#2190 = ORIENTED_EDGE('',*,*,#2191,.T.);
#2191 = EDGE_CURVE('',#2192,#2194,#2196,.T.);
#2192 = VERTEX_POINT('',#2193);
#2193 = CARTESIAN_POINT('',(108.12265380851,163.35,-30.5));
#2194 = VERTEX_POINT('',#2195);
#2195 = CARTESIAN_POINT('',(115.32510504194,163.35,-30.5));
#2196 = SURFACE_CURVE('',#2197,(#2201),.PCURVE_S1.);
#2197 = LINE('',#2198,#2199);
#2198 = CARTESIAN_POINT('',(57.8,163.35,-30.5));
#2199 = VECTOR('',#2200,1.);
#2200 = DIRECTION('',(1.,0.,0.));
#2201 = PCURVE('',#2202,#2207);
#2202 = PLANE('',#2203);
#2203 = AXIS2_PLACEMENT_3D('',#2204,#2205,#2206);
#2204 = CARTESIAN_POINT('',(80.6,193.9,-30.5));
#2205 = DIRECTION('',(0.,0.,1.));
#2206 = DIRECTION('',(1.,0.,-0.));
#2207 = DEFINITIONAL_REPRESENTATION('',(#2208),#2211);
#2208 = B_SPLINE_CURVE_WITH_KNOTS('',1,(#2209,#2210),.UNSPECIFIED.,.F.,
  .F.,(2,2),(-103.15,57.55),.PIECEWISE_BEZIER_KNOTS.);
#2209 = CARTESIAN_POINT('',(-125.95,-30.55));
#2210 = CARTESIAN_POINT('',(34.75,-30.55));
#2211 = ( GEOMETRIC_REPRESENTATION_CONTEXT(2) 
PARAMETRIC_REPRESENTATION_CONTEXT() REPRESENTATION_CONTEXT('2D SPACE',''
  ) );
#2212 = ORIENTED_EDGE('',*,*,#2213,.T.);
#2213 = EDGE_CURVE('',#2194,#2214,#2216,.T.);
#2214 = VERTEX_POINT('',#2215);
#2215 = CARTESIAN_POINT('',(115.32510504194,167.55,-30.5));
#2216 = SURFACE_CURVE('',#2217,(#2221),.PCURVE_S1.);
#2217 = LINE('',#2218,#2219);
#2218 = CARTESIAN_POINT('',(115.32510504194,163.35,-30.5));
#2219 = VECTOR('',#2220,1.);
#2220 = DIRECTION('',(0.,1.,0.));
#2221 = PCURVE('',#2202,#2222);
#2222 = DEFINITIONAL_REPRESENTATION('',(#2223),#2226);
#2223 = B_SPLINE_CURVE_WITH_KNOTS('',1,(#2224,#2225),.UNSPECIFIED.,.F.,
  .F.,(2,2),(-5.999999928008E-07,4.2000006),.PIECEWISE_BEZIER_KNOTS.);
#2224 = CARTESIAN_POINT('',(34.725105041948,-30.5500006));
#2225 = CARTESIAN_POINT('',(34.725105041948,-26.3499994));
#2226 = ( GEOMETRIC_REPRESENTATION_CONTEXT(2) 
PARAMETRIC_REPRESENTATION_CONTEXT() REPRESENTATION_CONTEXT('2D SPACE',''
  ) );
#2227 = ORIENTED_EDGE('',*,*,#2228,.F.);
#2228 = EDGE_CURVE('',#2229,#2214,#2231,.T.);
#2229 = VERTEX_POINT('',#2230);
#2230 = CARTESIAN_POINT('',(108.12265380851,167.55,-30.5));
#2231 = SURFACE_CURVE('',#2232,(#2236),.PCURVE_S1.);
#2232 = LINE('',#2233,#2234);
#2233 = CARTESIAN_POINT('',(57.8,167.55,-30.5));
#2234 = VECTOR('',#2235,1.);
#2235 = DIRECTION('',(1.,0.,0.));
#2236 = PCURVE('',#2202,#2237);
#2237 = DEFINITIONAL_REPRESENTATION('',(#2238),#2241);
#2238 = B_SPLINE_CURVE_WITH_KNOTS('',1,(#2239,#2240),.UNSPECIFIED.,.F.,
  .F.,(2,2),(-103.15,57.55),.PIECEWISE_BEZIER_KNOTS.);
#2239 = CARTESIAN_POINT('',(-125.95,-26.35));
#2240 = CARTESIAN_POINT('',(34.75,-26.35));
#2241 = ( GEOMETRIC_REPRESENTATION_CONTEXT(2) 
PARAMETRIC_REPRESENTATION_CONTEXT() REPRESENTATION_CONTEXT('2D SPACE',''
  ) );
#2242 = ORIENTED_EDGE('',*,*,#2243,.F.);
#2243 = EDGE_CURVE('',#2192,#2229,#2244,.T.);
#2244 = SURFACE_CURVE('',#2245,(#2249),.PCURVE_S1.);
#2245 = LINE('',#2246,#2247);
#2246 = CARTESIAN_POINT('',(108.12265380851,163.35,-30.5));
#2247 = VECTOR('',#2248,1.);
#2248 = DIRECTION('',(0.,1.,0.));
#2249 = PCURVE('',#2202,#2250);
#2250 = DEFINITIONAL_REPRESENTATION('',(#2251),#2254);
#2251 = B_SPLINE_CURVE_WITH_KNOTS('',1,(#2252,#2253),.UNSPECIFIED.,.F.,
  .F.,(2,2),(-5.999999928008E-07,4.2000006),.PIECEWISE_BEZIER_KNOTS.);
#2252 = CARTESIAN_POINT('',(27.522653808515,-30.5500006));
#2253 = CARTESIAN_POINT('',(27.522653808515,-26.3499994));
#2254 = ( GEOMETRIC_REPRESENTATION_CONTEXT(2) 
PARAMETRIC_REPRESENTATION_CONTEXT() REPRESENTATION_CONTEXT('2D SPACE',''
  ) );
#2255 = SHELL_BASED_SURFACE_MODEL('',(#2256));
#2256 = OPEN_SHELL('',(#2257));
#2257 = ADVANCED_FACE('',(#2258),#2272,.T.);
#2258 = FACE_BOUND('',#2259,.T.);
#2259 = EDGE_LOOP('',(#2260,#2282,#2297,#2312));
#2260 = ORIENTED_EDGE('',*,*,#2261,.F.);
#2261 = EDGE_CURVE('',#2262,#2264,#2266,.T.);
#2262 = VERTEX_POINT('',#2263);
#2263 = CARTESIAN_POINT('',(-45.32510504194,168.05,-30.5));
#2264 = VERTEX_POINT('',#2265);
#2265 = CARTESIAN_POINT('',(-45.32510504194,172.25,-30.5));
#2266 = SURFACE_CURVE('',#2267,(#2271),.PCURVE_S1.);
#2267 = LINE('',#2268,#2269);
#2268 = CARTESIAN_POINT('',(-45.32510504194,168.05,-30.5));
#2269 = VECTOR('',#2270,1.);
#2270 = DIRECTION('',(0.,1.,0.));
#2271 = PCURVE('',#2272,#2277);
#2272 = PLANE('',#2273);
#2273 = AXIS2_PLACEMENT_3D('',#2274,#2275,#2276);
#2274 = CARTESIAN_POINT('',(80.6,193.9,-30.5));
#2275 = DIRECTION('',(0.,0.,1.));
#2276 = DIRECTION('',(1.,0.,-0.));
#2277 = DEFINITIONAL_REPRESENTATION('',(#2278),#2281);
#2278 = B_SPLINE_CURVE_WITH_KNOTS('',1,(#2279,#2280),.UNSPECIFIED.,.F.,
  .F.,(2,2),(-5.999999928008E-07,4.2000006),.PIECEWISE_BEZIER_KNOTS.);
#2279 = CARTESIAN_POINT('',(-125.9251050419,-25.8500006));
#2280 = CARTESIAN_POINT('',(-125.9251050419,-21.6499994));
#2281 = ( GEOMETRIC_REPRESENTATION_CONTEXT(2) 
PARAMETRIC_REPRESENTATION_CONTEXT() REPRESENTATION_CONTEXT('2D SPACE',''
  ) );
#2282 = ORIENTED_EDGE('',*,*,#2283,.T.);
#2283 = EDGE_CURVE('',#2262,#2284,#2286,.T.);
#2284 = VERTEX_POINT('',#2285);
#2285 = CARTESIAN_POINT('',(-38.12265380851,168.05,-30.5));
#2286 = SURFACE_CURVE('',#2287,(#2291),.PCURVE_S1.);
#2287 = LINE('',#2288,#2289);
#2288 = CARTESIAN_POINT('',(57.8,168.05,-30.5));
#2289 = VECTOR('',#2290,1.);
#2290 = DIRECTION('',(1.,0.,0.));
#2291 = PCURVE('',#2272,#2292);
#2292 = DEFINITIONAL_REPRESENTATION('',(#2293),#2296);
#2293 = B_SPLINE_CURVE_WITH_KNOTS('',1,(#2294,#2295),.UNSPECIFIED.,.F.,
  .F.,(2,2),(-103.15,57.55),.PIECEWISE_BEZIER_KNOTS.);
#2294 = CARTESIAN_POINT('',(-125.95,-25.85));
#2295 = CARTESIAN_POINT('',(34.75,-25.85));
#2296 = ( GEOMETRIC_REPRESENTATION_CONTEXT(2) 
PARAMETRIC_REPRESENTATION_CONTEXT() REPRESENTATION_CONTEXT('2D SPACE',''
  ) );
#2297 = ORIENTED_EDGE('',*,*,#2298,.T.);
#2298 = EDGE_CURVE('',#2284,#2299,#2301,.T.);
#2299 = VERTEX_POINT('',#2300);
#2300 = CARTESIAN_POINT('',(-38.12265380851,172.25,-30.5));
#2301 = SURFACE_CURVE('',#2302,(#2306),.PCURVE_S1.);
#2302 = LINE('',#2303,#2304);
#2303 = CARTESIAN_POINT('',(-38.12265380851,168.05,-30.5));
#2304 = VECTOR('',#2305,1.);
#2305 = DIRECTION('',(0.,1.,0.));
#2306 = PCURVE('',#2272,#2307);
#2307 = DEFINITIONAL_REPRESENTATION('',(#2308),#2311);
#2308 = B_SPLINE_CURVE_WITH_KNOTS('',1,(#2309,#2310),.UNSPECIFIED.,.F.,
  .F.,(2,2),(-5.999999928008E-07,4.2000006),.PIECEWISE_BEZIER_KNOTS.);
#2309 = CARTESIAN_POINT('',(-118.7226538085,-25.8500006));
#2310 = CARTESIAN_POINT('',(-118.7226538085,-21.6499994));
#2311 = ( GEOMETRIC_REPRESENTATION_CONTEXT(2) 
PARAMETRIC_REPRESENTATION_CONTEXT() REPRESENTATION_CONTEXT('2D SPACE',''
  ) );
#2312 = ORIENTED_EDGE('',*,*,#2313,.F.);
#2313 = EDGE_CURVE('',#2264,#2299,#2314,.T.);
#2314 = SURFACE_CURVE('',#2315,(#2319),.PCURVE_S1.);
#2315 = LINE('',#2316,#2317);
#2316 = CARTESIAN_POINT('',(57.8,172.25,-30.5));
#2317 = VECTOR('',#2318,1.);
#2318 = DIRECTION('',(1.,0.,0.));
#2319 = PCURVE('',#2272,#2320);
#2320 = DEFINITIONAL_REPRESENTATION('',(#2321),#2324);
#2321 = B_SPLINE_CURVE_WITH_KNOTS('',1,(#2322,#2323),.UNSPECIFIED.,.F.,
  .F.,(2,2),(-103.15,57.55),.PIECEWISE_BEZIER_KNOTS.);
#2322 = CARTESIAN_POINT('',(-125.95,-21.65));
#2323 = CARTESIAN_POINT('',(34.75,-21.65));
#2324 = ( GEOMETRIC_REPRESENTATION_CONTEXT(2) 
PARAMETRIC_REPRESENTATION_CONTEXT() REPRESENTATION_CONTEXT('2D SPACE',''
  ) );
#2325 = SHELL_BASED_SURFACE_MODEL('',(#2326));
#2326 = OPEN_SHELL('',(#2327));
#2327 = ADVANCED_FACE('',(#2328),#2342,.T.);
#2328 = FACE_BOUND('',#2329,.T.);
#2329 = EDGE_LOOP('',(#2330,#2352,#2367,#2382));
#2330 = ORIENTED_EDGE('',*,*,#2331,.T.);
#2331 = EDGE_CURVE('',#2332,#2334,#2336,.T.);
#2332 = VERTEX_POINT('',#2333);
#2333 = CARTESIAN_POINT('',(108.12265380851,168.05,-30.5));
#2334 = VERTEX_POINT('',#2335);
#2335 = CARTESIAN_POINT('',(115.32510504194,168.05,-30.5));
#2336 = SURFACE_CURVE('',#2337,(#2341),.PCURVE_S1.);
#2337 = LINE('',#2338,#2339);
#2338 = CARTESIAN_POINT('',(57.8,168.05,-30.5));
#2339 = VECTOR('',#2340,1.);
#2340 = DIRECTION('',(1.,0.,0.));
#2341 = PCURVE('',#2342,#2347);
#2342 = PLANE('',#2343);
#2343 = AXIS2_PLACEMENT_3D('',#2344,#2345,#2346);
#2344 = CARTESIAN_POINT('',(80.6,193.9,-30.5));
#2345 = DIRECTION('',(0.,0.,1.));
#2346 = DIRECTION('',(1.,0.,-0.));
#2347 = DEFINITIONAL_REPRESENTATION('',(#2348),#2351);
#2348 = B_SPLINE_CURVE_WITH_KNOTS('',1,(#2349,#2350),.UNSPECIFIED.,.F.,
  .F.,(2,2),(-103.15,57.55),.PIECEWISE_BEZIER_KNOTS.);
#2349 = CARTESIAN_POINT('',(-125.95,-25.85));
#2350 = CARTESIAN_POINT('',(34.75,-25.85));
#2351 = ( GEOMETRIC_REPRESENTATION_CONTEXT(2) 
PARAMETRIC_REPRESENTATION_CONTEXT() REPRESENTATION_CONTEXT('2D SPACE',''
  ) );
#2352 = ORIENTED_EDGE('',*,*,#2353,.T.);
#2353 = EDGE_CURVE('',#2334,#2354,#2356,.T.);
#2354 = VERTEX_POINT('',#2355);
#2355 = CARTESIAN_POINT('',(115.32510504194,172.25,-30.5));
#2356 = SURFACE_CURVE('',#2357,(#2361),.PCURVE_S1.);
#2357 = LINE('',#2358,#2359);
#2358 = CARTESIAN_POINT('',(115.32510504194,168.05,-30.5));
#2359 = VECTOR('',#2360,1.);
#2360 = DIRECTION('',(0.,1.,0.));
#2361 = PCURVE('',#2342,#2362);
#2362 = DEFINITIONAL_REPRESENTATION('',(#2363),#2366);
#2363 = B_SPLINE_CURVE_WITH_KNOTS('',1,(#2364,#2365),.UNSPECIFIED.,.F.,
  .F.,(2,2),(-5.999999928008E-07,4.2000006),.PIECEWISE_BEZIER_KNOTS.);
#2364 = CARTESIAN_POINT('',(34.725105041948,-25.8500006));
#2365 = CARTESIAN_POINT('',(34.725105041948,-21.6499994));
#2366 = ( GEOMETRIC_REPRESENTATION_CONTEXT(2) 
PARAMETRIC_REPRESENTATION_CONTEXT() REPRESENTATION_CONTEXT('2D SPACE',''
  ) );
#2367 = ORIENTED_EDGE('',*,*,#2368,.F.);
#2368 = EDGE_CURVE('',#2369,#2354,#2371,.T.);
#2369 = VERTEX_POINT('',#2370);
#2370 = CARTESIAN_POINT('',(108.12265380851,172.25,-30.5));
#2371 = SURFACE_CURVE('',#2372,(#2376),.PCURVE_S1.);
#2372 = LINE('',#2373,#2374);
#2373 = CARTESIAN_POINT('',(57.8,172.25,-30.5));
#2374 = VECTOR('',#2375,1.);
#2375 = DIRECTION('',(1.,0.,0.));
#2376 = PCURVE('',#2342,#2377);
#2377 = DEFINITIONAL_REPRESENTATION('',(#2378),#2381);
#2378 = B_SPLINE_CURVE_WITH_KNOTS('',1,(#2379,#2380),.UNSPECIFIED.,.F.,
  .F.,(2,2),(-103.15,57.55),.PIECEWISE_BEZIER_KNOTS.);
#2379 = CARTESIAN_POINT('',(-125.95,-21.65));
#2380 = CARTESIAN_POINT('',(34.75,-21.65));
#2381 = ( GEOMETRIC_REPRESENTATION_CONTEXT(2) 
PARAMETRIC_REPRESENTATION_CONTEXT() REPRESENTATION_CONTEXT('2D SPACE',''
  ) );
#2382 = ORIENTED_EDGE('',*,*,#2383,.F.);
#2383 = EDGE_CURVE('',#2332,#2369,#2384,.T.);
#2384 = SURFACE_CURVE('',#2385,(#2389),.PCURVE_S1.);
#2385 = LINE('',#2386,#2387);
#2386 = CARTESIAN_POINT('',(108.12265380851,168.05,-30.5));
#2387 = VECTOR('',#2388,1.);
#2388 = DIRECTION('',(0.,1.,0.));
#2389 = PCURVE('',#2342,#2390);
#2390 = DEFINITIONAL_REPRESENTATION('',(#2391),#2394);
#2391 = B_SPLINE_CURVE_WITH_KNOTS('',1,(#2392,#2393),.UNSPECIFIED.,.F.,
  .F.,(2,2),(-5.999999928008E-07,4.2000006),.PIECEWISE_BEZIER_KNOTS.);
#2392 = CARTESIAN_POINT('',(27.522653808515,-25.8500006));
#2393 = CARTESIAN_POINT('',(27.522653808515,-21.6499994));
#2394 = ( GEOMETRIC_REPRESENTATION_CONTEXT(2) 
PARAMETRIC_REPRESENTATION_CONTEXT() REPRESENTATION_CONTEXT('2D SPACE',''
  ) );
#2395 = SHELL_BASED_SURFACE_MODEL('',(#2396));
#2396 = OPEN_SHELL('',(#2397));
#2397 = ADVANCED_FACE('',(#2398),#2412,.T.);
#2398 = FACE_BOUND('',#2399,.T.);
#2399 = EDGE_LOOP('',(#2400,#2422,#2437,#2452));
#2400 = ORIENTED_EDGE('',*,*,#2401,.F.);
#2401 = EDGE_CURVE('',#2402,#2404,#2406,.T.);
#2402 = VERTEX_POINT('',#2403);
#2403 = CARTESIAN_POINT('',(-45.32510504194,172.75,-30.5));
#2404 = VERTEX_POINT('',#2405);
#2405 = CARTESIAN_POINT('',(-45.32510504194,176.95,-30.5));
#2406 = SURFACE_CURVE('',#2407,(#2411),.PCURVE_S1.);
#2407 = LINE('',#2408,#2409);
#2408 = CARTESIAN_POINT('',(-45.32510504194,172.75,-30.5));
#2409 = VECTOR('',#2410,1.);
#2410 = DIRECTION('',(0.,1.,0.));
#2411 = PCURVE('',#2412,#2417);
#2412 = PLANE('',#2413);
#2413 = AXIS2_PLACEMENT_3D('',#2414,#2415,#2416);
#2414 = CARTESIAN_POINT('',(80.6,193.9,-30.5));
#2415 = DIRECTION('',(0.,0.,1.));
#2416 = DIRECTION('',(1.,0.,-0.));
#2417 = DEFINITIONAL_REPRESENTATION('',(#2418),#2421);
#2418 = B_SPLINE_CURVE_WITH_KNOTS('',1,(#2419,#2420),.UNSPECIFIED.,.F.,
  .F.,(2,2),(-5.999999928008E-07,4.2000006),.PIECEWISE_BEZIER_KNOTS.);
#2419 = CARTESIAN_POINT('',(-125.9251050419,-21.1500006));
#2420 = CARTESIAN_POINT('',(-125.9251050419,-16.9499994));
#2421 = ( GEOMETRIC_REPRESENTATION_CONTEXT(2) 
PARAMETRIC_REPRESENTATION_CONTEXT() REPRESENTATION_CONTEXT('2D SPACE',''
  ) );
#2422 = ORIENTED_EDGE('',*,*,#2423,.T.);
#2423 = EDGE_CURVE('',#2402,#2424,#2426,.T.);
#2424 = VERTEX_POINT('',#2425);
#2425 = CARTESIAN_POINT('',(-38.12265380851,172.75,-30.5));
#2426 = SURFACE_CURVE('',#2427,(#2431),.PCURVE_S1.);
#2427 = LINE('',#2428,#2429);
#2428 = CARTESIAN_POINT('',(57.8,172.75,-30.5));
#2429 = VECTOR('',#2430,1.);
#2430 = DIRECTION('',(1.,0.,0.));
#2431 = PCURVE('',#2412,#2432);
#2432 = DEFINITIONAL_REPRESENTATION('',(#2433),#2436);
#2433 = B_SPLINE_CURVE_WITH_KNOTS('',1,(#2434,#2435),.UNSPECIFIED.,.F.,
  .F.,(2,2),(-103.15,57.55),.PIECEWISE_BEZIER_KNOTS.);
#2434 = CARTESIAN_POINT('',(-125.95,-21.15));
#2435 = CARTESIAN_POINT('',(34.75,-21.15));
#2436 = ( GEOMETRIC_REPRESENTATION_CONTEXT(2) 
PARAMETRIC_REPRESENTATION_CONTEXT() REPRESENTATION_CONTEXT('2D SPACE',''
  ) );
#2437 = ORIENTED_EDGE('',*,*,#2438,.T.);
#2438 = EDGE_CURVE('',#2424,#2439,#2441,.T.);
#2439 = VERTEX_POINT('',#2440);
#2440 = CARTESIAN_POINT('',(-38.12265380851,176.95,-30.5));
#2441 = SURFACE_CURVE('',#2442,(#2446),.PCURVE_S1.);
#2442 = LINE('',#2443,#2444);
#2443 = CARTESIAN_POINT('',(-38.12265380851,172.75,-30.5));
#2444 = VECTOR('',#2445,1.);
#2445 = DIRECTION('',(0.,1.,0.));
#2446 = PCURVE('',#2412,#2447);
#2447 = DEFINITIONAL_REPRESENTATION('',(#2448),#2451);
#2448 = B_SPLINE_CURVE_WITH_KNOTS('',1,(#2449,#2450),.UNSPECIFIED.,.F.,
  .F.,(2,2),(-5.999999928008E-07,4.2000006),.PIECEWISE_BEZIER_KNOTS.);
#2449 = CARTESIAN_POINT('',(-118.7226538085,-21.1500006));
#2450 = CARTESIAN_POINT('',(-118.7226538085,-16.9499994));
#2451 = ( GEOMETRIC_REPRESENTATION_CONTEXT(2) 
PARAMETRIC_REPRESENTATION_CONTEXT() REPRESENTATION_CONTEXT('2D SPACE',''
  ) );
#2452 = ORIENTED_EDGE('',*,*,#2453,.F.);
#2453 = EDGE_CURVE('',#2404,#2439,#2454,.T.);
#2454 = SURFACE_CURVE('',#2455,(#2459),.PCURVE_S1.);
#2455 = LINE('',#2456,#2457);
#2456 = CARTESIAN_POINT('',(57.8,176.95,-30.5));
#2457 = VECTOR('',#2458,1.);
#2458 = DIRECTION('',(1.,0.,0.));
#2459 = PCURVE('',#2412,#2460);
#2460 = DEFINITIONAL_REPRESENTATION('',(#2461),#2464);
#2461 = B_SPLINE_CURVE_WITH_KNOTS('',1,(#2462,#2463),.UNSPECIFIED.,.F.,
  .F.,(2,2),(-103.15,57.55),.PIECEWISE_BEZIER_KNOTS.);
#2462 = CARTESIAN_POINT('',(-125.95,-16.95));
#2463 = CARTESIAN_POINT('',(34.75,-16.95));
#2464 = ( GEOMETRIC_REPRESENTATION_CONTEXT(2) 
PARAMETRIC_REPRESENTATION_CONTEXT() REPRESENTATION_CONTEXT('2D SPACE',''
  ) );
#2465 = SHELL_BASED_SURFACE_MODEL('',(#2466));
#2466 = OPEN_SHELL('',(#2467));
#2467 = ADVANCED_FACE('',(#2468),#2482,.T.);
#2468 = FACE_BOUND('',#2469,.T.);
#2469 = EDGE_LOOP('',(#2470,#2492,#2507,#2522));
#2470 = ORIENTED_EDGE('',*,*,#2471,.T.);
#2471 = EDGE_CURVE('',#2472,#2474,#2476,.T.);
#2472 = VERTEX_POINT('',#2473);
#2473 = CARTESIAN_POINT('',(108.12265380851,172.75,-30.5));
#2474 = VERTEX_POINT('',#2475);
#2475 = CARTESIAN_POINT('',(115.32510504194,172.75,-30.5));
#2476 = SURFACE_CURVE('',#2477,(#2481),.PCURVE_S1.);
#2477 = LINE('',#2478,#2479);
#2478 = CARTESIAN_POINT('',(57.8,172.75,-30.5));
#2479 = VECTOR('',#2480,1.);
#2480 = DIRECTION('',(1.,0.,0.));
#2481 = PCURVE('',#2482,#2487);
#2482 = PLANE('',#2483);
#2483 = AXIS2_PLACEMENT_3D('',#2484,#2485,#2486);
#2484 = CARTESIAN_POINT('',(80.6,193.9,-30.5));
#2485 = DIRECTION('',(0.,0.,1.));
#2486 = DIRECTION('',(1.,0.,-0.));
#2487 = DEFINITIONAL_REPRESENTATION('',(#2488),#2491);
#2488 = B_SPLINE_CURVE_WITH_KNOTS('',1,(#2489,#2490),.UNSPECIFIED.,.F.,
  .F.,(2,2),(-103.15,57.55),.PIECEWISE_BEZIER_KNOTS.);
#2489 = CARTESIAN_POINT('',(-125.95,-21.15));
#2490 = CARTESIAN_POINT('',(34.75,-21.15));
#2491 = ( GEOMETRIC_REPRESENTATION_CONTEXT(2) 
PARAMETRIC_REPRESENTATION_CONTEXT() REPRESENTATION_CONTEXT('2D SPACE',''
  ) );
#2492 = ORIENTED_EDGE('',*,*,#2493,.T.);
#2493 = EDGE_CURVE('',#2474,#2494,#2496,.T.);
#2494 = VERTEX_POINT('',#2495);
#2495 = CARTESIAN_POINT('',(115.32510504194,176.95,-30.5));
#2496 = SURFACE_CURVE('',#2497,(#2501),.PCURVE_S1.);
#2497 = LINE('',#2498,#2499);
#2498 = CARTESIAN_POINT('',(115.32510504194,172.75,-30.5));
#2499 = VECTOR('',#2500,1.);
#2500 = DIRECTION('',(0.,1.,0.));
#2501 = PCURVE('',#2482,#2502);
#2502 = DEFINITIONAL_REPRESENTATION('',(#2503),#2506);
#2503 = B_SPLINE_CURVE_WITH_KNOTS('',1,(#2504,#2505),.UNSPECIFIED.,.F.,
  .F.,(2,2),(-5.999999928008E-07,4.2000006),.PIECEWISE_BEZIER_KNOTS.);
#2504 = CARTESIAN_POINT('',(34.725105041948,-21.1500006));
#2505 = CARTESIAN_POINT('',(34.725105041948,-16.9499994));
#2506 = ( GEOMETRIC_REPRESENTATION_CONTEXT(2) 
PARAMETRIC_REPRESENTATION_CONTEXT() REPRESENTATION_CONTEXT('2D SPACE',''
  ) );
#2507 = ORIENTED_EDGE('',*,*,#2508,.F.);
#2508 = EDGE_CURVE('',#2509,#2494,#2511,.T.);
#2509 = VERTEX_POINT('',#2510);
#2510 = CARTESIAN_POINT('',(108.12265380851,176.95,-30.5));
#2511 = SURFACE_CURVE('',#2512,(#2516),.PCURVE_S1.);
#2512 = LINE('',#2513,#2514);
#2513 = CARTESIAN_POINT('',(57.8,176.95,-30.5));
#2514 = VECTOR('',#2515,1.);
#2515 = DIRECTION('',(1.,0.,0.));
#2516 = PCURVE('',#2482,#2517);
#2517 = DEFINITIONAL_REPRESENTATION('',(#2518),#2521);
#2518 = B_SPLINE_CURVE_WITH_KNOTS('',1,(#2519,#2520),.UNSPECIFIED.,.F.,
  .F.,(2,2),(-103.15,57.55),.PIECEWISE_BEZIER_KNOTS.);
#2519 = CARTESIAN_POINT('',(-125.95,-16.95));
#2520 = CARTESIAN_POINT('',(34.75,-16.95));
#2521 = ( GEOMETRIC_REPRESENTATION_CONTEXT(2) 
PARAMETRIC_REPRESENTATION_CONTEXT() REPRESENTATION_CONTEXT('2D SPACE',''
  ) );
#2522 = ORIENTED_EDGE('',*,*,#2523,.F.);
#2523 = EDGE_CURVE('',#2472,#2509,#2524,.T.);
#2524 = SURFACE_CURVE('',#2525,(#2529),.PCURVE_S1.);
#2525 = LINE('',#2526,#2527);
#2526 = CARTESIAN_POINT('',(108.12265380851,172.75,-30.5));
#2527 = VECTOR('',#2528,1.);
#2528 = DIRECTION('',(0.,1.,0.));
#2529 = PCURVE('',#2482,#2530);
#2530 = DEFINITIONAL_REPRESENTATION('',(#2531),#2534);
#2531 = B_SPLINE_CURVE_WITH_KNOTS('',1,(#2532,#2533),.UNSPECIFIED.,.F.,
  .F.,(2,2),(-5.999999928008E-07,4.2000006),.PIECEWISE_BEZIER_KNOTS.);
#2532 = CARTESIAN_POINT('',(27.522653808515,-21.1500006));
#2533 = CARTESIAN_POINT('',(27.522653808515,-16.9499994));
#2534 = ( GEOMETRIC_REPRESENTATION_CONTEXT(2) 
PARAMETRIC_REPRESENTATION_CONTEXT() REPRESENTATION_CONTEXT('2D SPACE',''
  ) );
#2535 = SHELL_BASED_SURFACE_MODEL('',(#2536));
#2536 = OPEN_SHELL('',(#2537));
#2537 = ADVANCED_FACE('',(#2538),#2552,.T.);
#2538 = FACE_BOUND('',#2539,.T.);
#2539 = EDGE_LOOP('',(#2540,#2562,#2577,#2592));
#2540 = ORIENTED_EDGE('',*,*,#2541,.F.);
#2541 = EDGE_CURVE('',#2542,#2544,#2546,.T.);
#2542 = VERTEX_POINT('',#2543);
#2543 = CARTESIAN_POINT('',(-45.32510504194,177.45,-30.5));
#2544 = VERTEX_POINT('',#2545);
#2545 = CARTESIAN_POINT('',(-45.32510504194,181.65,-30.5));
#2546 = SURFACE_CURVE('',#2547,(#2551),.PCURVE_S1.);
#2547 = LINE('',#2548,#2549);
#2548 = CARTESIAN_POINT('',(-45.32510504194,177.45,-30.5));
#2549 = VECTOR('',#2550,1.);
#2550 = DIRECTION('',(0.,1.,0.));
#2551 = PCURVE('',#2552,#2557);
#2552 = PLANE('',#2553);
#2553 = AXIS2_PLACEMENT_3D('',#2554,#2555,#2556);
#2554 = CARTESIAN_POINT('',(80.6,193.9,-30.5));
#2555 = DIRECTION('',(0.,0.,1.));
#2556 = DIRECTION('',(1.,0.,-0.));
#2557 = DEFINITIONAL_REPRESENTATION('',(#2558),#2561);
#2558 = B_SPLINE_CURVE_WITH_KNOTS('',1,(#2559,#2560),.UNSPECIFIED.,.F.,
  .F.,(2,2),(-5.999999928008E-07,4.2000006),.PIECEWISE_BEZIER_KNOTS.);
#2559 = CARTESIAN_POINT('',(-125.9251050419,-16.4500006));
#2560 = CARTESIAN_POINT('',(-125.9251050419,-12.2499994));
#2561 = ( GEOMETRIC_REPRESENTATION_CONTEXT(2) 
PARAMETRIC_REPRESENTATION_CONTEXT() REPRESENTATION_CONTEXT('2D SPACE',''
  ) );
#2562 = ORIENTED_EDGE('',*,*,#2563,.T.);
#2563 = EDGE_CURVE('',#2542,#2564,#2566,.T.);
#2564 = VERTEX_POINT('',#2565);
#2565 = CARTESIAN_POINT('',(-38.12265380851,177.45,-30.5));
#2566 = SURFACE_CURVE('',#2567,(#2571),.PCURVE_S1.);
#2567 = LINE('',#2568,#2569);
#2568 = CARTESIAN_POINT('',(57.8,177.45,-30.5));
#2569 = VECTOR('',#2570,1.);
#2570 = DIRECTION('',(1.,0.,0.));
#2571 = PCURVE('',#2552,#2572);
#2572 = DEFINITIONAL_REPRESENTATION('',(#2573),#2576);
#2573 = B_SPLINE_CURVE_WITH_KNOTS('',1,(#2574,#2575),.UNSPECIFIED.,.F.,
  .F.,(2,2),(-103.15,57.55),.PIECEWISE_BEZIER_KNOTS.);
#2574 = CARTESIAN_POINT('',(-125.95,-16.45));
#2575 = CARTESIAN_POINT('',(34.75,-16.45));
#2576 = ( GEOMETRIC_REPRESENTATION_CONTEXT(2) 
PARAMETRIC_REPRESENTATION_CONTEXT() REPRESENTATION_CONTEXT('2D SPACE',''
  ) );
#2577 = ORIENTED_EDGE('',*,*,#2578,.T.);
#2578 = EDGE_CURVE('',#2564,#2579,#2581,.T.);
#2579 = VERTEX_POINT('',#2580);
#2580 = CARTESIAN_POINT('',(-38.12265380851,181.65,-30.5));
#2581 = SURFACE_CURVE('',#2582,(#2586),.PCURVE_S1.);
#2582 = LINE('',#2583,#2584);
#2583 = CARTESIAN_POINT('',(-38.12265380851,177.45,-30.5));
#2584 = VECTOR('',#2585,1.);
#2585 = DIRECTION('',(0.,1.,0.));
#2586 = PCURVE('',#2552,#2587);
#2587 = DEFINITIONAL_REPRESENTATION('',(#2588),#2591);
#2588 = B_SPLINE_CURVE_WITH_KNOTS('',1,(#2589,#2590),.UNSPECIFIED.,.F.,
  .F.,(2,2),(-5.999999928008E-07,4.2000006),.PIECEWISE_BEZIER_KNOTS.);
#2589 = CARTESIAN_POINT('',(-118.7226538085,-16.4500006));
#2590 = CARTESIAN_POINT('',(-118.7226538085,-12.2499994));
#2591 = ( GEOMETRIC_REPRESENTATION_CONTEXT(2) 
PARAMETRIC_REPRESENTATION_CONTEXT() REPRESENTATION_CONTEXT('2D SPACE',''
  ) );
#2592 = ORIENTED_EDGE('',*,*,#2593,.F.);
#2593 = EDGE_CURVE('',#2544,#2579,#2594,.T.);
#2594 = SURFACE_CURVE('',#2595,(#2599),.PCURVE_S1.);
#2595 = LINE('',#2596,#2597);
#2596 = CARTESIAN_POINT('',(57.8,181.65,-30.5));
#2597 = VECTOR('',#2598,1.);
#2598 = DIRECTION('',(1.,0.,0.));
#2599 = PCURVE('',#2552,#2600);
#2600 = DEFINITIONAL_REPRESENTATION('',(#2601),#2604);
#2601 = B_SPLINE_CURVE_WITH_KNOTS('',1,(#2602,#2603),.UNSPECIFIED.,.F.,
  .F.,(2,2),(-103.15,57.55),.PIECEWISE_BEZIER_KNOTS.);
#2602 = CARTESIAN_POINT('',(-125.95,-12.25));
#2603 = CARTESIAN_POINT('',(34.75,-12.25));
#2604 = ( GEOMETRIC_REPRESENTATION_CONTEXT(2) 
PARAMETRIC_REPRESENTATION_CONTEXT() REPRESENTATION_CONTEXT('2D SPACE',''
  ) );
#2605 = SHELL_BASED_SURFACE_MODEL('',(#2606));
#2606 = OPEN_SHELL('',(#2607));
#2607 = ADVANCED_FACE('',(#2608),#2622,.T.);
#2608 = FACE_BOUND('',#2609,.T.);
#2609 = EDGE_LOOP('',(#2610,#2632,#2647,#2662));
#2610 = ORIENTED_EDGE('',*,*,#2611,.T.);
#2611 = EDGE_CURVE('',#2612,#2614,#2616,.T.);
#2612 = VERTEX_POINT('',#2613);
#2613 = CARTESIAN_POINT('',(108.12265380851,177.45,-30.5));
#2614 = VERTEX_POINT('',#2615);
#2615 = CARTESIAN_POINT('',(115.32510504194,177.45,-30.5));
#2616 = SURFACE_CURVE('',#2617,(#2621),.PCURVE_S1.);
#2617 = LINE('',#2618,#2619);
#2618 = CARTESIAN_POINT('',(57.8,177.45,-30.5));
#2619 = VECTOR('',#2620,1.);
#2620 = DIRECTION('',(1.,0.,0.));
#2621 = PCURVE('',#2622,#2627);
#2622 = PLANE('',#2623);
#2623 = AXIS2_PLACEMENT_3D('',#2624,#2625,#2626);
#2624 = CARTESIAN_POINT('',(80.6,193.9,-30.5));
#2625 = DIRECTION('',(0.,0.,1.));
#2626 = DIRECTION('',(1.,0.,-0.));
#2627 = DEFINITIONAL_REPRESENTATION('',(#2628),#2631);
#2628 = B_SPLINE_CURVE_WITH_KNOTS('',1,(#2629,#2630),.UNSPECIFIED.,.F.,
  .F.,(2,2),(-103.15,57.55),.PIECEWISE_BEZIER_KNOTS.);
#2629 = CARTESIAN_POINT('',(-125.95,-16.45));
#2630 = CARTESIAN_POINT('',(34.75,-16.45));
#2631 = ( GEOMETRIC_REPRESENTATION_CONTEXT(2) 
PARAMETRIC_REPRESENTATION_CONTEXT() REPRESENTATION_CONTEXT('2D SPACE',''
  ) );
#2632 = ORIENTED_EDGE('',*,*,#2633,.T.);
#2633 = EDGE_CURVE('',#2614,#2634,#2636,.T.);
#2634 = VERTEX_POINT('',#2635);
#2635 = CARTESIAN_POINT('',(115.32510504194,181.65,-30.5));
#2636 = SURFACE_CURVE('',#2637,(#2641),.PCURVE_S1.);
#2637 = LINE('',#2638,#2639);
#2638 = CARTESIAN_POINT('',(115.32510504194,177.45,-30.5));
#2639 = VECTOR('',#2640,1.);
#2640 = DIRECTION('',(0.,1.,0.));
#2641 = PCURVE('',#2622,#2642);
#2642 = DEFINITIONAL_REPRESENTATION('',(#2643),#2646);
#2643 = B_SPLINE_CURVE_WITH_KNOTS('',1,(#2644,#2645),.UNSPECIFIED.,.F.,
  .F.,(2,2),(-5.999999928008E-07,4.2000006),.PIECEWISE_BEZIER_KNOTS.);
#2644 = CARTESIAN_POINT('',(34.725105041948,-16.4500006));
#2645 = CARTESIAN_POINT('',(34.725105041948,-12.2499994));
#2646 = ( GEOMETRIC_REPRESENTATION_CONTEXT(2) 
PARAMETRIC_REPRESENTATION_CONTEXT() REPRESENTATION_CONTEXT('2D SPACE',''
  ) );
#2647 = ORIENTED_EDGE('',*,*,#2648,.F.);
#2648 = EDGE_CURVE('',#2649,#2634,#2651,.T.);
#2649 = VERTEX_POINT('',#2650);
#2650 = CARTESIAN_POINT('',(108.12265380851,181.65,-30.5));
#2651 = SURFACE_CURVE('',#2652,(#2656),.PCURVE_S1.);
#2652 = LINE('',#2653,#2654);
#2653 = CARTESIAN_POINT('',(57.8,181.65,-30.5));
#2654 = VECTOR('',#2655,1.);
#2655 = DIRECTION('',(1.,0.,0.));
#2656 = PCURVE('',#2622,#2657);
#2657 = DEFINITIONAL_REPRESENTATION('',(#2658),#2661);
#2658 = B_SPLINE_CURVE_WITH_KNOTS('',1,(#2659,#2660),.UNSPECIFIED.,.F.,
  .F.,(2,2),(-103.15,57.55),.PIECEWISE_BEZIER_KNOTS.);
#2659 = CARTESIAN_POINT('',(-125.95,-12.25));
#2660 = CARTESIAN_POINT('',(34.75,-12.25));
#2661 = ( GEOMETRIC_REPRESENTATION_CONTEXT(2) 
PARAMETRIC_REPRESENTATION_CONTEXT() REPRESENTATION_CONTEXT('2D SPACE',''
  ) );
#2662 = ORIENTED_EDGE('',*,*,#2663,.F.);
#2663 = EDGE_CURVE('',#2612,#2649,#2664,.T.);
#2664 = SURFACE_CURVE('',#2665,(#2669),.PCURVE_S1.);
#2665 = LINE('',#2666,#2667);
#2666 = CARTESIAN_POINT('',(108.12265380851,177.45,-30.5));
#2667 = VECTOR('',#2668,1.);
#2668 = DIRECTION('',(0.,1.,0.));
#2669 = PCURVE('',#2622,#2670);
#2670 = DEFINITIONAL_REPRESENTATION('',(#2671),#2674);
#2671 = B_SPLINE_CURVE_WITH_KNOTS('',1,(#2672,#2673),.UNSPECIFIED.,.F.,
  .F.,(2,2),(-5.999999928008E-07,4.2000006),.PIECEWISE_BEZIER_KNOTS.);
#2672 = CARTESIAN_POINT('',(27.522653808515,-16.4500006));
#2673 = CARTESIAN_POINT('',(27.522653808515,-12.2499994));
#2674 = ( GEOMETRIC_REPRESENTATION_CONTEXT(2) 
PARAMETRIC_REPRESENTATION_CONTEXT() REPRESENTATION_CONTEXT('2D SPACE',''
  ) );
#2675 = SHELL_BASED_SURFACE_MODEL('',(#2676));
#2676 = OPEN_SHELL('',(#2677));
#2677 = ADVANCED_FACE('',(#2678),#2692,.T.);
#2678 = FACE_BOUND('',#2679,.T.);
#2679 = EDGE_LOOP('',(#2680,#2702,#2717,#2732));
#2680 = ORIENTED_EDGE('',*,*,#2681,.F.);
#2681 = EDGE_CURVE('',#2682,#2684,#2686,.T.);
#2682 = VERTEX_POINT('',#2683);
#2683 = CARTESIAN_POINT('',(-45.32510504194,182.15,-30.5));
#2684 = VERTEX_POINT('',#2685);
#2685 = CARTESIAN_POINT('',(-45.32510504194,186.35,-30.5));
#2686 = SURFACE_CURVE('',#2687,(#2691),.PCURVE_S1.);
#2687 = LINE('',#2688,#2689);
#2688 = CARTESIAN_POINT('',(-45.32510504194,182.15,-30.5));
#2689 = VECTOR('',#2690,1.);
#2690 = DIRECTION('',(0.,1.,0.));
#2691 = PCURVE('',#2692,#2697);
#2692 = PLANE('',#2693);
#2693 = AXIS2_PLACEMENT_3D('',#2694,#2695,#2696);
#2694 = CARTESIAN_POINT('',(80.6,193.9,-30.5));
#2695 = DIRECTION('',(0.,0.,1.));
#2696 = DIRECTION('',(1.,0.,-0.));
#2697 = DEFINITIONAL_REPRESENTATION('',(#2698),#2701);
#2698 = B_SPLINE_CURVE_WITH_KNOTS('',1,(#2699,#2700),.UNSPECIFIED.,.F.,
  .F.,(2,2),(-5.999999928008E-07,4.2000006),.PIECEWISE_BEZIER_KNOTS.);
#2699 = CARTESIAN_POINT('',(-125.9251050419,-11.7500006));
#2700 = CARTESIAN_POINT('',(-125.9251050419,-7.5499994));
#2701 = ( GEOMETRIC_REPRESENTATION_CONTEXT(2) 
PARAMETRIC_REPRESENTATION_CONTEXT() REPRESENTATION_CONTEXT('2D SPACE',''
  ) );
#2702 = ORIENTED_EDGE('',*,*,#2703,.T.);
#2703 = EDGE_CURVE('',#2682,#2704,#2706,.T.);
#2704 = VERTEX_POINT('',#2705);
#2705 = CARTESIAN_POINT('',(-38.12265380851,182.15,-30.5));
#2706 = SURFACE_CURVE('',#2707,(#2711),.PCURVE_S1.);
#2707 = LINE('',#2708,#2709);
#2708 = CARTESIAN_POINT('',(57.8,182.15,-30.5));
#2709 = VECTOR('',#2710,1.);
#2710 = DIRECTION('',(1.,0.,0.));
#2711 = PCURVE('',#2692,#2712);
#2712 = DEFINITIONAL_REPRESENTATION('',(#2713),#2716);
#2713 = B_SPLINE_CURVE_WITH_KNOTS('',1,(#2714,#2715),.UNSPECIFIED.,.F.,
  .F.,(2,2),(-103.15,57.55),.PIECEWISE_BEZIER_KNOTS.);
#2714 = CARTESIAN_POINT('',(-125.95,-11.75));
#2715 = CARTESIAN_POINT('',(34.75,-11.75));
#2716 = ( GEOMETRIC_REPRESENTATION_CONTEXT(2) 
PARAMETRIC_REPRESENTATION_CONTEXT() REPRESENTATION_CONTEXT('2D SPACE',''
  ) );
#2717 = ORIENTED_EDGE('',*,*,#2718,.T.);
#2718 = EDGE_CURVE('',#2704,#2719,#2721,.T.);
#2719 = VERTEX_POINT('',#2720);
#2720 = CARTESIAN_POINT('',(-38.12265380851,186.35,-30.5));
#2721 = SURFACE_CURVE('',#2722,(#2726),.PCURVE_S1.);
#2722 = LINE('',#2723,#2724);
#2723 = CARTESIAN_POINT('',(-38.12265380851,182.15,-30.5));
#2724 = VECTOR('',#2725,1.);
#2725 = DIRECTION('',(0.,1.,0.));
#2726 = PCURVE('',#2692,#2727);
#2727 = DEFINITIONAL_REPRESENTATION('',(#2728),#2731);
#2728 = B_SPLINE_CURVE_WITH_KNOTS('',1,(#2729,#2730),.UNSPECIFIED.,.F.,
  .F.,(2,2),(-5.999999928008E-07,4.2000006),.PIECEWISE_BEZIER_KNOTS.);
#2729 = CARTESIAN_POINT('',(-118.7226538085,-11.7500006));
#2730 = CARTESIAN_POINT('',(-118.7226538085,-7.5499994));
#2731 = ( GEOMETRIC_REPRESENTATION_CONTEXT(2) 
PARAMETRIC_REPRESENTATION_CONTEXT() REPRESENTATION_CONTEXT('2D SPACE',''
  ) );
#2732 = ORIENTED_EDGE('',*,*,#2733,.F.);
#2733 = EDGE_CURVE('',#2684,#2719,#2734,.T.);
#2734 = SURFACE_CURVE('',#2735,(#2739),.PCURVE_S1.);
#2735 = LINE('',#2736,#2737);
#2736 = CARTESIAN_POINT('',(57.8,186.35,-30.5));
#2737 = VECTOR('',#2738,1.);
#2738 = DIRECTION('',(1.,0.,0.));
#2739 = PCURVE('',#2692,#2740);
#2740 = DEFINITIONAL_REPRESENTATION('',(#2741),#2744);
#2741 = B_SPLINE_CURVE_WITH_KNOTS('',1,(#2742,#2743),.UNSPECIFIED.,.F.,
  .F.,(2,2),(-103.15,57.55),.PIECEWISE_BEZIER_KNOTS.);
#2742 = CARTESIAN_POINT('',(-125.95,-7.55));
#2743 = CARTESIAN_POINT('',(34.75,-7.55));
#2744 = ( GEOMETRIC_REPRESENTATION_CONTEXT(2) 
PARAMETRIC_REPRESENTATION_CONTEXT() REPRESENTATION_CONTEXT('2D SPACE',''
  ) );
#2745 = SHELL_BASED_SURFACE_MODEL('',(#2746));
#2746 = OPEN_SHELL('',(#2747));
#2747 = ADVANCED_FACE('',(#2748),#2762,.T.);
#2748 = FACE_BOUND('',#2749,.T.);
#2749 = EDGE_LOOP('',(#2750,#2772,#2787,#2802));
#2750 = ORIENTED_EDGE('',*,*,#2751,.T.);
#2751 = EDGE_CURVE('',#2752,#2754,#2756,.T.);
#2752 = VERTEX_POINT('',#2753);
#2753 = CARTESIAN_POINT('',(108.12265380851,182.15,-30.5));
#2754 = VERTEX_POINT('',#2755);
#2755 = CARTESIAN_POINT('',(115.32510504194,182.15,-30.5));
#2756 = SURFACE_CURVE('',#2757,(#2761),.PCURVE_S1.);
#2757 = LINE('',#2758,#2759);
#2758 = CARTESIAN_POINT('',(57.8,182.15,-30.5));
#2759 = VECTOR('',#2760,1.);
#2760 = DIRECTION('',(1.,0.,0.));
#2761 = PCURVE('',#2762,#2767);
#2762 = PLANE('',#2763);
#2763 = AXIS2_PLACEMENT_3D('',#2764,#2765,#2766);
#2764 = CARTESIAN_POINT('',(80.6,193.9,-30.5));
#2765 = DIRECTION('',(0.,0.,1.));
#2766 = DIRECTION('',(1.,0.,-0.));
#2767 = DEFINITIONAL_REPRESENTATION('',(#2768),#2771);
#2768 = B_SPLINE_CURVE_WITH_KNOTS('',1,(#2769,#2770),.UNSPECIFIED.,.F.,
  .F.,(2,2),(-103.15,57.55),.PIECEWISE_BEZIER_KNOTS.);
#2769 = CARTESIAN_POINT('',(-125.95,-11.75));
#2770 = CARTESIAN_POINT('',(34.75,-11.75));
#2771 = ( GEOMETRIC_REPRESENTATION_CONTEXT(2) 
PARAMETRIC_REPRESENTATION_CONTEXT() REPRESENTATION_CONTEXT('2D SPACE',''
  ) );
#2772 = ORIENTED_EDGE('',*,*,#2773,.T.);
#2773 = EDGE_CURVE('',#2754,#2774,#2776,.T.);
#2774 = VERTEX_POINT('',#2775);
#2775 = CARTESIAN_POINT('',(115.32510504194,186.35,-30.5));
#2776 = SURFACE_CURVE('',#2777,(#2781),.PCURVE_S1.);
#2777 = LINE('',#2778,#2779);
#2778 = CARTESIAN_POINT('',(115.32510504194,182.15,-30.5));
#2779 = VECTOR('',#2780,1.);
#2780 = DIRECTION('',(0.,1.,0.));
#2781 = PCURVE('',#2762,#2782);
#2782 = DEFINITIONAL_REPRESENTATION('',(#2783),#2786);
#2783 = B_SPLINE_CURVE_WITH_KNOTS('',1,(#2784,#2785),.UNSPECIFIED.,.F.,
  .F.,(2,2),(-5.999999928008E-07,4.2000006),.PIECEWISE_BEZIER_KNOTS.);
#2784 = CARTESIAN_POINT('',(34.725105041948,-11.7500006));
#2785 = CARTESIAN_POINT('',(34.725105041948,-7.5499994));
#2786 = ( GEOMETRIC_REPRESENTATION_CONTEXT(2) 
PARAMETRIC_REPRESENTATION_CONTEXT() REPRESENTATION_CONTEXT('2D SPACE',''
  ) );
#2787 = ORIENTED_EDGE('',*,*,#2788,.F.);
#2788 = EDGE_CURVE('',#2789,#2774,#2791,.T.);
#2789 = VERTEX_POINT('',#2790);
#2790 = CARTESIAN_POINT('',(108.12265380851,186.35,-30.5));
#2791 = SURFACE_CURVE('',#2792,(#2796),.PCURVE_S1.);
#2792 = LINE('',#2793,#2794);
#2793 = CARTESIAN_POINT('',(57.8,186.35,-30.5));
#2794 = VECTOR('',#2795,1.);
#2795 = DIRECTION('',(1.,0.,0.));
#2796 = PCURVE('',#2762,#2797);
#2797 = DEFINITIONAL_REPRESENTATION('',(#2798),#2801);
#2798 = B_SPLINE_CURVE_WITH_KNOTS('',1,(#2799,#2800),.UNSPECIFIED.,.F.,
  .F.,(2,2),(-103.15,57.55),.PIECEWISE_BEZIER_KNOTS.);
#2799 = CARTESIAN_POINT('',(-125.95,-7.55));
#2800 = CARTESIAN_POINT('',(34.75,-7.55));
#2801 = ( GEOMETRIC_REPRESENTATION_CONTEXT(2) 
PARAMETRIC_REPRESENTATION_CONTEXT() REPRESENTATION_CONTEXT('2D SPACE',''
  ) );
#2802 = ORIENTED_EDGE('',*,*,#2803,.F.);
#2803 = EDGE_CURVE('',#2752,#2789,#2804,.T.);
#2804 = SURFACE_CURVE('',#2805,(#2809),.PCURVE_S1.);
#2805 = LINE('',#2806,#2807);
#2806 = CARTESIAN_POINT('',(108.12265380851,182.15,-30.5));
#2807 = VECTOR('',#2808,1.);
#2808 = DIRECTION('',(0.,1.,0.));
#2809 = PCURVE('',#2762,#2810);
#2810 = DEFINITIONAL_REPRESENTATION('',(#2811),#2814);
#2811 = B_SPLINE_CURVE_WITH_KNOTS('',1,(#2812,#2813),.UNSPECIFIED.,.F.,
  .F.,(2,2),(-5.999999928008E-07,4.2000006),.PIECEWISE_BEZIER_KNOTS.);
#2812 = CARTESIAN_POINT('',(27.522653808515,-11.7500006));
#2813 = CARTESIAN_POINT('',(27.522653808515,-7.5499994));
#2814 = ( GEOMETRIC_REPRESENTATION_CONTEXT(2) 
PARAMETRIC_REPRESENTATION_CONTEXT() REPRESENTATION_CONTEXT('2D SPACE',''
  ) );
#2815 = SHELL_BASED_SURFACE_MODEL('',(#2816));
#2816 = OPEN_SHELL('',(#2817));
#2817 = ADVANCED_FACE('',(#2818),#2832,.T.);
#2818 = FACE_BOUND('',#2819,.T.);
#2819 = EDGE_LOOP('',(#2820,#2842,#2857,#2872));
#2820 = ORIENTED_EDGE('',*,*,#2821,.F.);
#2821 = EDGE_CURVE('',#2822,#2824,#2826,.T.);
#2822 = VERTEX_POINT('',#2823);
#2823 = CARTESIAN_POINT('',(-45.32510504194,186.85,-30.5));
#2824 = VERTEX_POINT('',#2825);
#2825 = CARTESIAN_POINT('',(-45.32510504194,191.05,-30.5));
#2826 = SURFACE_CURVE('',#2827,(#2831),.PCURVE_S1.);
#2827 = LINE('',#2828,#2829);
#2828 = CARTESIAN_POINT('',(-45.32510504194,186.85,-30.5));
#2829 = VECTOR('',#2830,1.);
#2830 = DIRECTION('',(0.,1.,0.));
#2831 = PCURVE('',#2832,#2837);
#2832 = PLANE('',#2833);
#2833 = AXIS2_PLACEMENT_3D('',#2834,#2835,#2836);
#2834 = CARTESIAN_POINT('',(80.6,193.9,-30.5));
#2835 = DIRECTION('',(0.,0.,1.));
#2836 = DIRECTION('',(1.,0.,-0.));
#2837 = DEFINITIONAL_REPRESENTATION('',(#2838),#2841);
#2838 = B_SPLINE_CURVE_WITH_KNOTS('',1,(#2839,#2840),.UNSPECIFIED.,.F.,
  .F.,(2,2),(-5.999999928008E-07,4.2000006),.PIECEWISE_BEZIER_KNOTS.);
#2839 = CARTESIAN_POINT('',(-125.9251050419,-7.0500006));
#2840 = CARTESIAN_POINT('',(-125.9251050419,-2.8499994));
#2841 = ( GEOMETRIC_REPRESENTATION_CONTEXT(2) 
PARAMETRIC_REPRESENTATION_CONTEXT() REPRESENTATION_CONTEXT('2D SPACE',''
  ) );
#2842 = ORIENTED_EDGE('',*,*,#2843,.T.);
#2843 = EDGE_CURVE('',#2822,#2844,#2846,.T.);
#2844 = VERTEX_POINT('',#2845);
#2845 = CARTESIAN_POINT('',(-38.12265380851,186.85,-30.5));
#2846 = SURFACE_CURVE('',#2847,(#2851),.PCURVE_S1.);
#2847 = LINE('',#2848,#2849);
#2848 = CARTESIAN_POINT('',(57.8,186.85,-30.5));
#2849 = VECTOR('',#2850,1.);
#2850 = DIRECTION('',(1.,0.,0.));
#2851 = PCURVE('',#2832,#2852);
#2852 = DEFINITIONAL_REPRESENTATION('',(#2853),#2856);
#2853 = B_SPLINE_CURVE_WITH_KNOTS('',1,(#2854,#2855),.UNSPECIFIED.,.F.,
  .F.,(2,2),(-103.15,57.55),.PIECEWISE_BEZIER_KNOTS.);
#2854 = CARTESIAN_POINT('',(-125.95,-7.05));
#2855 = CARTESIAN_POINT('',(34.75,-7.05));
#2856 = ( GEOMETRIC_REPRESENTATION_CONTEXT(2) 
PARAMETRIC_REPRESENTATION_CONTEXT() REPRESENTATION_CONTEXT('2D SPACE',''
  ) );
#2857 = ORIENTED_EDGE('',*,*,#2858,.T.);
#2858 = EDGE_CURVE('',#2844,#2859,#2861,.T.);
#2859 = VERTEX_POINT('',#2860);
#2860 = CARTESIAN_POINT('',(-38.12265380851,191.05,-30.5));
#2861 = SURFACE_CURVE('',#2862,(#2866),.PCURVE_S1.);
#2862 = LINE('',#2863,#2864);
#2863 = CARTESIAN_POINT('',(-38.12265380851,186.85,-30.5));
#2864 = VECTOR('',#2865,1.);
#2865 = DIRECTION('',(0.,1.,0.));
#2866 = PCURVE('',#2832,#2867);
#2867 = DEFINITIONAL_REPRESENTATION('',(#2868),#2871);
#2868 = B_SPLINE_CURVE_WITH_KNOTS('',1,(#2869,#2870),.UNSPECIFIED.,.F.,
  .F.,(2,2),(-5.999999928008E-07,4.2000006),.PIECEWISE_BEZIER_KNOTS.);
#2869 = CARTESIAN_POINT('',(-118.7226538085,-7.0500006));
#2870 = CARTESIAN_POINT('',(-118.7226538085,-2.8499994));
#2871 = ( GEOMETRIC_REPRESENTATION_CONTEXT(2) 
PARAMETRIC_REPRESENTATION_CONTEXT() REPRESENTATION_CONTEXT('2D SPACE',''
  ) );
#2872 = ORIENTED_EDGE('',*,*,#2873,.F.);
#2873 = EDGE_CURVE('',#2824,#2859,#2874,.T.);
#2874 = SURFACE_CURVE('',#2875,(#2879),.PCURVE_S1.);
#2875 = LINE('',#2876,#2877);
#2876 = CARTESIAN_POINT('',(57.8,191.05,-30.5));
#2877 = VECTOR('',#2878,1.);
#2878 = DIRECTION('',(1.,0.,0.));
#2879 = PCURVE('',#2832,#2880);
#2880 = DEFINITIONAL_REPRESENTATION('',(#2881),#2884);
#2881 = B_SPLINE_CURVE_WITH_KNOTS('',1,(#2882,#2883),.UNSPECIFIED.,.F.,
  .F.,(2,2),(-103.15,57.55),.PIECEWISE_BEZIER_KNOTS.);
#2882 = CARTESIAN_POINT('',(-125.95,-2.85));
#2883 = CARTESIAN_POINT('',(34.75,-2.85));
#2884 = ( GEOMETRIC_REPRESENTATION_CONTEXT(2) 
PARAMETRIC_REPRESENTATION_CONTEXT() REPRESENTATION_CONTEXT('2D SPACE',''
  ) );
#2885 = SHELL_BASED_SURFACE_MODEL('',(#2886));
#2886 = OPEN_SHELL('',(#2887));
#2887 = ADVANCED_FACE('',(#2888),#2902,.T.);
#2888 = FACE_BOUND('',#2889,.T.);
#2889 = EDGE_LOOP('',(#2890,#2912,#2927,#2942));
#2890 = ORIENTED_EDGE('',*,*,#2891,.T.);
#2891 = EDGE_CURVE('',#2892,#2894,#2896,.T.);
#2892 = VERTEX_POINT('',#2893);
#2893 = CARTESIAN_POINT('',(108.12265380851,186.85,-30.5));
#2894 = VERTEX_POINT('',#2895);
#2895 = CARTESIAN_POINT('',(115.32510504194,186.85,-30.5));
#2896 = SURFACE_CURVE('',#2897,(#2901),.PCURVE_S1.);
#2897 = LINE('',#2898,#2899);
#2898 = CARTESIAN_POINT('',(57.8,186.85,-30.5));
#2899 = VECTOR('',#2900,1.);
#2900 = DIRECTION('',(1.,0.,0.));
#2901 = PCURVE('',#2902,#2907);
#2902 = PLANE('',#2903);
#2903 = AXIS2_PLACEMENT_3D('',#2904,#2905,#2906);
#2904 = CARTESIAN_POINT('',(80.6,193.9,-30.5));
#2905 = DIRECTION('',(0.,0.,1.));
#2906 = DIRECTION('',(1.,0.,-0.));
#2907 = DEFINITIONAL_REPRESENTATION('',(#2908),#2911);
#2908 = B_SPLINE_CURVE_WITH_KNOTS('',1,(#2909,#2910),.UNSPECIFIED.,.F.,
  .F.,(2,2),(-103.15,57.55),.PIECEWISE_BEZIER_KNOTS.);
#2909 = CARTESIAN_POINT('',(-125.95,-7.05));
#2910 = CARTESIAN_POINT('',(34.75,-7.05));
#2911 = ( GEOMETRIC_REPRESENTATION_CONTEXT(2) 
PARAMETRIC_REPRESENTATION_CONTEXT() REPRESENTATION_CONTEXT('2D SPACE',''
  ) );
#2912 = ORIENTED_EDGE('',*,*,#2913,.T.);
#2913 = EDGE_CURVE('',#2894,#2914,#2916,.T.);
#2914 = VERTEX_POINT('',#2915);
#2915 = CARTESIAN_POINT('',(115.32510504194,191.05,-30.5));
#2916 = SURFACE_CURVE('',#2917,(#2921),.PCURVE_S1.);
#2917 = LINE('',#2918,#2919);
#2918 = CARTESIAN_POINT('',(115.32510504194,186.85,-30.5));
#2919 = VECTOR('',#2920,1.);
#2920 = DIRECTION('',(0.,1.,0.));
#2921 = PCURVE('',#2902,#2922);
#2922 = DEFINITIONAL_REPRESENTATION('',(#2923),#2926);
#2923 = B_SPLINE_CURVE_WITH_KNOTS('',1,(#2924,#2925),.UNSPECIFIED.,.F.,
  .F.,(2,2),(-5.999999928008E-07,4.2000006),.PIECEWISE_BEZIER_KNOTS.);
#2924 = CARTESIAN_POINT('',(34.725105041948,-7.0500006));
#2925 = CARTESIAN_POINT('',(34.725105041948,-2.8499994));
#2926 = ( GEOMETRIC_REPRESENTATION_CONTEXT(2) 
PARAMETRIC_REPRESENTATION_CONTEXT() REPRESENTATION_CONTEXT('2D SPACE',''
  ) );
#2927 = ORIENTED_EDGE('',*,*,#2928,.F.);
#2928 = EDGE_CURVE('',#2929,#2914,#2931,.T.);
#2929 = VERTEX_POINT('',#2930);
#2930 = CARTESIAN_POINT('',(108.12265380851,191.05,-30.5));
#2931 = SURFACE_CURVE('',#2932,(#2936),.PCURVE_S1.);
#2932 = LINE('',#2933,#2934);
#2933 = CARTESIAN_POINT('',(57.8,191.05,-30.5));
#2934 = VECTOR('',#2935,1.);
#2935 = DIRECTION('',(1.,0.,0.));
#2936 = PCURVE('',#2902,#2937);
#2937 = DEFINITIONAL_REPRESENTATION('',(#2938),#2941);
#2938 = B_SPLINE_CURVE_WITH_KNOTS('',1,(#2939,#2940),.UNSPECIFIED.,.F.,
  .F.,(2,2),(-103.15,57.55),.PIECEWISE_BEZIER_KNOTS.);
#2939 = CARTESIAN_POINT('',(-125.95,-2.85));
#2940 = CARTESIAN_POINT('',(34.75,-2.85));
#2941 = ( GEOMETRIC_REPRESENTATION_CONTEXT(2) 
PARAMETRIC_REPRESENTATION_CONTEXT() REPRESENTATION_CONTEXT('2D SPACE',''
  ) );
#2942 = ORIENTED_EDGE('',*,*,#2943,.F.);
#2943 = EDGE_CURVE('',#2892,#2929,#2944,.T.);
#2944 = SURFACE_CURVE('',#2945,(#2949),.PCURVE_S1.);
#2945 = LINE('',#2946,#2947);
#2946 = CARTESIAN_POINT('',(108.12265380851,186.85,-30.5));
#2947 = VECTOR('',#2948,1.);
#2948 = DIRECTION('',(0.,1.,0.));
#2949 = PCURVE('',#2902,#2950);
#2950 = DEFINITIONAL_REPRESENTATION('',(#2951),#2954);
#2951 = B_SPLINE_CURVE_WITH_KNOTS('',1,(#2952,#2953),.UNSPECIFIED.,.F.,
  .F.,(2,2),(-5.999999928008E-07,4.2000006),.PIECEWISE_BEZIER_KNOTS.);
#2952 = CARTESIAN_POINT('',(27.522653808515,-7.0500006));
#2953 = CARTESIAN_POINT('',(27.522653808515,-2.8499994));
#2954 = ( GEOMETRIC_REPRESENTATION_CONTEXT(2) 
PARAMETRIC_REPRESENTATION_CONTEXT() REPRESENTATION_CONTEXT('2D SPACE',''
  ) );
#2955 = SHELL_BASED_SURFACE_MODEL('',(#2956));
#2956 = OPEN_SHELL('',(#2957));
#2957 = ADVANCED_FACE('',(#2958),#2972,.T.);
#2958 = FACE_BOUND('',#2959,.T.);
#2959 = EDGE_LOOP('',(#2960,#2982,#2997,#3012));
#2960 = ORIENTED_EDGE('',*,*,#2961,.F.);
#2961 = EDGE_CURVE('',#2962,#2964,#2966,.T.);
#2962 = VERTEX_POINT('',#2963);
#2963 = CARTESIAN_POINT('',(-45.32510504194,191.55,-30.5));
#2964 = VERTEX_POINT('',#2965);
#2965 = CARTESIAN_POINT('',(-45.32510504194,195.75,-30.5));
#2966 = SURFACE_CURVE('',#2967,(#2971),.PCURVE_S1.);
#2967 = LINE('',#2968,#2969);
#2968 = CARTESIAN_POINT('',(-45.32510504194,191.55,-30.5));
#2969 = VECTOR('',#2970,1.);
#2970 = DIRECTION('',(0.,1.,0.));
#2971 = PCURVE('',#2972,#2977);
#2972 = PLANE('',#2973);
#2973 = AXIS2_PLACEMENT_3D('',#2974,#2975,#2976);
#2974 = CARTESIAN_POINT('',(80.6,193.9,-30.5));
#2975 = DIRECTION('',(0.,0.,1.));
#2976 = DIRECTION('',(1.,0.,-0.));
#2977 = DEFINITIONAL_REPRESENTATION('',(#2978),#2981);
#2978 = B_SPLINE_CURVE_WITH_KNOTS('',1,(#2979,#2980),.UNSPECIFIED.,.F.,
  .F.,(2,2),(-5.999999928008E-07,4.2000006),.PIECEWISE_BEZIER_KNOTS.);
#2979 = CARTESIAN_POINT('',(-125.9251050419,-2.3500006));
#2980 = CARTESIAN_POINT('',(-125.9251050419,1.8500006));
#2981 = ( GEOMETRIC_REPRESENTATION_CONTEXT(2) 
PARAMETRIC_REPRESENTATION_CONTEXT() REPRESENTATION_CONTEXT('2D SPACE',''
  ) );
#2982 = ORIENTED_EDGE('',*,*,#2983,.T.);
#2983 = EDGE_CURVE('',#2962,#2984,#2986,.T.);
#2984 = VERTEX_POINT('',#2985);
#2985 = CARTESIAN_POINT('',(-38.12265380851,191.55,-30.5));
#2986 = SURFACE_CURVE('',#2987,(#2991),.PCURVE_S1.);
#2987 = LINE('',#2988,#2989);
#2988 = CARTESIAN_POINT('',(57.8,191.55,-30.5));
#2989 = VECTOR('',#2990,1.);
#2990 = DIRECTION('',(1.,0.,0.));
#2991 = PCURVE('',#2972,#2992);
#2992 = DEFINITIONAL_REPRESENTATION('',(#2993),#2996);
#2993 = B_SPLINE_CURVE_WITH_KNOTS('',1,(#2994,#2995),.UNSPECIFIED.,.F.,
  .F.,(2,2),(-103.15,57.55),.PIECEWISE_BEZIER_KNOTS.);
#2994 = CARTESIAN_POINT('',(-125.95,-2.35));
#2995 = CARTESIAN_POINT('',(34.75,-2.35));
#2996 = ( GEOMETRIC_REPRESENTATION_CONTEXT(2) 
PARAMETRIC_REPRESENTATION_CONTEXT() REPRESENTATION_CONTEXT('2D SPACE',''
  ) );
#2997 = ORIENTED_EDGE('',*,*,#2998,.T.);
#2998 = EDGE_CURVE('',#2984,#2999,#3001,.T.);
#2999 = VERTEX_POINT('',#3000);
#3000 = CARTESIAN_POINT('',(-38.12265380851,195.75,-30.5));
#3001 = SURFACE_CURVE('',#3002,(#3006),.PCURVE_S1.);
#3002 = LINE('',#3003,#3004);
#3003 = CARTESIAN_POINT('',(-38.12265380851,191.55,-30.5));
#3004 = VECTOR('',#3005,1.);
#3005 = DIRECTION('',(0.,1.,0.));
#3006 = PCURVE('',#2972,#3007);
#3007 = DEFINITIONAL_REPRESENTATION('',(#3008),#3011);
#3008 = B_SPLINE_CURVE_WITH_KNOTS('',1,(#3009,#3010),.UNSPECIFIED.,.F.,
  .F.,(2,2),(-5.999999928008E-07,4.2000006),.PIECEWISE_BEZIER_KNOTS.);
#3009 = CARTESIAN_POINT('',(-118.7226538085,-2.3500006));
#3010 = CARTESIAN_POINT('',(-118.7226538085,1.8500006));
#3011 = ( GEOMETRIC_REPRESENTATION_CONTEXT(2) 
PARAMETRIC_REPRESENTATION_CONTEXT() REPRESENTATION_CONTEXT('2D SPACE',''
  ) );
#3012 = ORIENTED_EDGE('',*,*,#3013,.F.);
#3013 = EDGE_CURVE('',#2964,#2999,#3014,.T.);
#3014 = SURFACE_CURVE('',#3015,(#3019),.PCURVE_S1.);
#3015 = LINE('',#3016,#3017);
#3016 = CARTESIAN_POINT('',(57.8,195.75,-30.5));
#3017 = VECTOR('',#3018,1.);
#3018 = DIRECTION('',(1.,0.,0.));
#3019 = PCURVE('',#2972,#3020);
#3020 = DEFINITIONAL_REPRESENTATION('',(#3021),#3024);
#3021 = B_SPLINE_CURVE_WITH_KNOTS('',1,(#3022,#3023),.UNSPECIFIED.,.F.,
  .F.,(2,2),(-103.15,57.55),.PIECEWISE_BEZIER_KNOTS.);
#3022 = CARTESIAN_POINT('',(-125.95,1.85));
#3023 = CARTESIAN_POINT('',(34.75,1.85));
#3024 = ( GEOMETRIC_REPRESENTATION_CONTEXT(2) 
PARAMETRIC_REPRESENTATION_CONTEXT() REPRESENTATION_CONTEXT('2D SPACE',''
  ) );
#3025 = SHELL_BASED_SURFACE_MODEL('',(#3026));
#3026 = OPEN_SHELL('',(#3027));
#3027 = ADVANCED_FACE('',(#3028),#3042,.T.);
#3028 = FACE_BOUND('',#3029,.T.);
#3029 = EDGE_LOOP('',(#3030,#3052,#3067,#3082));
#3030 = ORIENTED_EDGE('',*,*,#3031,.T.);
#3031 = EDGE_CURVE('',#3032,#3034,#3036,.T.);
#3032 = VERTEX_POINT('',#3033);
#3033 = CARTESIAN_POINT('',(108.12265380851,191.55,-30.5));
#3034 = VERTEX_POINT('',#3035);
#3035 = CARTESIAN_POINT('',(115.32510504194,191.55,-30.5));
#3036 = SURFACE_CURVE('',#3037,(#3041),.PCURVE_S1.);
#3037 = LINE('',#3038,#3039);
#3038 = CARTESIAN_POINT('',(57.8,191.55,-30.5));
#3039 = VECTOR('',#3040,1.);
#3040 = DIRECTION('',(1.,0.,0.));
#3041 = PCURVE('',#3042,#3047);
#3042 = PLANE('',#3043);
#3043 = AXIS2_PLACEMENT_3D('',#3044,#3045,#3046);
#3044 = CARTESIAN_POINT('',(80.6,193.9,-30.5));
#3045 = DIRECTION('',(0.,0.,1.));
#3046 = DIRECTION('',(1.,0.,-0.));
#3047 = DEFINITIONAL_REPRESENTATION('',(#3048),#3051);
#3048 = B_SPLINE_CURVE_WITH_KNOTS('',1,(#3049,#3050),.UNSPECIFIED.,.F.,
  .F.,(2,2),(-103.15,57.55),.PIECEWISE_BEZIER_KNOTS.);
#3049 = CARTESIAN_POINT('',(-125.95,-2.35));
#3050 = CARTESIAN_POINT('',(34.75,-2.35));
#3051 = ( GEOMETRIC_REPRESENTATION_CONTEXT(2) 
PARAMETRIC_REPRESENTATION_CONTEXT() REPRESENTATION_CONTEXT('2D SPACE',''
  ) );
#3052 = ORIENTED_EDGE('',*,*,#3053,.T.);
#3053 = EDGE_CURVE('',#3034,#3054,#3056,.T.);
#3054 = VERTEX_POINT('',#3055);
#3055 = CARTESIAN_POINT('',(115.32510504194,195.75,-30.5));
#3056 = SURFACE_CURVE('',#3057,(#3061),.PCURVE_S1.);
#3057 = LINE('',#3058,#3059);
#3058 = CARTESIAN_POINT('',(115.32510504194,191.55,-30.5));
#3059 = VECTOR('',#3060,1.);
#3060 = DIRECTION('',(0.,1.,0.));
#3061 = PCURVE('',#3042,#3062);
#3062 = DEFINITIONAL_REPRESENTATION('',(#3063),#3066);
#3063 = B_SPLINE_CURVE_WITH_KNOTS('',1,(#3064,#3065),.UNSPECIFIED.,.F.,
  .F.,(2,2),(-5.999999928008E-07,4.2000006),.PIECEWISE_BEZIER_KNOTS.);
#3064 = CARTESIAN_POINT('',(34.725105041948,-2.3500006));
#3065 = CARTESIAN_POINT('',(34.725105041948,1.8500006));
#3066 = ( GEOMETRIC_REPRESENTATION_CONTEXT(2) 
PARAMETRIC_REPRESENTATION_CONTEXT() REPRESENTATION_CONTEXT('2D SPACE',''
  ) );
#3067 = ORIENTED_EDGE('',*,*,#3068,.F.);
#3068 = EDGE_CURVE('',#3069,#3054,#3071,.T.);
#3069 = VERTEX_POINT('',#3070);
#3070 = CARTESIAN_POINT('',(108.12265380851,195.75,-30.5));
#3071 = SURFACE_CURVE('',#3072,(#3076),.PCURVE_S1.);
#3072 = LINE('',#3073,#3074);
#3073 = CARTESIAN_POINT('',(57.8,195.75,-30.5));
#3074 = VECTOR('',#3075,1.);
#3075 = DIRECTION('',(1.,0.,0.));
#3076 = PCURVE('',#3042,#3077);
#3077 = DEFINITIONAL_REPRESENTATION('',(#3078),#3081);
#3078 = B_SPLINE_CURVE_WITH_KNOTS('',1,(#3079,#3080),.UNSPECIFIED.,.F.,
  .F.,(2,2),(-103.15,57.55),.PIECEWISE_BEZIER_KNOTS.);
#3079 = CARTESIAN_POINT('',(-125.95,1.85));
#3080 = CARTESIAN_POINT('',(34.75,1.85));
#3081 = ( GEOMETRIC_REPRESENTATION_CONTEXT(2) 
PARAMETRIC_REPRESENTATION_CONTEXT() REPRESENTATION_CONTEXT('2D SPACE',''
  ) );
#3082 = ORIENTED_EDGE('',*,*,#3083,.F.);
#3083 = EDGE_CURVE('',#3032,#3069,#3084,.T.);
#3084 = SURFACE_CURVE('',#3085,(#3089),.PCURVE_S1.);
#3085 = LINE('',#3086,#3087);
#3086 = CARTESIAN_POINT('',(108.12265380851,191.55,-30.5));
#3087 = VECTOR('',#3088,1.);
#3088 = DIRECTION('',(0.,1.,0.));
#3089 = PCURVE('',#3042,#3090);
#3090 = DEFINITIONAL_REPRESENTATION('',(#3091),#3094);
#3091 = B_SPLINE_CURVE_WITH_KNOTS('',1,(#3092,#3093),.UNSPECIFIED.,.F.,
  .F.,(2,2),(-5.999999928008E-07,4.2000006),.PIECEWISE_BEZIER_KNOTS.);
#3092 = CARTESIAN_POINT('',(27.522653808515,-2.3500006));
#3093 = CARTESIAN_POINT('',(27.522653808515,1.8500006));
#3094 = ( GEOMETRIC_REPRESENTATION_CONTEXT(2) 
PARAMETRIC_REPRESENTATION_CONTEXT() REPRESENTATION_CONTEXT('2D SPACE',''
  ) );
#3095 = SHELL_BASED_SURFACE_MODEL('',(#3096));
#3096 = OPEN_SHELL('',(#3097));
#3097 = ADVANCED_FACE('',(#3098),#3112,.T.);
#3098 = FACE_BOUND('',#3099,.T.);
#3099 = EDGE_LOOP('',(#3100,#3122,#3137,#3152));
#3100 = ORIENTED_EDGE('',*,*,#3101,.F.);
#3101 = EDGE_CURVE('',#3102,#3104,#3106,.T.);
#3102 = VERTEX_POINT('',#3103);
#3103 = CARTESIAN_POINT('',(-45.32510504194,196.25,-30.5));
#3104 = VERTEX_POINT('',#3105);
#3105 = CARTESIAN_POINT('',(-45.32510504194,200.45,-30.5));
#3106 = SURFACE_CURVE('',#3107,(#3111),.PCURVE_S1.);
#3107 = LINE('',#3108,#3109);
#3108 = CARTESIAN_POINT('',(-45.32510504194,196.25,-30.5));
#3109 = VECTOR('',#3110,1.);
#3110 = DIRECTION('',(0.,1.,0.));
#3111 = PCURVE('',#3112,#3117);
#3112 = PLANE('',#3113);
#3113 = AXIS2_PLACEMENT_3D('',#3114,#3115,#3116);
#3114 = CARTESIAN_POINT('',(80.6,193.9,-30.5));
#3115 = DIRECTION('',(0.,0.,1.));
#3116 = DIRECTION('',(1.,0.,-0.));
#3117 = DEFINITIONAL_REPRESENTATION('',(#3118),#3121);
#3118 = B_SPLINE_CURVE_WITH_KNOTS('',1,(#3119,#3120),.UNSPECIFIED.,.F.,
  .F.,(2,2),(-5.999999928008E-07,4.2000006),.PIECEWISE_BEZIER_KNOTS.);
#3119 = CARTESIAN_POINT('',(-125.9251050419,2.3499994));
#3120 = CARTESIAN_POINT('',(-125.9251050419,6.5500006));
#3121 = ( GEOMETRIC_REPRESENTATION_CONTEXT(2) 
PARAMETRIC_REPRESENTATION_CONTEXT() REPRESENTATION_CONTEXT('2D SPACE',''
  ) );
#3122 = ORIENTED_EDGE('',*,*,#3123,.T.);
#3123 = EDGE_CURVE('',#3102,#3124,#3126,.T.);
#3124 = VERTEX_POINT('',#3125);
#3125 = CARTESIAN_POINT('',(-38.12265380851,196.25,-30.5));
#3126 = SURFACE_CURVE('',#3127,(#3131),.PCURVE_S1.);
#3127 = LINE('',#3128,#3129);
#3128 = CARTESIAN_POINT('',(57.8,196.25,-30.5));
#3129 = VECTOR('',#3130,1.);
#3130 = DIRECTION('',(1.,0.,0.));
#3131 = PCURVE('',#3112,#3132);
#3132 = DEFINITIONAL_REPRESENTATION('',(#3133),#3136);
#3133 = B_SPLINE_CURVE_WITH_KNOTS('',1,(#3134,#3135),.UNSPECIFIED.,.F.,
  .F.,(2,2),(-103.15,57.55),.PIECEWISE_BEZIER_KNOTS.);
#3134 = CARTESIAN_POINT('',(-125.95,2.35));
#3135 = CARTESIAN_POINT('',(34.75,2.35));
#3136 = ( GEOMETRIC_REPRESENTATION_CONTEXT(2) 
PARAMETRIC_REPRESENTATION_CONTEXT() REPRESENTATION_CONTEXT('2D SPACE',''
  ) );
#3137 = ORIENTED_EDGE('',*,*,#3138,.T.);
#3138 = EDGE_CURVE('',#3124,#3139,#3141,.T.);
#3139 = VERTEX_POINT('',#3140);
#3140 = CARTESIAN_POINT('',(-38.12265380851,200.45,-30.5));
#3141 = SURFACE_CURVE('',#3142,(#3146),.PCURVE_S1.);
#3142 = LINE('',#3143,#3144);
#3143 = CARTESIAN_POINT('',(-38.12265380851,196.25,-30.5));
#3144 = VECTOR('',#3145,1.);
#3145 = DIRECTION('',(0.,1.,0.));
#3146 = PCURVE('',#3112,#3147);
#3147 = DEFINITIONAL_REPRESENTATION('',(#3148),#3151);
#3148 = B_SPLINE_CURVE_WITH_KNOTS('',1,(#3149,#3150),.UNSPECIFIED.,.F.,
  .F.,(2,2),(-5.999999928008E-07,4.2000006),.PIECEWISE_BEZIER_KNOTS.);
#3149 = CARTESIAN_POINT('',(-118.7226538085,2.3499994));
#3150 = CARTESIAN_POINT('',(-118.7226538085,6.5500006));
#3151 = ( GEOMETRIC_REPRESENTATION_CONTEXT(2) 
PARAMETRIC_REPRESENTATION_CONTEXT() REPRESENTATION_CONTEXT('2D SPACE',''
  ) );
#3152 = ORIENTED_EDGE('',*,*,#3153,.F.);
#3153 = EDGE_CURVE('',#3104,#3139,#3154,.T.);
#3154 = SURFACE_CURVE('',#3155,(#3159),.PCURVE_S1.);
#3155 = LINE('',#3156,#3157);
#3156 = CARTESIAN_POINT('',(57.8,200.45,-30.5));
#3157 = VECTOR('',#3158,1.);
#3158 = DIRECTION('',(1.,0.,0.));
#3159 = PCURVE('',#3112,#3160);
#3160 = DEFINITIONAL_REPRESENTATION('',(#3161),#3164);
#3161 = B_SPLINE_CURVE_WITH_KNOTS('',1,(#3162,#3163),.UNSPECIFIED.,.F.,
  .F.,(2,2),(-103.15,57.55),.PIECEWISE_BEZIER_KNOTS.);
#3162 = CARTESIAN_POINT('',(-125.95,6.55));
#3163 = CARTESIAN_POINT('',(34.75,6.55));
#3164 = ( GEOMETRIC_REPRESENTATION_CONTEXT(2) 
PARAMETRIC_REPRESENTATION_CONTEXT() REPRESENTATION_CONTEXT('2D SPACE',''
  ) );
#3165 = SHELL_BASED_SURFACE_MODEL('',(#3166));
#3166 = OPEN_SHELL('',(#3167));
#3167 = ADVANCED_FACE('',(#3168),#3182,.T.);
#3168 = FACE_BOUND('',#3169,.T.);
#3169 = EDGE_LOOP('',(#3170,#3192,#3207,#3222));
#3170 = ORIENTED_EDGE('',*,*,#3171,.T.);
#3171 = EDGE_CURVE('',#3172,#3174,#3176,.T.);
#3172 = VERTEX_POINT('',#3173);
#3173 = CARTESIAN_POINT('',(108.12265380851,196.25,-30.5));
#3174 = VERTEX_POINT('',#3175);
#3175 = CARTESIAN_POINT('',(115.32510504194,196.25,-30.5));
#3176 = SURFACE_CURVE('',#3177,(#3181),.PCURVE_S1.);
#3177 = LINE('',#3178,#3179);
#3178 = CARTESIAN_POINT('',(57.8,196.25,-30.5));
#3179 = VECTOR('',#3180,1.);
#3180 = DIRECTION('',(1.,0.,0.));
#3181 = PCURVE('',#3182,#3187);
#3182 = PLANE('',#3183);
#3183 = AXIS2_PLACEMENT_3D('',#3184,#3185,#3186);
#3184 = CARTESIAN_POINT('',(80.6,193.9,-30.5));
#3185 = DIRECTION('',(0.,0.,1.));
#3186 = DIRECTION('',(1.,0.,-0.));
#3187 = DEFINITIONAL_REPRESENTATION('',(#3188),#3191);
#3188 = B_SPLINE_CURVE_WITH_KNOTS('',1,(#3189,#3190),.UNSPECIFIED.,.F.,
  .F.,(2,2),(-103.15,57.55),.PIECEWISE_BEZIER_KNOTS.);
#3189 = CARTESIAN_POINT('',(-125.95,2.35));
#3190 = CARTESIAN_POINT('',(34.75,2.35));
#3191 = ( GEOMETRIC_REPRESENTATION_CONTEXT(2) 
PARAMETRIC_REPRESENTATION_CONTEXT() REPRESENTATION_CONTEXT('2D SPACE',''
  ) );
#3192 = ORIENTED_EDGE('',*,*,#3193,.T.);
#3193 = EDGE_CURVE('',#3174,#3194,#3196,.T.);
#3194 = VERTEX_POINT('',#3195);
#3195 = CARTESIAN_POINT('',(115.32510504194,200.45,-30.5));
#3196 = SURFACE_CURVE('',#3197,(#3201),.PCURVE_S1.);
#3197 = LINE('',#3198,#3199);
#3198 = CARTESIAN_POINT('',(115.32510504194,196.25,-30.5));
#3199 = VECTOR('',#3200,1.);
#3200 = DIRECTION('',(0.,1.,0.));
#3201 = PCURVE('',#3182,#3202);
#3202 = DEFINITIONAL_REPRESENTATION('',(#3203),#3206);
#3203 = B_SPLINE_CURVE_WITH_KNOTS('',1,(#3204,#3205),.UNSPECIFIED.,.F.,
  .F.,(2,2),(-5.999999928008E-07,4.2000006),.PIECEWISE_BEZIER_KNOTS.);
#3204 = CARTESIAN_POINT('',(34.725105041948,2.3499994));
#3205 = CARTESIAN_POINT('',(34.725105041948,6.5500006));
#3206 = ( GEOMETRIC_REPRESENTATION_CONTEXT(2) 
PARAMETRIC_REPRESENTATION_CONTEXT() REPRESENTATION_CONTEXT('2D SPACE',''
  ) );
#3207 = ORIENTED_EDGE('',*,*,#3208,.F.);
#3208 = EDGE_CURVE('',#3209,#3194,#3211,.T.);
#3209 = VERTEX_POINT('',#3210);
#3210 = CARTESIAN_POINT('',(108.12265380851,200.45,-30.5));
#3211 = SURFACE_CURVE('',#3212,(#3216),.PCURVE_S1.);
#3212 = LINE('',#3213,#3214);
#3213 = CARTESIAN_POINT('',(57.8,200.45,-30.5));
#3214 = VECTOR('',#3215,1.);
#3215 = DIRECTION('',(1.,0.,0.));
#3216 = PCURVE('',#3182,#3217);
#3217 = DEFINITIONAL_REPRESENTATION('',(#3218),#3221);
#3218 = B_SPLINE_CURVE_WITH_KNOTS('',1,(#3219,#3220),.UNSPECIFIED.,.F.,
  .F.,(2,2),(-103.15,57.55),.PIECEWISE_BEZIER_KNOTS.);
#3219 = CARTESIAN_POINT('',(-125.95,6.55));
#3220 = CARTESIAN_POINT('',(34.75,6.55));
#3221 = ( GEOMETRIC_REPRESENTATION_CONTEXT(2) 
PARAMETRIC_REPRESENTATION_CONTEXT() REPRESENTATION_CONTEXT('2D SPACE',''
  ) );
#3222 = ORIENTED_EDGE('',*,*,#3223,.F.);
#3223 = EDGE_CURVE('',#3172,#3209,#3224,.T.);
#3224 = SURFACE_CURVE('',#3225,(#3229),.PCURVE_S1.);
#3225 = LINE('',#3226,#3227);
#3226 = CARTESIAN_POINT('',(108.12265380851,196.25,-30.5));
#3227 = VECTOR('',#3228,1.);
#3228 = DIRECTION('',(0.,1.,0.));
#3229 = PCURVE('',#3182,#3230);
#3230 = DEFINITIONAL_REPRESENTATION('',(#3231),#3234);
#3231 = B_SPLINE_CURVE_WITH_KNOTS('',1,(#3232,#3233),.UNSPECIFIED.,.F.,
  .F.,(2,2),(-5.999999928008E-07,4.2000006),.PIECEWISE_BEZIER_KNOTS.);
#3232 = CARTESIAN_POINT('',(27.522653808515,2.3499994));
#3233 = CARTESIAN_POINT('',(27.522653808515,6.5500006));
#3234 = ( GEOMETRIC_REPRESENTATION_CONTEXT(2) 
PARAMETRIC_REPRESENTATION_CONTEXT() REPRESENTATION_CONTEXT('2D SPACE',''
  ) );
#3235 = SHELL_BASED_SURFACE_MODEL('',(#3236));
#3236 = OPEN_SHELL('',(#3237));
#3237 = ADVANCED_FACE('',(#3238),#3252,.T.);
#3238 = FACE_BOUND('',#3239,.T.);
#3239 = EDGE_LOOP('',(#3240,#3262,#3277,#3292));
#3240 = ORIENTED_EDGE('',*,*,#3241,.F.);
#3241 = EDGE_CURVE('',#3242,#3244,#3246,.T.);
#3242 = VERTEX_POINT('',#3243);
#3243 = CARTESIAN_POINT('',(-45.32510504194,200.95,-30.5));
#3244 = VERTEX_POINT('',#3245);
#3245 = CARTESIAN_POINT('',(-45.32510504194,205.15,-30.5));
#3246 = SURFACE_CURVE('',#3247,(#3251),.PCURVE_S1.);
#3247 = LINE('',#3248,#3249);
#3248 = CARTESIAN_POINT('',(-45.32510504194,200.95,-30.5));
#3249 = VECTOR('',#3250,1.);
#3250 = DIRECTION('',(0.,1.,0.));
#3251 = PCURVE('',#3252,#3257);
#3252 = PLANE('',#3253);
#3253 = AXIS2_PLACEMENT_3D('',#3254,#3255,#3256);
#3254 = CARTESIAN_POINT('',(80.6,193.9,-30.5));
#3255 = DIRECTION('',(0.,0.,1.));
#3256 = DIRECTION('',(1.,0.,-0.));
#3257 = DEFINITIONAL_REPRESENTATION('',(#3258),#3261);
#3258 = B_SPLINE_CURVE_WITH_KNOTS('',1,(#3259,#3260),.UNSPECIFIED.,.F.,
  .F.,(2,2),(-5.999999928008E-07,4.2000006),.PIECEWISE_BEZIER_KNOTS.);
#3259 = CARTESIAN_POINT('',(-125.9251050419,7.0499994));
#3260 = CARTESIAN_POINT('',(-125.9251050419,11.2500006));
#3261 = ( GEOMETRIC_REPRESENTATION_CONTEXT(2) 
PARAMETRIC_REPRESENTATION_CONTEXT() REPRESENTATION_CONTEXT('2D SPACE',''
  ) );
#3262 = ORIENTED_EDGE('',*,*,#3263,.T.);
#3263 = EDGE_CURVE('',#3242,#3264,#3266,.T.);
#3264 = VERTEX_POINT('',#3265);
#3265 = CARTESIAN_POINT('',(-38.12265380851,200.95,-30.5));
#3266 = SURFACE_CURVE('',#3267,(#3271),.PCURVE_S1.);
#3267 = LINE('',#3268,#3269);
#3268 = CARTESIAN_POINT('',(57.8,200.95,-30.5));
#3269 = VECTOR('',#3270,1.);
#3270 = DIRECTION('',(1.,0.,0.));
#3271 = PCURVE('',#3252,#3272);
#3272 = DEFINITIONAL_REPRESENTATION('',(#3273),#3276);
#3273 = B_SPLINE_CURVE_WITH_KNOTS('',1,(#3274,#3275),.UNSPECIFIED.,.F.,
  .F.,(2,2),(-103.15,57.55),.PIECEWISE_BEZIER_KNOTS.);
#3274 = CARTESIAN_POINT('',(-125.95,7.05));
#3275 = CARTESIAN_POINT('',(34.75,7.05));
#3276 = ( GEOMETRIC_REPRESENTATION_CONTEXT(2) 
PARAMETRIC_REPRESENTATION_CONTEXT() REPRESENTATION_CONTEXT('2D SPACE',''
  ) );
#3277 = ORIENTED_EDGE('',*,*,#3278,.T.);
#3278 = EDGE_CURVE('',#3264,#3279,#3281,.T.);
#3279 = VERTEX_POINT('',#3280);
#3280 = CARTESIAN_POINT('',(-38.12265380851,205.15,-30.5));
#3281 = SURFACE_CURVE('',#3282,(#3286),.PCURVE_S1.);
#3282 = LINE('',#3283,#3284);
#3283 = CARTESIAN_POINT('',(-38.12265380851,200.95,-30.5));
#3284 = VECTOR('',#3285,1.);
#3285 = DIRECTION('',(0.,1.,0.));
#3286 = PCURVE('',#3252,#3287);
#3287 = DEFINITIONAL_REPRESENTATION('',(#3288),#3291);
#3288 = B_SPLINE_CURVE_WITH_KNOTS('',1,(#3289,#3290),.UNSPECIFIED.,.F.,
  .F.,(2,2),(-5.999999928008E-07,4.2000006),.PIECEWISE_BEZIER_KNOTS.);
#3289 = CARTESIAN_POINT('',(-118.7226538085,7.0499994));
#3290 = CARTESIAN_POINT('',(-118.7226538085,11.2500006));
#3291 = ( GEOMETRIC_REPRESENTATION_CONTEXT(2) 
PARAMETRIC_REPRESENTATION_CONTEXT() REPRESENTATION_CONTEXT('2D SPACE',''
  ) );
#3292 = ORIENTED_EDGE('',*,*,#3293,.F.);
#3293 = EDGE_CURVE('',#3244,#3279,#3294,.T.);
#3294 = SURFACE_CURVE('',#3295,(#3299),.PCURVE_S1.);
#3295 = LINE('',#3296,#3297);
#3296 = CARTESIAN_POINT('',(57.8,205.15,-30.5));
#3297 = VECTOR('',#3298,1.);
#3298 = DIRECTION('',(1.,0.,0.));
#3299 = PCURVE('',#3252,#3300);
#3300 = DEFINITIONAL_REPRESENTATION('',(#3301),#3304);
#3301 = B_SPLINE_CURVE_WITH_KNOTS('',1,(#3302,#3303),.UNSPECIFIED.,.F.,
  .F.,(2,2),(-103.15,57.55),.PIECEWISE_BEZIER_KNOTS.);
#3302 = CARTESIAN_POINT('',(-125.95,11.25));
#3303 = CARTESIAN_POINT('',(34.75,11.25));
#3304 = ( GEOMETRIC_REPRESENTATION_CONTEXT(2) 
PARAMETRIC_REPRESENTATION_CONTEXT() REPRESENTATION_CONTEXT('2D SPACE',''
  ) );
#3305 = SHELL_BASED_SURFACE_MODEL('',(#3306));
#3306 = OPEN_SHELL('',(#3307));
#3307 = ADVANCED_FACE('',(#3308),#3322,.T.);
#3308 = FACE_BOUND('',#3309,.T.);
#3309 = EDGE_LOOP('',(#3310,#3332,#3347,#3362));
#3310 = ORIENTED_EDGE('',*,*,#3311,.T.);
#3311 = EDGE_CURVE('',#3312,#3314,#3316,.T.);
#3312 = VERTEX_POINT('',#3313);
#3313 = CARTESIAN_POINT('',(108.12265380851,200.95,-30.5));
#3314 = VERTEX_POINT('',#3315);
#3315 = CARTESIAN_POINT('',(115.32510504194,200.95,-30.5));
#3316 = SURFACE_CURVE('',#3317,(#3321),.PCURVE_S1.);
#3317 = LINE('',#3318,#3319);
#3318 = CARTESIAN_POINT('',(57.8,200.95,-30.5));
#3319 = VECTOR('',#3320,1.);
#3320 = DIRECTION('',(1.,0.,0.));
#3321 = PCURVE('',#3322,#3327);
#3322 = PLANE('',#3323);
#3323 = AXIS2_PLACEMENT_3D('',#3324,#3325,#3326);
#3324 = CARTESIAN_POINT('',(80.6,193.9,-30.5));
#3325 = DIRECTION('',(0.,0.,1.));
#3326 = DIRECTION('',(1.,0.,-0.));
#3327 = DEFINITIONAL_REPRESENTATION('',(#3328),#3331);
#3328 = B_SPLINE_CURVE_WITH_KNOTS('',1,(#3329,#3330),.UNSPECIFIED.,.F.,
  .F.,(2,2),(-103.15,57.55),.PIECEWISE_BEZIER_KNOTS.);
#3329 = CARTESIAN_POINT('',(-125.95,7.05));
#3330 = CARTESIAN_POINT('',(34.75,7.05));
#3331 = ( GEOMETRIC_REPRESENTATION_CONTEXT(2) 
PARAMETRIC_REPRESENTATION_CONTEXT() REPRESENTATION_CONTEXT('2D SPACE',''
  ) );
#3332 = ORIENTED_EDGE('',*,*,#3333,.T.);
#3333 = EDGE_CURVE('',#3314,#3334,#3336,.T.);
#3334 = VERTEX_POINT('',#3335);
#3335 = CARTESIAN_POINT('',(115.32510504194,205.15,-30.5));
#3336 = SURFACE_CURVE('',#3337,(#3341),.PCURVE_S1.);
#3337 = LINE('',#3338,#3339);
#3338 = CARTESIAN_POINT('',(115.32510504194,200.95,-30.5));
#3339 = VECTOR('',#3340,1.);
#3340 = DIRECTION('',(0.,1.,0.));
#3341 = PCURVE('',#3322,#3342);
#3342 = DEFINITIONAL_REPRESENTATION('',(#3343),#3346);
#3343 = B_SPLINE_CURVE_WITH_KNOTS('',1,(#3344,#3345),.UNSPECIFIED.,.F.,
  .F.,(2,2),(-5.999999928008E-07,4.2000006),.PIECEWISE_BEZIER_KNOTS.);
#3344 = CARTESIAN_POINT('',(34.725105041948,7.0499994));
#3345 = CARTESIAN_POINT('',(34.725105041948,11.2500006));
#3346 = ( GEOMETRIC_REPRESENTATION_CONTEXT(2) 
PARAMETRIC_REPRESENTATION_CONTEXT() REPRESENTATION_CONTEXT('2D SPACE',''
  ) );
#3347 = ORIENTED_EDGE('',*,*,#3348,.F.);
#3348 = EDGE_CURVE('',#3349,#3334,#3351,.T.);
#3349 = VERTEX_POINT('',#3350);
#3350 = CARTESIAN_POINT('',(108.12265380851,205.15,-30.5));
#3351 = SURFACE_CURVE('',#3352,(#3356),.PCURVE_S1.);
#3352 = LINE('',#3353,#3354);
#3353 = CARTESIAN_POINT('',(57.8,205.15,-30.5));
#3354 = VECTOR('',#3355,1.);
#3355 = DIRECTION('',(1.,0.,0.));
#3356 = PCURVE('',#3322,#3357);
#3357 = DEFINITIONAL_REPRESENTATION('',(#3358),#3361);
#3358 = B_SPLINE_CURVE_WITH_KNOTS('',1,(#3359,#3360),.UNSPECIFIED.,.F.,
  .F.,(2,2),(-103.15,57.55),.PIECEWISE_BEZIER_KNOTS.);
#3359 = CARTESIAN_POINT('',(-125.95,11.25));
#3360 = CARTESIAN_POINT('',(34.75,11.25));
#3361 = ( GEOMETRIC_REPRESENTATION_CONTEXT(2) 
PARAMETRIC_REPRESENTATION_CONTEXT() REPRESENTATION_CONTEXT('2D SPACE',''
  ) );
#3362 = ORIENTED_EDGE('',*,*,#3363,.F.);
#3363 = EDGE_CURVE('',#3312,#3349,#3364,.T.);
#3364 = SURFACE_CURVE('',#3365,(#3369),.PCURVE_S1.);
#3365 = LINE('',#3366,#3367);
#3366 = CARTESIAN_POINT('',(108.12265380851,200.95,-30.5));
#3367 = VECTOR('',#3368,1.);
#3368 = DIRECTION('',(0.,1.,0.));
#3369 = PCURVE('',#3322,#3370);
#3370 = DEFINITIONAL_REPRESENTATION('',(#3371),#3374);
#3371 = B_SPLINE_CURVE_WITH_KNOTS('',1,(#3372,#3373),.UNSPECIFIED.,.F.,
  .F.,(2,2),(-5.999999928008E-07,4.2000006),.PIECEWISE_BEZIER_KNOTS.);
#3372 = CARTESIAN_POINT('',(27.522653808515,7.0499994));
#3373 = CARTESIAN_POINT('',(27.522653808515,11.2500006));
#3374 = ( GEOMETRIC_REPRESENTATION_CONTEXT(2) 
PARAMETRIC_REPRESENTATION_CONTEXT() REPRESENTATION_CONTEXT('2D SPACE',''
  ) );
#3375 = SHELL_BASED_SURFACE_MODEL('',(#3376));
#3376 = OPEN_SHELL('',(#3377));
#3377 = ADVANCED_FACE('',(#3378),#3392,.T.);
#3378 = FACE_BOUND('',#3379,.T.);
#3379 = EDGE_LOOP('',(#3380,#3402,#3417,#3432));
#3380 = ORIENTED_EDGE('',*,*,#3381,.F.);
#3381 = EDGE_CURVE('',#3382,#3384,#3386,.T.);
#3382 = VERTEX_POINT('',#3383);
#3383 = CARTESIAN_POINT('',(-45.32510504194,205.65,-30.5));
#3384 = VERTEX_POINT('',#3385);
#3385 = CARTESIAN_POINT('',(-45.32510504194,209.85,-30.5));
#3386 = SURFACE_CURVE('',#3387,(#3391),.PCURVE_S1.);
#3387 = LINE('',#3388,#3389);
#3388 = CARTESIAN_POINT('',(-45.32510504194,205.65,-30.5));
#3389 = VECTOR('',#3390,1.);
#3390 = DIRECTION('',(0.,1.,0.));
#3391 = PCURVE('',#3392,#3397);
#3392 = PLANE('',#3393);
#3393 = AXIS2_PLACEMENT_3D('',#3394,#3395,#3396);
#3394 = CARTESIAN_POINT('',(80.6,193.9,-30.5));
#3395 = DIRECTION('',(0.,0.,1.));
#3396 = DIRECTION('',(1.,0.,-0.));
#3397 = DEFINITIONAL_REPRESENTATION('',(#3398),#3401);
#3398 = B_SPLINE_CURVE_WITH_KNOTS('',1,(#3399,#3400),.UNSPECIFIED.,.F.,
  .F.,(2,2),(-5.999999928008E-07,4.2000006),.PIECEWISE_BEZIER_KNOTS.);
#3399 = CARTESIAN_POINT('',(-125.9251050419,11.7499994));
#3400 = CARTESIAN_POINT('',(-125.9251050419,15.9500006));
#3401 = ( GEOMETRIC_REPRESENTATION_CONTEXT(2) 
PARAMETRIC_REPRESENTATION_CONTEXT() REPRESENTATION_CONTEXT('2D SPACE',''
  ) );
#3402 = ORIENTED_EDGE('',*,*,#3403,.T.);
#3403 = EDGE_CURVE('',#3382,#3404,#3406,.T.);
#3404 = VERTEX_POINT('',#3405);
#3405 = CARTESIAN_POINT('',(-38.12265380851,205.65,-30.5));
#3406 = SURFACE_CURVE('',#3407,(#3411),.PCURVE_S1.);
#3407 = LINE('',#3408,#3409);
#3408 = CARTESIAN_POINT('',(57.8,205.65,-30.5));
#3409 = VECTOR('',#3410,1.);
#3410 = DIRECTION('',(1.,0.,0.));
#3411 = PCURVE('',#3392,#3412);
#3412 = DEFINITIONAL_REPRESENTATION('',(#3413),#3416);
#3413 = B_SPLINE_CURVE_WITH_KNOTS('',1,(#3414,#3415),.UNSPECIFIED.,.F.,
  .F.,(2,2),(-103.15,57.55),.PIECEWISE_BEZIER_KNOTS.);
#3414 = CARTESIAN_POINT('',(-125.95,11.75));
#3415 = CARTESIAN_POINT('',(34.75,11.75));
#3416 = ( GEOMETRIC_REPRESENTATION_CONTEXT(2) 
PARAMETRIC_REPRESENTATION_CONTEXT() REPRESENTATION_CONTEXT('2D SPACE',''
  ) );
#3417 = ORIENTED_EDGE('',*,*,#3418,.T.);
#3418 = EDGE_CURVE('',#3404,#3419,#3421,.T.);
#3419 = VERTEX_POINT('',#3420);
#3420 = CARTESIAN_POINT('',(-38.12265380851,209.85,-30.5));
#3421 = SURFACE_CURVE('',#3422,(#3426),.PCURVE_S1.);
#3422 = LINE('',#3423,#3424);
#3423 = CARTESIAN_POINT('',(-38.12265380851,205.65,-30.5));
#3424 = VECTOR('',#3425,1.);
#3425 = DIRECTION('',(0.,1.,0.));
#3426 = PCURVE('',#3392,#3427);
#3427 = DEFINITIONAL_REPRESENTATION('',(#3428),#3431);
#3428 = B_SPLINE_CURVE_WITH_KNOTS('',1,(#3429,#3430),.UNSPECIFIED.,.F.,
  .F.,(2,2),(-5.999999928008E-07,4.2000006),.PIECEWISE_BEZIER_KNOTS.);
#3429 = CARTESIAN_POINT('',(-118.7226538085,11.7499994));
#3430 = CARTESIAN_POINT('',(-118.7226538085,15.9500006));
#3431 = ( GEOMETRIC_REPRESENTATION_CONTEXT(2) 
PARAMETRIC_REPRESENTATION_CONTEXT() REPRESENTATION_CONTEXT('2D SPACE',''
  ) );
#3432 = ORIENTED_EDGE('',*,*,#3433,.F.);
#3433 = EDGE_CURVE('',#3384,#3419,#3434,.T.);
#3434 = SURFACE_CURVE('',#3435,(#3439),.PCURVE_S1.);
#3435 = LINE('',#3436,#3437);
#3436 = CARTESIAN_POINT('',(57.8,209.85,-30.5));
#3437 = VECTOR('',#3438,1.);
#3438 = DIRECTION('',(1.,0.,0.));
#3439 = PCURVE('',#3392,#3440);
#3440 = DEFINITIONAL_REPRESENTATION('',(#3441),#3444);
#3441 = B_SPLINE_CURVE_WITH_KNOTS('',1,(#3442,#3443),.UNSPECIFIED.,.F.,
  .F.,(2,2),(-103.15,57.55),.PIECEWISE_BEZIER_KNOTS.);
#3442 = CARTESIAN_POINT('',(-125.95,15.95));
#3443 = CARTESIAN_POINT('',(34.75,15.95));
#3444 = ( GEOMETRIC_REPRESENTATION_CONTEXT(2) 
PARAMETRIC_REPRESENTATION_CONTEXT() REPRESENTATION_CONTEXT('2D SPACE',''
  ) );
#3445 = SHELL_BASED_SURFACE_MODEL('',(#3446));
#3446 = OPEN_SHELL('',(#3447));
#3447 = ADVANCED_FACE('',(#3448),#3462,.T.);
#3448 = FACE_BOUND('',#3449,.T.);
#3449 = EDGE_LOOP('',(#3450,#3472,#3487,#3502));
#3450 = ORIENTED_EDGE('',*,*,#3451,.T.);
#3451 = EDGE_CURVE('',#3452,#3454,#3456,.T.);
#3452 = VERTEX_POINT('',#3453);
#3453 = CARTESIAN_POINT('',(108.12265380851,205.65,-30.5));
#3454 = VERTEX_POINT('',#3455);
#3455 = CARTESIAN_POINT('',(115.32510504194,205.65,-30.5));
#3456 = SURFACE_CURVE('',#3457,(#3461),.PCURVE_S1.);
#3457 = LINE('',#3458,#3459);
#3458 = CARTESIAN_POINT('',(57.8,205.65,-30.5));
#3459 = VECTOR('',#3460,1.);
#3460 = DIRECTION('',(1.,0.,0.));
#3461 = PCURVE('',#3462,#3467);
#3462 = PLANE('',#3463);
#3463 = AXIS2_PLACEMENT_3D('',#3464,#3465,#3466);
#3464 = CARTESIAN_POINT('',(80.6,193.9,-30.5));
#3465 = DIRECTION('',(0.,0.,1.));
#3466 = DIRECTION('',(1.,0.,-0.));
#3467 = DEFINITIONAL_REPRESENTATION('',(#3468),#3471);
#3468 = B_SPLINE_CURVE_WITH_KNOTS('',1,(#3469,#3470),.UNSPECIFIED.,.F.,
  .F.,(2,2),(-103.15,57.55),.PIECEWISE_BEZIER_KNOTS.);
#3469 = CARTESIAN_POINT('',(-125.95,11.75));
#3470 = CARTESIAN_POINT('',(34.75,11.75));
#3471 = ( GEOMETRIC_REPRESENTATION_CONTEXT(2) 
PARAMETRIC_REPRESENTATION_CONTEXT() REPRESENTATION_CONTEXT('2D SPACE',''
  ) );
#3472 = ORIENTED_EDGE('',*,*,#3473,.T.);
#3473 = EDGE_CURVE('',#3454,#3474,#3476,.T.);
#3474 = VERTEX_POINT('',#3475);
#3475 = CARTESIAN_POINT('',(115.32510504194,209.85,-30.5));
#3476 = SURFACE_CURVE('',#3477,(#3481),.PCURVE_S1.);
#3477 = LINE('',#3478,#3479);
#3478 = CARTESIAN_POINT('',(115.32510504194,205.65,-30.5));
#3479 = VECTOR('',#3480,1.);
#3480 = DIRECTION('',(0.,1.,0.));
#3481 = PCURVE('',#3462,#3482);
#3482 = DEFINITIONAL_REPRESENTATION('',(#3483),#3486);
#3483 = B_SPLINE_CURVE_WITH_KNOTS('',1,(#3484,#3485),.UNSPECIFIED.,.F.,
  .F.,(2,2),(-5.999999928008E-07,4.2000006),.PIECEWISE_BEZIER_KNOTS.);
#3484 = CARTESIAN_POINT('',(34.725105041948,11.7499994));
#3485 = CARTESIAN_POINT('',(34.725105041948,15.9500006));
#3486 = ( GEOMETRIC_REPRESENTATION_CONTEXT(2) 
PARAMETRIC_REPRESENTATION_CONTEXT() REPRESENTATION_CONTEXT('2D SPACE',''
  ) );
#3487 = ORIENTED_EDGE('',*,*,#3488,.F.);
#3488 = EDGE_CURVE('',#3489,#3474,#3491,.T.);
#3489 = VERTEX_POINT('',#3490);
#3490 = CARTESIAN_POINT('',(108.12265380851,209.85,-30.5));
#3491 = SURFACE_CURVE('',#3492,(#3496),.PCURVE_S1.);
#3492 = LINE('',#3493,#3494);
#3493 = CARTESIAN_POINT('',(57.8,209.85,-30.5));
#3494 = VECTOR('',#3495,1.);
#3495 = DIRECTION('',(1.,0.,0.));
#3496 = PCURVE('',#3462,#3497);
#3497 = DEFINITIONAL_REPRESENTATION('',(#3498),#3501);
#3498 = B_SPLINE_CURVE_WITH_KNOTS('',1,(#3499,#3500),.UNSPECIFIED.,.F.,
  .F.,(2,2),(-103.15,57.55),.PIECEWISE_BEZIER_KNOTS.);
#3499 = CARTESIAN_POINT('',(-125.95,15.95));
#3500 = CARTESIAN_POINT('',(34.75,15.95));
#3501 = ( GEOMETRIC_REPRESENTATION_CONTEXT(2) 
PARAMETRIC_REPRESENTATION_CONTEXT() REPRESENTATION_CONTEXT('2D SPACE',''
  ) );
#3502 = ORIENTED_EDGE('',*,*,#3503,.F.);
#3503 = EDGE_CURVE('',#3452,#3489,#3504,.T.);
#3504 = SURFACE_CURVE('',#3505,(#3509),.PCURVE_S1.);
#3505 = LINE('',#3506,#3507);
#3506 = CARTESIAN_POINT('',(108.12265380851,205.65,-30.5));
#3507 = VECTOR('',#3508,1.);
#3508 = DIRECTION('',(0.,1.,0.));
#3509 = PCURVE('',#3462,#3510);
#3510 = DEFINITIONAL_REPRESENTATION('',(#3511),#3514);
#3511 = B_SPLINE_CURVE_WITH_KNOTS('',1,(#3512,#3513),.UNSPECIFIED.,.F.,
  .F.,(2,2),(-5.999999928008E-07,4.2000006),.PIECEWISE_BEZIER_KNOTS.);
#3512 = CARTESIAN_POINT('',(27.522653808515,11.7499994));
#3513 = CARTESIAN_POINT('',(27.522653808515,15.9500006));
#3514 = ( GEOMETRIC_REPRESENTATION_CONTEXT(2) 
PARAMETRIC_REPRESENTATION_CONTEXT() REPRESENTATION_CONTEXT('2D SPACE',''
  ) );
#3515 = SHELL_BASED_SURFACE_MODEL('',(#3516));
#3516 = OPEN_SHELL('',(#3517));
#3517 = ADVANCED_FACE('',(#3518),#3532,.T.);
#3518 = FACE_BOUND('',#3519,.T.);
#3519 = EDGE_LOOP('',(#3520,#3542,#3557,#3572));
#3520 = ORIENTED_EDGE('',*,*,#3521,.F.);
#3521 = EDGE_CURVE('',#3522,#3524,#3526,.T.);
#3522 = VERTEX_POINT('',#3523);
#3523 = CARTESIAN_POINT('',(-45.32510504194,210.35,-30.5));
#3524 = VERTEX_POINT('',#3525);
#3525 = CARTESIAN_POINT('',(-45.32510504194,214.55,-30.5));
#3526 = SURFACE_CURVE('',#3527,(#3531),.PCURVE_S1.);
#3527 = LINE('',#3528,#3529);
#3528 = CARTESIAN_POINT('',(-45.32510504194,210.35,-30.5));
#3529 = VECTOR('',#3530,1.);
#3530 = DIRECTION('',(0.,1.,0.));
#3531 = PCURVE('',#3532,#3537);
#3532 = PLANE('',#3533);
#3533 = AXIS2_PLACEMENT_3D('',#3534,#3535,#3536);
#3534 = CARTESIAN_POINT('',(80.6,193.9,-30.5));
#3535 = DIRECTION('',(0.,0.,1.));
#3536 = DIRECTION('',(1.,0.,-0.));
#3537 = DEFINITIONAL_REPRESENTATION('',(#3538),#3541);
#3538 = B_SPLINE_CURVE_WITH_KNOTS('',1,(#3539,#3540),.UNSPECIFIED.,.F.,
  .F.,(2,2),(-5.999999928008E-07,4.2000006),.PIECEWISE_BEZIER_KNOTS.);
#3539 = CARTESIAN_POINT('',(-125.9251050419,16.4499994));
#3540 = CARTESIAN_POINT('',(-125.9251050419,20.6500006));
#3541 = ( GEOMETRIC_REPRESENTATION_CONTEXT(2) 
PARAMETRIC_REPRESENTATION_CONTEXT() REPRESENTATION_CONTEXT('2D SPACE',''
  ) );
#3542 = ORIENTED_EDGE('',*,*,#3543,.T.);
#3543 = EDGE_CURVE('',#3522,#3544,#3546,.T.);
#3544 = VERTEX_POINT('',#3545);
#3545 = CARTESIAN_POINT('',(-38.12265380851,210.35,-30.5));
#3546 = SURFACE_CURVE('',#3547,(#3551),.PCURVE_S1.);
#3547 = LINE('',#3548,#3549);
#3548 = CARTESIAN_POINT('',(57.8,210.35,-30.5));
#3549 = VECTOR('',#3550,1.);
#3550 = DIRECTION('',(1.,0.,0.));
#3551 = PCURVE('',#3532,#3552);
#3552 = DEFINITIONAL_REPRESENTATION('',(#3553),#3556);
#3553 = B_SPLINE_CURVE_WITH_KNOTS('',1,(#3554,#3555),.UNSPECIFIED.,.F.,
  .F.,(2,2),(-103.15,57.55),.PIECEWISE_BEZIER_KNOTS.);
#3554 = CARTESIAN_POINT('',(-125.95,16.45));
#3555 = CARTESIAN_POINT('',(34.75,16.45));
#3556 = ( GEOMETRIC_REPRESENTATION_CONTEXT(2) 
PARAMETRIC_REPRESENTATION_CONTEXT() REPRESENTATION_CONTEXT('2D SPACE',''
  ) );
#3557 = ORIENTED_EDGE('',*,*,#3558,.T.);
#3558 = EDGE_CURVE('',#3544,#3559,#3561,.T.);
#3559 = VERTEX_POINT('',#3560);
#3560 = CARTESIAN_POINT('',(-38.12265380851,214.55,-30.5));
#3561 = SURFACE_CURVE('',#3562,(#3566),.PCURVE_S1.);
#3562 = LINE('',#3563,#3564);
#3563 = CARTESIAN_POINT('',(-38.12265380851,210.35,-30.5));
#3564 = VECTOR('',#3565,1.);
#3565 = DIRECTION('',(0.,1.,0.));
#3566 = PCURVE('',#3532,#3567);
#3567 = DEFINITIONAL_REPRESENTATION('',(#3568),#3571);
#3568 = B_SPLINE_CURVE_WITH_KNOTS('',1,(#3569,#3570),.UNSPECIFIED.,.F.,
  .F.,(2,2),(-5.999999928008E-07,4.2000006),.PIECEWISE_BEZIER_KNOTS.);
#3569 = CARTESIAN_POINT('',(-118.7226538085,16.4499994));
#3570 = CARTESIAN_POINT('',(-118.7226538085,20.6500006));
#3571 = ( GEOMETRIC_REPRESENTATION_CONTEXT(2) 
PARAMETRIC_REPRESENTATION_CONTEXT() REPRESENTATION_CONTEXT('2D SPACE',''
  ) );
#3572 = ORIENTED_EDGE('',*,*,#3573,.F.);
#3573 = EDGE_CURVE('',#3524,#3559,#3574,.T.);
#3574 = SURFACE_CURVE('',#3575,(#3579),.PCURVE_S1.);
#3575 = LINE('',#3576,#3577);
#3576 = CARTESIAN_POINT('',(57.8,214.55,-30.5));
#3577 = VECTOR('',#3578,1.);
#3578 = DIRECTION('',(1.,0.,0.));
#3579 = PCURVE('',#3532,#3580);
#3580 = DEFINITIONAL_REPRESENTATION('',(#3581),#3584);
#3581 = B_SPLINE_CURVE_WITH_KNOTS('',1,(#3582,#3583),.UNSPECIFIED.,.F.,
  .F.,(2,2),(-103.15,57.55),.PIECEWISE_BEZIER_KNOTS.);
#3582 = CARTESIAN_POINT('',(-125.95,20.65));
#3583 = CARTESIAN_POINT('',(34.75,20.65));
#3584 = ( GEOMETRIC_REPRESENTATION_CONTEXT(2) 
PARAMETRIC_REPRESENTATION_CONTEXT() REPRESENTATION_CONTEXT('2D SPACE',''
  ) );
#3585 = SHELL_BASED_SURFACE_MODEL('',(#3586));
#3586 = OPEN_SHELL('',(#3587));
#3587 = ADVANCED_FACE('',(#3588),#3602,.T.);
#3588 = FACE_BOUND('',#3589,.T.);
#3589 = EDGE_LOOP('',(#3590,#3612,#3627,#3642));
#3590 = ORIENTED_EDGE('',*,*,#3591,.T.);
#3591 = EDGE_CURVE('',#3592,#3594,#3596,.T.);
#3592 = VERTEX_POINT('',#3593);
#3593 = CARTESIAN_POINT('',(108.12265380851,210.35,-30.5));
#3594 = VERTEX_POINT('',#3595);
#3595 = CARTESIAN_POINT('',(115.32510504194,210.35,-30.5));
#3596 = SURFACE_CURVE('',#3597,(#3601),.PCURVE_S1.);
#3597 = LINE('',#3598,#3599);
#3598 = CARTESIAN_POINT('',(57.8,210.35,-30.5));
#3599 = VECTOR('',#3600,1.);
#3600 = DIRECTION('',(1.,0.,0.));
#3601 = PCURVE('',#3602,#3607);
#3602 = PLANE('',#3603);
#3603 = AXIS2_PLACEMENT_3D('',#3604,#3605,#3606);
#3604 = CARTESIAN_POINT('',(80.6,193.9,-30.5));
#3605 = DIRECTION('',(0.,0.,1.));
#3606 = DIRECTION('',(1.,0.,-0.));
#3607 = DEFINITIONAL_REPRESENTATION('',(#3608),#3611);
#3608 = B_SPLINE_CURVE_WITH_KNOTS('',1,(#3609,#3610),.UNSPECIFIED.,.F.,
  .F.,(2,2),(-103.15,57.55),.PIECEWISE_BEZIER_KNOTS.);
#3609 = CARTESIAN_POINT('',(-125.95,16.45));
#3610 = CARTESIAN_POINT('',(34.75,16.45));
#3611 = ( GEOMETRIC_REPRESENTATION_CONTEXT(2) 
PARAMETRIC_REPRESENTATION_CONTEXT() REPRESENTATION_CONTEXT('2D SPACE',''
  ) );
#3612 = ORIENTED_EDGE('',*,*,#3613,.T.);
#3613 = EDGE_CURVE('',#3594,#3614,#3616,.T.);
#3614 = VERTEX_POINT('',#3615);
#3615 = CARTESIAN_POINT('',(115.32510504194,214.55,-30.5));
#3616 = SURFACE_CURVE('',#3617,(#3621),.PCURVE_S1.);
#3617 = LINE('',#3618,#3619);
#3618 = CARTESIAN_POINT('',(115.32510504194,210.35,-30.5));
#3619 = VECTOR('',#3620,1.);
#3620 = DIRECTION('',(0.,1.,0.));
#3621 = PCURVE('',#3602,#3622);
#3622 = DEFINITIONAL_REPRESENTATION('',(#3623),#3626);
#3623 = B_SPLINE_CURVE_WITH_KNOTS('',1,(#3624,#3625),.UNSPECIFIED.,.F.,
  .F.,(2,2),(-5.999999928008E-07,4.2000006),.PIECEWISE_BEZIER_KNOTS.);
#3624 = CARTESIAN_POINT('',(34.725105041948,16.4499994));
#3625 = CARTESIAN_POINT('',(34.725105041948,20.6500006));
#3626 = ( GEOMETRIC_REPRESENTATION_CONTEXT(2) 
PARAMETRIC_REPRESENTATION_CONTEXT() REPRESENTATION_CONTEXT('2D SPACE',''
  ) );
#3627 = ORIENTED_EDGE('',*,*,#3628,.F.);
#3628 = EDGE_CURVE('',#3629,#3614,#3631,.T.);
#3629 = VERTEX_POINT('',#3630);
#3630 = CARTESIAN_POINT('',(108.12265380851,214.55,-30.5));
#3631 = SURFACE_CURVE('',#3632,(#3636),.PCURVE_S1.);
#3632 = LINE('',#3633,#3634);
#3633 = CARTESIAN_POINT('',(57.8,214.55,-30.5));
#3634 = VECTOR('',#3635,1.);
#3635 = DIRECTION('',(1.,0.,0.));
#3636 = PCURVE('',#3602,#3637);
#3637 = DEFINITIONAL_REPRESENTATION('',(#3638),#3641);
#3638 = B_SPLINE_CURVE_WITH_KNOTS('',1,(#3639,#3640),.UNSPECIFIED.,.F.,
  .F.,(2,2),(-103.15,57.55),.PIECEWISE_BEZIER_KNOTS.);
#3639 = CARTESIAN_POINT('',(-125.95,20.65));
#3640 = CARTESIAN_POINT('',(34.75,20.65));
#3641 = ( GEOMETRIC_REPRESENTATION_CONTEXT(2) 
PARAMETRIC_REPRESENTATION_CONTEXT() REPRESENTATION_CONTEXT('2D SPACE',''
  ) );
#3642 = ORIENTED_EDGE('',*,*,#3643,.F.);
#3643 = EDGE_CURVE('',#3592,#3629,#3644,.T.);
#3644 = SURFACE_CURVE('',#3645,(#3649),.PCURVE_S1.);
#3645 = LINE('',#3646,#3647);
#3646 = CARTESIAN_POINT('',(108.12265380851,210.35,-30.5));
#3647 = VECTOR('',#3648,1.);
#3648 = DIRECTION('',(0.,1.,0.));
#3649 = PCURVE('',#3602,#3650);
#3650 = DEFINITIONAL_REPRESENTATION('',(#3651),#3654);
#3651 = B_SPLINE_CURVE_WITH_KNOTS('',1,(#3652,#3653),.UNSPECIFIED.,.F.,
  .F.,(2,2),(-5.999999928008E-07,4.2000006),.PIECEWISE_BEZIER_KNOTS.);
#3652 = CARTESIAN_POINT('',(27.522653808515,16.4499994));
#3653 = CARTESIAN_POINT('',(27.522653808515,20.6500006));
#3654 = ( GEOMETRIC_REPRESENTATION_CONTEXT(2) 
PARAMETRIC_REPRESENTATION_CONTEXT() REPRESENTATION_CONTEXT('2D SPACE',''
  ) );
#3655 = SHELL_BASED_SURFACE_MODEL('',(#3656));
#3656 = OPEN_SHELL('',(#3657));
#3657 = ADVANCED_FACE('',(#3658),#3672,.T.);
#3658 = FACE_BOUND('',#3659,.T.);
#3659 = EDGE_LOOP('',(#3660,#3682,#3697,#3712));
#3660 = ORIENTED_EDGE('',*,*,#3661,.F.);
#3661 = EDGE_CURVE('',#3662,#3664,#3666,.T.);
#3662 = VERTEX_POINT('',#3663);
#3663 = CARTESIAN_POINT('',(-45.32510504194,215.05,-30.5));
#3664 = VERTEX_POINT('',#3665);
#3665 = CARTESIAN_POINT('',(-45.32510504194,219.25,-30.5));
#3666 = SURFACE_CURVE('',#3667,(#3671),.PCURVE_S1.);
#3667 = LINE('',#3668,#3669);
#3668 = CARTESIAN_POINT('',(-45.32510504194,215.05,-30.5));
#3669 = VECTOR('',#3670,1.);
#3670 = DIRECTION('',(0.,1.,0.));
#3671 = PCURVE('',#3672,#3677);
#3672 = PLANE('',#3673);
#3673 = AXIS2_PLACEMENT_3D('',#3674,#3675,#3676);
#3674 = CARTESIAN_POINT('',(80.6,193.9,-30.5));
#3675 = DIRECTION('',(0.,0.,1.));
#3676 = DIRECTION('',(1.,0.,-0.));
#3677 = DEFINITIONAL_REPRESENTATION('',(#3678),#3681);
#3678 = B_SPLINE_CURVE_WITH_KNOTS('',1,(#3679,#3680),.UNSPECIFIED.,.F.,
  .F.,(2,2),(-5.999999928008E-07,4.2000006),.PIECEWISE_BEZIER_KNOTS.);
#3679 = CARTESIAN_POINT('',(-125.9251050419,21.1499994));
#3680 = CARTESIAN_POINT('',(-125.9251050419,25.3500006));
#3681 = ( GEOMETRIC_REPRESENTATION_CONTEXT(2) 
PARAMETRIC_REPRESENTATION_CONTEXT() REPRESENTATION_CONTEXT('2D SPACE',''
  ) );
#3682 = ORIENTED_EDGE('',*,*,#3683,.T.);
#3683 = EDGE_CURVE('',#3662,#3684,#3686,.T.);
#3684 = VERTEX_POINT('',#3685);
#3685 = CARTESIAN_POINT('',(-38.12265380851,215.05,-30.5));
#3686 = SURFACE_CURVE('',#3687,(#3691),.PCURVE_S1.);
#3687 = LINE('',#3688,#3689);
#3688 = CARTESIAN_POINT('',(57.8,215.05,-30.5));
#3689 = VECTOR('',#3690,1.);
#3690 = DIRECTION('',(1.,0.,0.));
#3691 = PCURVE('',#3672,#3692);
#3692 = DEFINITIONAL_REPRESENTATION('',(#3693),#3696);
#3693 = B_SPLINE_CURVE_WITH_KNOTS('',1,(#3694,#3695),.UNSPECIFIED.,.F.,
  .F.,(2,2),(-103.15,57.55),.PIECEWISE_BEZIER_KNOTS.);
#3694 = CARTESIAN_POINT('',(-125.95,21.15));
#3695 = CARTESIAN_POINT('',(34.75,21.15));
#3696 = ( GEOMETRIC_REPRESENTATION_CONTEXT(2) 
PARAMETRIC_REPRESENTATION_CONTEXT() REPRESENTATION_CONTEXT('2D SPACE',''
  ) );
#3697 = ORIENTED_EDGE('',*,*,#3698,.T.);
#3698 = EDGE_CURVE('',#3684,#3699,#3701,.T.);
#3699 = VERTEX_POINT('',#3700);
#3700 = CARTESIAN_POINT('',(-38.12265380851,219.25,-30.5));
#3701 = SURFACE_CURVE('',#3702,(#3706),.PCURVE_S1.);
#3702 = LINE('',#3703,#3704);
#3703 = CARTESIAN_POINT('',(-38.12265380851,215.05,-30.5));
#3704 = VECTOR('',#3705,1.);
#3705 = DIRECTION('',(0.,1.,0.));
#3706 = PCURVE('',#3672,#3707);
#3707 = DEFINITIONAL_REPRESENTATION('',(#3708),#3711);
#3708 = B_SPLINE_CURVE_WITH_KNOTS('',1,(#3709,#3710),.UNSPECIFIED.,.F.,
  .F.,(2,2),(-5.999999928008E-07,4.2000006),.PIECEWISE_BEZIER_KNOTS.);
#3709 = CARTESIAN_POINT('',(-118.7226538085,21.1499994));
#3710 = CARTESIAN_POINT('',(-118.7226538085,25.3500006));
#3711 = ( GEOMETRIC_REPRESENTATION_CONTEXT(2) 
PARAMETRIC_REPRESENTATION_CONTEXT() REPRESENTATION_CONTEXT('2D SPACE',''
  ) );
#3712 = ORIENTED_EDGE('',*,*,#3713,.F.);
#3713 = EDGE_CURVE('',#3664,#3699,#3714,.T.);
#3714 = SURFACE_CURVE('',#3715,(#3719),.PCURVE_S1.);
#3715 = LINE('',#3716,#3717);
#3716 = CARTESIAN_POINT('',(57.8,219.25,-30.5));
#3717 = VECTOR('',#3718,1.);
#3718 = DIRECTION('',(1.,0.,0.));
#3719 = PCURVE('',#3672,#3720);
#3720 = DEFINITIONAL_REPRESENTATION('',(#3721),#3724);
#3721 = B_SPLINE_CURVE_WITH_KNOTS('',1,(#3722,#3723),.UNSPECIFIED.,.F.,
  .F.,(2,2),(-103.15,57.55),.PIECEWISE_BEZIER_KNOTS.);
#3722 = CARTESIAN_POINT('',(-125.95,25.35));
#3723 = CARTESIAN_POINT('',(34.75,25.35));
#3724 = ( GEOMETRIC_REPRESENTATION_CONTEXT(2) 
PARAMETRIC_REPRESENTATION_CONTEXT() REPRESENTATION_CONTEXT('2D SPACE',''
  ) );
#3725 = SHELL_BASED_SURFACE_MODEL('',(#3726));
#3726 = OPEN_SHELL('',(#3727));
#3727 = ADVANCED_FACE('',(#3728),#3742,.T.);
#3728 = FACE_BOUND('',#3729,.T.);
#3729 = EDGE_LOOP('',(#3730,#3752,#3767,#3782));
#3730 = ORIENTED_EDGE('',*,*,#3731,.T.);
#3731 = EDGE_CURVE('',#3732,#3734,#3736,.T.);
#3732 = VERTEX_POINT('',#3733);
#3733 = CARTESIAN_POINT('',(108.12265380851,215.05,-30.5));
#3734 = VERTEX_POINT('',#3735);
#3735 = CARTESIAN_POINT('',(115.32510504194,215.05,-30.5));
#3736 = SURFACE_CURVE('',#3737,(#3741),.PCURVE_S1.);
#3737 = LINE('',#3738,#3739);
#3738 = CARTESIAN_POINT('',(57.8,215.05,-30.5));
#3739 = VECTOR('',#3740,1.);
#3740 = DIRECTION('',(1.,0.,0.));
#3741 = PCURVE('',#3742,#3747);
#3742 = PLANE('',#3743);
#3743 = AXIS2_PLACEMENT_3D('',#3744,#3745,#3746);
#3744 = CARTESIAN_POINT('',(80.6,193.9,-30.5));
#3745 = DIRECTION('',(0.,0.,1.));
#3746 = DIRECTION('',(1.,0.,-0.));
#3747 = DEFINITIONAL_REPRESENTATION('',(#3748),#3751);
#3748 = B_SPLINE_CURVE_WITH_KNOTS('',1,(#3749,#3750),.UNSPECIFIED.,.F.,
  .F.,(2,2),(-103.15,57.55),.PIECEWISE_BEZIER_KNOTS.);
#3749 = CARTESIAN_POINT('',(-125.95,21.15));
#3750 = CARTESIAN_POINT('',(34.75,21.15));
#3751 = ( GEOMETRIC_REPRESENTATION_CONTEXT(2) 
PARAMETRIC_REPRESENTATION_CONTEXT() REPRESENTATION_CONTEXT('2D SPACE',''
  ) );
#3752 = ORIENTED_EDGE('',*,*,#3753,.T.);
#3753 = EDGE_CURVE('',#3734,#3754,#3756,.T.);
#3754 = VERTEX_POINT('',#3755);
#3755 = CARTESIAN_POINT('',(115.32510504194,219.25,-30.5));
#3756 = SURFACE_CURVE('',#3757,(#3761),.PCURVE_S1.);
#3757 = LINE('',#3758,#3759);
#3758 = CARTESIAN_POINT('',(115.32510504194,215.05,-30.5));
#3759 = VECTOR('',#3760,1.);
#3760 = DIRECTION('',(0.,1.,0.));
#3761 = PCURVE('',#3742,#3762);
#3762 = DEFINITIONAL_REPRESENTATION('',(#3763),#3766);
#3763 = B_SPLINE_CURVE_WITH_KNOTS('',1,(#3764,#3765),.UNSPECIFIED.,.F.,
  .F.,(2,2),(-5.999999928008E-07,4.2000006),.PIECEWISE_BEZIER_KNOTS.);
#3764 = CARTESIAN_POINT('',(34.725105041948,21.1499994));
#3765 = CARTESIAN_POINT('',(34.725105041948,25.3500006));
#3766 = ( GEOMETRIC_REPRESENTATION_CONTEXT(2) 
PARAMETRIC_REPRESENTATION_CONTEXT() REPRESENTATION_CONTEXT('2D SPACE',''
  ) );
#3767 = ORIENTED_EDGE('',*,*,#3768,.F.);
#3768 = EDGE_CURVE('',#3769,#3754,#3771,.T.);
#3769 = VERTEX_POINT('',#3770);
#3770 = CARTESIAN_POINT('',(108.12265380851,219.25,-30.5));
#3771 = SURFACE_CURVE('',#3772,(#3776),.PCURVE_S1.);
#3772 = LINE('',#3773,#3774);
#3773 = CARTESIAN_POINT('',(57.8,219.25,-30.5));
#3774 = VECTOR('',#3775,1.);
#3775 = DIRECTION('',(1.,0.,0.));
#3776 = PCURVE('',#3742,#3777);
#3777 = DEFINITIONAL_REPRESENTATION('',(#3778),#3781);
#3778 = B_SPLINE_CURVE_WITH_KNOTS('',1,(#3779,#3780),.UNSPECIFIED.,.F.,
  .F.,(2,2),(-103.15,57.55),.PIECEWISE_BEZIER_KNOTS.);
#3779 = CARTESIAN_POINT('',(-125.95,25.35));
#3780 = CARTESIAN_POINT('',(34.75,25.35));
#3781 = ( GEOMETRIC_REPRESENTATION_CONTEXT(2) 
PARAMETRIC_REPRESENTATION_CONTEXT() REPRESENTATION_CONTEXT('2D SPACE',''
  ) );
#3782 = ORIENTED_EDGE('',*,*,#3783,.F.);
#3783 = EDGE_CURVE('',#3732,#3769,#3784,.T.);
#3784 = SURFACE_CURVE('',#3785,(#3789),.PCURVE_S1.);
#3785 = LINE('',#3786,#3787);
#3786 = CARTESIAN_POINT('',(108.12265380851,215.05,-30.5));
#3787 = VECTOR('',#3788,1.);
#3788 = DIRECTION('',(0.,1.,0.));
#3789 = PCURVE('',#3742,#3790);
#3790 = DEFINITIONAL_REPRESENTATION('',(#3791),#3794);
#3791 = B_SPLINE_CURVE_WITH_KNOTS('',1,(#3792,#3793),.UNSPECIFIED.,.F.,
  .F.,(2,2),(-5.999999928008E-07,4.2000006),.PIECEWISE_BEZIER_KNOTS.);
#3792 = CARTESIAN_POINT('',(27.522653808515,21.1499994));
#3793 = CARTESIAN_POINT('',(27.522653808515,25.3500006));
#3794 = ( GEOMETRIC_REPRESENTATION_CONTEXT(2) 
PARAMETRIC_REPRESENTATION_CONTEXT() REPRESENTATION_CONTEXT('2D SPACE',''
  ) );
#3795 = SHELL_BASED_SURFACE_MODEL('',(#3796));
#3796 = OPEN_SHELL('',(#3797));
#3797 = ADVANCED_FACE('',(#3798),#3812,.T.);
#3798 = FACE_BOUND('',#3799,.T.);
#3799 = EDGE_LOOP('',(#3800,#3822,#3837,#3852));
#3800 = ORIENTED_EDGE('',*,*,#3801,.F.);
#3801 = EDGE_CURVE('',#3802,#3804,#3806,.T.);
#3802 = VERTEX_POINT('',#3803);
#3803 = CARTESIAN_POINT('',(-45.32510504194,219.75,-30.5));
#3804 = VERTEX_POINT('',#3805);
#3805 = CARTESIAN_POINT('',(-45.32510504194,223.95,-30.5));
#3806 = SURFACE_CURVE('',#3807,(#3811),.PCURVE_S1.);
#3807 = LINE('',#3808,#3809);
#3808 = CARTESIAN_POINT('',(-45.32510504194,219.75,-30.5));
#3809 = VECTOR('',#3810,1.);
#3810 = DIRECTION('',(0.,1.,0.));
#3811 = PCURVE('',#3812,#3817);
#3812 = PLANE('',#3813);
#3813 = AXIS2_PLACEMENT_3D('',#3814,#3815,#3816);
#3814 = CARTESIAN_POINT('',(80.6,193.9,-30.5));
#3815 = DIRECTION('',(0.,0.,1.));
#3816 = DIRECTION('',(1.,0.,-0.));
#3817 = DEFINITIONAL_REPRESENTATION('',(#3818),#3821);
#3818 = B_SPLINE_CURVE_WITH_KNOTS('',1,(#3819,#3820),.UNSPECIFIED.,.F.,
  .F.,(2,2),(-5.999999928008E-07,4.2000006),.PIECEWISE_BEZIER_KNOTS.);
#3819 = CARTESIAN_POINT('',(-125.9251050419,25.8499994));
#3820 = CARTESIAN_POINT('',(-125.9251050419,30.0500006));
#3821 = ( GEOMETRIC_REPRESENTATION_CONTEXT(2) 
PARAMETRIC_REPRESENTATION_CONTEXT() REPRESENTATION_CONTEXT('2D SPACE',''
  ) );
#3822 = ORIENTED_EDGE('',*,*,#3823,.T.);
#3823 = EDGE_CURVE('',#3802,#3824,#3826,.T.);
#3824 = VERTEX_POINT('',#3825);
#3825 = CARTESIAN_POINT('',(-38.12265380851,219.75,-30.5));
#3826 = SURFACE_CURVE('',#3827,(#3831),.PCURVE_S1.);
#3827 = LINE('',#3828,#3829);
#3828 = CARTESIAN_POINT('',(57.8,219.75,-30.5));
#3829 = VECTOR('',#3830,1.);
#3830 = DIRECTION('',(1.,0.,0.));
#3831 = PCURVE('',#3812,#3832);
#3832 = DEFINITIONAL_REPRESENTATION('',(#3833),#3836);
#3833 = B_SPLINE_CURVE_WITH_KNOTS('',1,(#3834,#3835),.UNSPECIFIED.,.F.,
  .F.,(2,2),(-103.15,57.55),.PIECEWISE_BEZIER_KNOTS.);
#3834 = CARTESIAN_POINT('',(-125.95,25.85));
#3835 = CARTESIAN_POINT('',(34.75,25.85));
#3836 = ( GEOMETRIC_REPRESENTATION_CONTEXT(2) 
PARAMETRIC_REPRESENTATION_CONTEXT() REPRESENTATION_CONTEXT('2D SPACE',''
  ) );
#3837 = ORIENTED_EDGE('',*,*,#3838,.T.);
#3838 = EDGE_CURVE('',#3824,#3839,#3841,.T.);
#3839 = VERTEX_POINT('',#3840);
#3840 = CARTESIAN_POINT('',(-38.12265380851,223.95,-30.5));
#3841 = SURFACE_CURVE('',#3842,(#3846),.PCURVE_S1.);
#3842 = LINE('',#3843,#3844);
#3843 = CARTESIAN_POINT('',(-38.12265380851,219.75,-30.5));
#3844 = VECTOR('',#3845,1.);
#3845 = DIRECTION('',(0.,1.,0.));
#3846 = PCURVE('',#3812,#3847);
#3847 = DEFINITIONAL_REPRESENTATION('',(#3848),#3851);
#3848 = B_SPLINE_CURVE_WITH_KNOTS('',1,(#3849,#3850),.UNSPECIFIED.,.F.,
  .F.,(2,2),(-5.999999928008E-07,4.2000006),.PIECEWISE_BEZIER_KNOTS.);
#3849 = CARTESIAN_POINT('',(-118.7226538085,25.8499994));
#3850 = CARTESIAN_POINT('',(-118.7226538085,30.0500006));
#3851 = ( GEOMETRIC_REPRESENTATION_CONTEXT(2) 
PARAMETRIC_REPRESENTATION_CONTEXT() REPRESENTATION_CONTEXT('2D SPACE',''
  ) );
#3852 = ORIENTED_EDGE('',*,*,#3853,.F.);
#3853 = EDGE_CURVE('',#3804,#3839,#3854,.T.);
#3854 = SURFACE_CURVE('',#3855,(#3859),.PCURVE_S1.);
#3855 = LINE('',#3856,#3857);
#3856 = CARTESIAN_POINT('',(57.8,223.95,-30.5));
#3857 = VECTOR('',#3858,1.);
#3858 = DIRECTION('',(1.,0.,0.));
#3859 = PCURVE('',#3812,#3860);
#3860 = DEFINITIONAL_REPRESENTATION('',(#3861),#3864);
#3861 = B_SPLINE_CURVE_WITH_KNOTS('',1,(#3862,#3863),.UNSPECIFIED.,.F.,
  .F.,(2,2),(-103.15,57.55),.PIECEWISE_BEZIER_KNOTS.);
#3862 = CARTESIAN_POINT('',(-125.95,30.05));
#3863 = CARTESIAN_POINT('',(34.75,30.05));
#3864 = ( GEOMETRIC_REPRESENTATION_CONTEXT(2) 
PARAMETRIC_REPRESENTATION_CONTEXT() REPRESENTATION_CONTEXT('2D SPACE',''
  ) );
#3865 = SHELL_BASED_SURFACE_MODEL('',(#3866));
#3866 = OPEN_SHELL('',(#3867));
#3867 = ADVANCED_FACE('',(#3868),#3882,.T.);
#3868 = FACE_BOUND('',#3869,.T.);
#3869 = EDGE_LOOP('',(#3870,#3892,#3907,#3922));
#3870 = ORIENTED_EDGE('',*,*,#3871,.T.);
#3871 = EDGE_CURVE('',#3872,#3874,#3876,.T.);
#3872 = VERTEX_POINT('',#3873);
#3873 = CARTESIAN_POINT('',(108.12265380851,219.75,-30.5));
#3874 = VERTEX_POINT('',#3875);
#3875 = CARTESIAN_POINT('',(115.32510504194,219.75,-30.5));
#3876 = SURFACE_CURVE('',#3877,(#3881),.PCURVE_S1.);
#3877 = LINE('',#3878,#3879);
#3878 = CARTESIAN_POINT('',(57.8,219.75,-30.5));
#3879 = VECTOR('',#3880,1.);
#3880 = DIRECTION('',(1.,0.,0.));
#3881 = PCURVE('',#3882,#3887);
#3882 = PLANE('',#3883);
#3883 = AXIS2_PLACEMENT_3D('',#3884,#3885,#3886);
#3884 = CARTESIAN_POINT('',(80.6,193.9,-30.5));
#3885 = DIRECTION('',(0.,0.,1.));
#3886 = DIRECTION('',(1.,0.,-0.));
#3887 = DEFINITIONAL_REPRESENTATION('',(#3888),#3891);
#3888 = B_SPLINE_CURVE_WITH_KNOTS('',1,(#3889,#3890),.UNSPECIFIED.,.F.,
  .F.,(2,2),(-103.15,57.55),.PIECEWISE_BEZIER_KNOTS.);
#3889 = CARTESIAN_POINT('',(-125.95,25.85));
#3890 = CARTESIAN_POINT('',(34.75,25.85));
#3891 = ( GEOMETRIC_REPRESENTATION_CONTEXT(2) 
PARAMETRIC_REPRESENTATION_CONTEXT() REPRESENTATION_CONTEXT('2D SPACE',''
  ) );
#3892 = ORIENTED_EDGE('',*,*,#3893,.T.);
#3893 = EDGE_CURVE('',#3874,#3894,#3896,.T.);
#3894 = VERTEX_POINT('',#3895);
#3895 = CARTESIAN_POINT('',(115.32510504194,223.95,-30.5));
#3896 = SURFACE_CURVE('',#3897,(#3901),.PCURVE_S1.);
#3897 = LINE('',#3898,#3899);
#3898 = CARTESIAN_POINT('',(115.32510504194,219.75,-30.5));
#3899 = VECTOR('',#3900,1.);
#3900 = DIRECTION('',(0.,1.,0.));
#3901 = PCURVE('',#3882,#3902);
#3902 = DEFINITIONAL_REPRESENTATION('',(#3903),#3906);
#3903 = B_SPLINE_CURVE_WITH_KNOTS('',1,(#3904,#3905),.UNSPECIFIED.,.F.,
  .F.,(2,2),(-5.999999928008E-07,4.2000006),.PIECEWISE_BEZIER_KNOTS.);
#3904 = CARTESIAN_POINT('',(34.725105041948,25.8499994));
#3905 = CARTESIAN_POINT('',(34.725105041948,30.0500006));
#3906 = ( GEOMETRIC_REPRESENTATION_CONTEXT(2) 
PARAMETRIC_REPRESENTATION_CONTEXT() REPRESENTATION_CONTEXT('2D SPACE',''
  ) );
#3907 = ORIENTED_EDGE('',*,*,#3908,.F.);
#3908 = EDGE_CURVE('',#3909,#3894,#3911,.T.);
#3909 = VERTEX_POINT('',#3910);
#3910 = CARTESIAN_POINT('',(108.12265380851,223.95,-30.5));
#3911 = SURFACE_CURVE('',#3912,(#3916),.PCURVE_S1.);
#3912 = LINE('',#3913,#3914);
#3913 = CARTESIAN_POINT('',(57.8,223.95,-30.5));
#3914 = VECTOR('',#3915,1.);
#3915 = DIRECTION('',(1.,0.,0.));
#3916 = PCURVE('',#3882,#3917);
#3917 = DEFINITIONAL_REPRESENTATION('',(#3918),#3921);
#3918 = B_SPLINE_CURVE_WITH_KNOTS('',1,(#3919,#3920),.UNSPECIFIED.,.F.,
  .F.,(2,2),(-103.15,57.55),.PIECEWISE_BEZIER_KNOTS.);
#3919 = CARTESIAN_POINT('',(-125.95,30.05));
#3920 = CARTESIAN_POINT('',(34.75,30.05));
#3921 = ( GEOMETRIC_REPRESENTATION_CONTEXT(2) 
PARAMETRIC_REPRESENTATION_CONTEXT() REPRESENTATION_CONTEXT('2D SPACE',''
  ) );
#3922 = ORIENTED_EDGE('',*,*,#3923,.F.);
#3923 = EDGE_CURVE('',#3872,#3909,#3924,.T.);
#3924 = SURFACE_CURVE('',#3925,(#3929),.PCURVE_S1.);
#3925 = LINE('',#3926,#3927);
#3926 = CARTESIAN_POINT('',(108.12265380851,219.75,-30.5));
#3927 = VECTOR('',#3928,1.);
#3928 = DIRECTION('',(0.,1.,0.));
#3929 = PCURVE('',#3882,#3930);
#3930 = DEFINITIONAL_REPRESENTATION('',(#3931),#3934);
#3931 = B_SPLINE_CURVE_WITH_KNOTS('',1,(#3932,#3933),.UNSPECIFIED.,.F.,
  .F.,(2,2),(-5.999999928008E-07,4.2000006),.PIECEWISE_BEZIER_KNOTS.);
#3932 = CARTESIAN_POINT('',(27.522653808515,25.8499994));
#3933 = CARTESIAN_POINT('',(27.522653808515,30.0500006));
#3934 = ( GEOMETRIC_REPRESENTATION_CONTEXT(2) 
PARAMETRIC_REPRESENTATION_CONTEXT() REPRESENTATION_CONTEXT('2D SPACE',''
  ) );
#3935 = SHELL_BASED_SURFACE_MODEL('',(#3936));
#3936 = OPEN_SHELL('',(#3937));
#3937 = ADVANCED_FACE('',(#3938),#3952,.T.);
#3938 = FACE_BOUND('',#3939,.T.);
#3939 = EDGE_LOOP('',(#3940,#3962,#3977,#3992));
#3940 = ORIENTED_EDGE('',*,*,#3941,.F.);
#3941 = EDGE_CURVE('',#3942,#3944,#3946,.T.);
#3942 = VERTEX_POINT('',#3943);
#3943 = CARTESIAN_POINT('',(-45.32510504194,224.45,-30.5));
#3944 = VERTEX_POINT('',#3945);
#3945 = CARTESIAN_POINT('',(-45.32510504194,228.65,-30.5));
#3946 = SURFACE_CURVE('',#3947,(#3951),.PCURVE_S1.);
#3947 = LINE('',#3948,#3949);
#3948 = CARTESIAN_POINT('',(-45.32510504194,224.45,-30.5));
#3949 = VECTOR('',#3950,1.);
#3950 = DIRECTION('',(0.,1.,0.));
#3951 = PCURVE('',#3952,#3957);
#3952 = PLANE('',#3953);
#3953 = AXIS2_PLACEMENT_3D('',#3954,#3955,#3956);
#3954 = CARTESIAN_POINT('',(80.6,193.9,-30.5));
#3955 = DIRECTION('',(0.,0.,1.));
#3956 = DIRECTION('',(1.,0.,-0.));
#3957 = DEFINITIONAL_REPRESENTATION('',(#3958),#3961);
#3958 = B_SPLINE_CURVE_WITH_KNOTS('',1,(#3959,#3960),.UNSPECIFIED.,.F.,
  .F.,(2,2),(-5.999999928008E-07,4.2000006),.PIECEWISE_BEZIER_KNOTS.);
#3959 = CARTESIAN_POINT('',(-125.9251050419,30.5499994));
#3960 = CARTESIAN_POINT('',(-125.9251050419,34.7500006));
#3961 = ( GEOMETRIC_REPRESENTATION_CONTEXT(2) 
PARAMETRIC_REPRESENTATION_CONTEXT() REPRESENTATION_CONTEXT('2D SPACE',''
  ) );
#3962 = ORIENTED_EDGE('',*,*,#3963,.T.);
#3963 = EDGE_CURVE('',#3942,#3964,#3966,.T.);
#3964 = VERTEX_POINT('',#3965);
#3965 = CARTESIAN_POINT('',(-38.12265380851,224.45,-30.5));
#3966 = SURFACE_CURVE('',#3967,(#3971),.PCURVE_S1.);
#3967 = LINE('',#3968,#3969);
#3968 = CARTESIAN_POINT('',(57.8,224.45,-30.5));
#3969 = VECTOR('',#3970,1.);
#3970 = DIRECTION('',(1.,0.,0.));
#3971 = PCURVE('',#3952,#3972);
#3972 = DEFINITIONAL_REPRESENTATION('',(#3973),#3976);
#3973 = B_SPLINE_CURVE_WITH_KNOTS('',1,(#3974,#3975),.UNSPECIFIED.,.F.,
  .F.,(2,2),(-103.15,57.55),.PIECEWISE_BEZIER_KNOTS.);
#3974 = CARTESIAN_POINT('',(-125.95,30.55));
#3975 = CARTESIAN_POINT('',(34.75,30.55));
#3976 = ( GEOMETRIC_REPRESENTATION_CONTEXT(2) 
PARAMETRIC_REPRESENTATION_CONTEXT() REPRESENTATION_CONTEXT('2D SPACE',''
  ) );
#3977 = ORIENTED_EDGE('',*,*,#3978,.T.);
#3978 = EDGE_CURVE('',#3964,#3979,#3981,.T.);
#3979 = VERTEX_POINT('',#3980);
#3980 = CARTESIAN_POINT('',(-38.12265380851,228.65,-30.5));
#3981 = SURFACE_CURVE('',#3982,(#3986),.PCURVE_S1.);
#3982 = LINE('',#3983,#3984);
#3983 = CARTESIAN_POINT('',(-38.12265380851,224.45,-30.5));
#3984 = VECTOR('',#3985,1.);
#3985 = DIRECTION('',(0.,1.,0.));
#3986 = PCURVE('',#3952,#3987);
#3987 = DEFINITIONAL_REPRESENTATION('',(#3988),#3991);
#3988 = B_SPLINE_CURVE_WITH_KNOTS('',1,(#3989,#3990),.UNSPECIFIED.,.F.,
  .F.,(2,2),(-5.999999928008E-07,4.2000006),.PIECEWISE_BEZIER_KNOTS.);
#3989 = CARTESIAN_POINT('',(-118.7226538085,30.5499994));
#3990 = CARTESIAN_POINT('',(-118.7226538085,34.7500006));
#3991 = ( GEOMETRIC_REPRESENTATION_CONTEXT(2) 
PARAMETRIC_REPRESENTATION_CONTEXT() REPRESENTATION_CONTEXT('2D SPACE',''
  ) );
#3992 = ORIENTED_EDGE('',*,*,#3993,.F.);
#3993 = EDGE_CURVE('',#3944,#3979,#3994,.T.);
#3994 = SURFACE_CURVE('',#3995,(#3999),.PCURVE_S1.);
#3995 = LINE('',#3996,#3997);
#3996 = CARTESIAN_POINT('',(57.8,228.65,-30.5));
#3997 = VECTOR('',#3998,1.);
#3998 = DIRECTION('',(1.,0.,0.));
#3999 = PCURVE('',#3952,#4000);
#4000 = DEFINITIONAL_REPRESENTATION('',(#4001),#4004);
#4001 = B_SPLINE_CURVE_WITH_KNOTS('',1,(#4002,#4003),.UNSPECIFIED.,.F.,
  .F.,(2,2),(-103.15,57.55),.PIECEWISE_BEZIER_KNOTS.);
#4002 = CARTESIAN_POINT('',(-125.95,34.75));
#4003 = CARTESIAN_POINT('',(34.75,34.75));
#4004 = ( GEOMETRIC_REPRESENTATION_CONTEXT(2) 
PARAMETRIC_REPRESENTATION_CONTEXT() REPRESENTATION_CONTEXT('2D SPACE',''
  ) );
#4005 = SHELL_BASED_SURFACE_MODEL('',(#4006));
#4006 = OPEN_SHELL('',(#4007));
#4007 = ADVANCED_FACE('',(#4008),#4022,.T.);
#4008 = FACE_BOUND('',#4009,.T.);
#4009 = EDGE_LOOP('',(#4010,#4032,#4047,#4062));
#4010 = ORIENTED_EDGE('',*,*,#4011,.T.);
#4011 = EDGE_CURVE('',#4012,#4014,#4016,.T.);
#4012 = VERTEX_POINT('',#4013);
#4013 = CARTESIAN_POINT('',(108.12265380851,224.45,-30.5));
#4014 = VERTEX_POINT('',#4015);
#4015 = CARTESIAN_POINT('',(115.32510504194,224.45,-30.5));
#4016 = SURFACE_CURVE('',#4017,(#4021),.PCURVE_S1.);
#4017 = LINE('',#4018,#4019);
#4018 = CARTESIAN_POINT('',(57.8,224.45,-30.5));
#4019 = VECTOR('',#4020,1.);
#4020 = DIRECTION('',(1.,0.,0.));
#4021 = PCURVE('',#4022,#4027);
#4022 = PLANE('',#4023);
#4023 = AXIS2_PLACEMENT_3D('',#4024,#4025,#4026);
#4024 = CARTESIAN_POINT('',(80.6,193.9,-30.5));
#4025 = DIRECTION('',(0.,0.,1.));
#4026 = DIRECTION('',(1.,0.,-0.));
#4027 = DEFINITIONAL_REPRESENTATION('',(#4028),#4031);
#4028 = B_SPLINE_CURVE_WITH_KNOTS('',1,(#4029,#4030),.UNSPECIFIED.,.F.,
  .F.,(2,2),(-103.15,57.55),.PIECEWISE_BEZIER_KNOTS.);
#4029 = CARTESIAN_POINT('',(-125.95,30.55));
#4030 = CARTESIAN_POINT('',(34.75,30.55));
#4031 = ( GEOMETRIC_REPRESENTATION_CONTEXT(2) 
PARAMETRIC_REPRESENTATION_CONTEXT() REPRESENTATION_CONTEXT('2D SPACE',''
  ) );
#4032 = ORIENTED_EDGE('',*,*,#4033,.T.);
#4033 = EDGE_CURVE('',#4014,#4034,#4036,.T.);
#4034 = VERTEX_POINT('',#4035);
#4035 = CARTESIAN_POINT('',(115.32510504194,228.65,-30.5));
#4036 = SURFACE_CURVE('',#4037,(#4041),.PCURVE_S1.);
#4037 = LINE('',#4038,#4039);
#4038 = CARTESIAN_POINT('',(115.32510504194,224.45,-30.5));
#4039 = VECTOR('',#4040,1.);
#4040 = DIRECTION('',(0.,1.,0.));
#4041 = PCURVE('',#4022,#4042);
#4042 = DEFINITIONAL_REPRESENTATION('',(#4043),#4046);
#4043 = B_SPLINE_CURVE_WITH_KNOTS('',1,(#4044,#4045),.UNSPECIFIED.,.F.,
  .F.,(2,2),(-5.999999928008E-07,4.2000006),.PIECEWISE_BEZIER_KNOTS.);
#4044 = CARTESIAN_POINT('',(34.725105041948,30.5499994));
#4045 = CARTESIAN_POINT('',(34.725105041948,34.7500006));
#4046 = ( GEOMETRIC_REPRESENTATION_CONTEXT(2) 
PARAMETRIC_REPRESENTATION_CONTEXT() REPRESENTATION_CONTEXT('2D SPACE',''
  ) );
#4047 = ORIENTED_EDGE('',*,*,#4048,.F.);
#4048 = EDGE_CURVE('',#4049,#4034,#4051,.T.);
#4049 = VERTEX_POINT('',#4050);
#4050 = CARTESIAN_POINT('',(108.12265380851,228.65,-30.5));
#4051 = SURFACE_CURVE('',#4052,(#4056),.PCURVE_S1.);
#4052 = LINE('',#4053,#4054);
#4053 = CARTESIAN_POINT('',(57.8,228.65,-30.5));
#4054 = VECTOR('',#4055,1.);
#4055 = DIRECTION('',(1.,0.,0.));
#4056 = PCURVE('',#4022,#4057);
#4057 = DEFINITIONAL_REPRESENTATION('',(#4058),#4061);
#4058 = B_SPLINE_CURVE_WITH_KNOTS('',1,(#4059,#4060),.UNSPECIFIED.,.F.,
  .F.,(2,2),(-103.15,57.55),.PIECEWISE_BEZIER_KNOTS.);
#4059 = CARTESIAN_POINT('',(-125.95,34.75));
#4060 = CARTESIAN_POINT('',(34.75,34.75));
#4061 = ( GEOMETRIC_REPRESENTATION_CONTEXT(2) 
PARAMETRIC_REPRESENTATION_CONTEXT() REPRESENTATION_CONTEXT('2D SPACE',''
  ) );
#4062 = ORIENTED_EDGE('',*,*,#4063,.F.);
#4063 = EDGE_CURVE('',#4012,#4049,#4064,.T.);
#4064 = SURFACE_CURVE('',#4065,(#4069),.PCURVE_S1.);
#4065 = LINE('',#4066,#4067);
#4066 = CARTESIAN_POINT('',(108.12265380851,224.45,-30.5));
#4067 = VECTOR('',#4068,1.);
#4068 = DIRECTION('',(0.,1.,0.));
#4069 = PCURVE('',#4022,#4070);
#4070 = DEFINITIONAL_REPRESENTATION('',(#4071),#4074);
#4071 = B_SPLINE_CURVE_WITH_KNOTS('',1,(#4072,#4073),.UNSPECIFIED.,.F.,
  .F.,(2,2),(-5.999999928008E-07,4.2000006),.PIECEWISE_BEZIER_KNOTS.);
#4072 = CARTESIAN_POINT('',(27.522653808515,30.5499994));
#4073 = CARTESIAN_POINT('',(27.522653808515,34.7500006));
#4074 = ( GEOMETRIC_REPRESENTATION_CONTEXT(2) 
PARAMETRIC_REPRESENTATION_CONTEXT() REPRESENTATION_CONTEXT('2D SPACE',''
  ) );
#4075 = SHELL_BASED_SURFACE_MODEL('',(#4076));
#4076 = OPEN_SHELL('',(#4077));
#4077 = ADVANCED_FACE('',(#4078),#4092,.T.);
#4078 = FACE_BOUND('',#4079,.T.);
#4079 = EDGE_LOOP('',(#4080,#4102,#4117,#4132));
#4080 = ORIENTED_EDGE('',*,*,#4081,.F.);
#4081 = EDGE_CURVE('',#4082,#4084,#4086,.T.);
#4082 = VERTEX_POINT('',#4083);
#4083 = CARTESIAN_POINT('',(-45.32510504194,229.15,-30.5));
#4084 = VERTEX_POINT('',#4085);
#4085 = CARTESIAN_POINT('',(-45.32510504194,233.35,-30.5));
#4086 = SURFACE_CURVE('',#4087,(#4091),.PCURVE_S1.);
#4087 = LINE('',#4088,#4089);
#4088 = CARTESIAN_POINT('',(-45.32510504194,229.15,-30.5));
#4089 = VECTOR('',#4090,1.);
#4090 = DIRECTION('',(0.,1.,0.));
#4091 = PCURVE('',#4092,#4097);
#4092 = PLANE('',#4093);
#4093 = AXIS2_PLACEMENT_3D('',#4094,#4095,#4096);
#4094 = CARTESIAN_POINT('',(80.6,193.9,-30.5));
#4095 = DIRECTION('',(0.,0.,1.));
#4096 = DIRECTION('',(1.,0.,-0.));
#4097 = DEFINITIONAL_REPRESENTATION('',(#4098),#4101);
#4098 = B_SPLINE_CURVE_WITH_KNOTS('',1,(#4099,#4100),.UNSPECIFIED.,.F.,
  .F.,(2,2),(-5.999999928008E-07,4.2000006),.PIECEWISE_BEZIER_KNOTS.);
#4099 = CARTESIAN_POINT('',(-125.9251050419,35.2499994));
#4100 = CARTESIAN_POINT('',(-125.9251050419,39.4500006));
#4101 = ( GEOMETRIC_REPRESENTATION_CONTEXT(2) 
PARAMETRIC_REPRESENTATION_CONTEXT() REPRESENTATION_CONTEXT('2D SPACE',''
  ) );
#4102 = ORIENTED_EDGE('',*,*,#4103,.T.);
#4103 = EDGE_CURVE('',#4082,#4104,#4106,.T.);
#4104 = VERTEX_POINT('',#4105);
#4105 = CARTESIAN_POINT('',(-38.12265380851,229.15,-30.5));
#4106 = SURFACE_CURVE('',#4107,(#4111),.PCURVE_S1.);
#4107 = LINE('',#4108,#4109);
#4108 = CARTESIAN_POINT('',(57.8,229.15,-30.5));
#4109 = VECTOR('',#4110,1.);
#4110 = DIRECTION('',(1.,0.,0.));
#4111 = PCURVE('',#4092,#4112);
#4112 = DEFINITIONAL_REPRESENTATION('',(#4113),#4116);
#4113 = B_SPLINE_CURVE_WITH_KNOTS('',1,(#4114,#4115),.UNSPECIFIED.,.F.,
  .F.,(2,2),(-103.15,57.55),.PIECEWISE_BEZIER_KNOTS.);
#4114 = CARTESIAN_POINT('',(-125.95,35.25));
#4115 = CARTESIAN_POINT('',(34.75,35.25));
#4116 = ( GEOMETRIC_REPRESENTATION_CONTEXT(2) 
PARAMETRIC_REPRESENTATION_CONTEXT() REPRESENTATION_CONTEXT('2D SPACE',''
  ) );
#4117 = ORIENTED_EDGE('',*,*,#4118,.T.);
#4118 = EDGE_CURVE('',#4104,#4119,#4121,.T.);
#4119 = VERTEX_POINT('',#4120);
#4120 = CARTESIAN_POINT('',(-38.12265380851,233.35,-30.5));
#4121 = SURFACE_CURVE('',#4122,(#4126),.PCURVE_S1.);
#4122 = LINE('',#4123,#4124);
#4123 = CARTESIAN_POINT('',(-38.12265380851,229.15,-30.5));
#4124 = VECTOR('',#4125,1.);
#4125 = DIRECTION('',(0.,1.,0.));
#4126 = PCURVE('',#4092,#4127);
#4127 = DEFINITIONAL_REPRESENTATION('',(#4128),#4131);
#4128 = B_SPLINE_CURVE_WITH_KNOTS('',1,(#4129,#4130),.UNSPECIFIED.,.F.,
  .F.,(2,2),(-5.999999928008E-07,4.2000006),.PIECEWISE_BEZIER_KNOTS.);
#4129 = CARTESIAN_POINT('',(-118.7226538085,35.2499994));
#4130 = CARTESIAN_POINT('',(-118.7226538085,39.4500006));
#4131 = ( GEOMETRIC_REPRESENTATION_CONTEXT(2) 
PARAMETRIC_REPRESENTATION_CONTEXT() REPRESENTATION_CONTEXT('2D SPACE',''
  ) );
#4132 = ORIENTED_EDGE('',*,*,#4133,.F.);
#4133 = EDGE_CURVE('',#4084,#4119,#4134,.T.);
#4134 = SURFACE_CURVE('',#4135,(#4139),.PCURVE_S1.);
#4135 = LINE('',#4136,#4137);
#4136 = CARTESIAN_POINT('',(57.8,233.35,-30.5));
#4137 = VECTOR('',#4138,1.);
#4138 = DIRECTION('',(1.,0.,0.));
#4139 = PCURVE('',#4092,#4140);
#4140 = DEFINITIONAL_REPRESENTATION('',(#4141),#4144);
#4141 = B_SPLINE_CURVE_WITH_KNOTS('',1,(#4142,#4143),.UNSPECIFIED.,.F.,
  .F.,(2,2),(-103.15,57.55),.PIECEWISE_BEZIER_KNOTS.);
#4142 = CARTESIAN_POINT('',(-125.95,39.45));
#4143 = CARTESIAN_POINT('',(34.75,39.45));
#4144 = ( GEOMETRIC_REPRESENTATION_CONTEXT(2) 
PARAMETRIC_REPRESENTATION_CONTEXT() REPRESENTATION_CONTEXT('2D SPACE',''
  ) );
#4145 = SHELL_BASED_SURFACE_MODEL('',(#4146));
#4146 = OPEN_SHELL('',(#4147));
#4147 = ADVANCED_FACE('',(#4148),#4162,.T.);
#4148 = FACE_BOUND('',#4149,.T.);
#4149 = EDGE_LOOP('',(#4150,#4172,#4187,#4202));
#4150 = ORIENTED_EDGE('',*,*,#4151,.T.);
#4151 = EDGE_CURVE('',#4152,#4154,#4156,.T.);
#4152 = VERTEX_POINT('',#4153);
#4153 = CARTESIAN_POINT('',(108.12265380851,229.15,-30.5));
#4154 = VERTEX_POINT('',#4155);
#4155 = CARTESIAN_POINT('',(115.32510504194,229.15,-30.5));
#4156 = SURFACE_CURVE('',#4157,(#4161),.PCURVE_S1.);
#4157 = LINE('',#4158,#4159);
#4158 = CARTESIAN_POINT('',(57.8,229.15,-30.5));
#4159 = VECTOR('',#4160,1.);
#4160 = DIRECTION('',(1.,0.,0.));
#4161 = PCURVE('',#4162,#4167);
#4162 = PLANE('',#4163);
#4163 = AXIS2_PLACEMENT_3D('',#4164,#4165,#4166);
#4164 = CARTESIAN_POINT('',(80.6,193.9,-30.5));
#4165 = DIRECTION('',(0.,0.,1.));
#4166 = DIRECTION('',(1.,0.,-0.));
#4167 = DEFINITIONAL_REPRESENTATION('',(#4168),#4171);
#4168 = B_SPLINE_CURVE_WITH_KNOTS('',1,(#4169,#4170),.UNSPECIFIED.,.F.,
  .F.,(2,2),(-103.15,57.55),.PIECEWISE_BEZIER_KNOTS.);
#4169 = CARTESIAN_POINT('',(-125.95,35.25));
#4170 = CARTESIAN_POINT('',(34.75,35.25));
#4171 = ( GEOMETRIC_REPRESENTATION_CONTEXT(2) 
PARAMETRIC_REPRESENTATION_CONTEXT() REPRESENTATION_CONTEXT('2D SPACE',''
  ) );
#4172 = ORIENTED_EDGE('',*,*,#4173,.T.);
#4173 = EDGE_CURVE('',#4154,#4174,#4176,.T.);
#4174 = VERTEX_POINT('',#4175);
#4175 = CARTESIAN_POINT('',(115.32510504194,233.35,-30.5));
#4176 = SURFACE_CURVE('',#4177,(#4181),.PCURVE_S1.);
#4177 = LINE('',#4178,#4179);
#4178 = CARTESIAN_POINT('',(115.32510504194,229.15,-30.5));
#4179 = VECTOR('',#4180,1.);
#4180 = DIRECTION('',(0.,1.,0.));
#4181 = PCURVE('',#4162,#4182);
#4182 = DEFINITIONAL_REPRESENTATION('',(#4183),#4186);
#4183 = B_SPLINE_CURVE_WITH_KNOTS('',1,(#4184,#4185),.UNSPECIFIED.,.F.,
  .F.,(2,2),(-5.999999928008E-07,4.2000006),.PIECEWISE_BEZIER_KNOTS.);
#4184 = CARTESIAN_POINT('',(34.725105041948,35.2499994));
#4185 = CARTESIAN_POINT('',(34.725105041948,39.4500006));
#4186 = ( GEOMETRIC_REPRESENTATION_CONTEXT(2) 
PARAMETRIC_REPRESENTATION_CONTEXT() REPRESENTATION_CONTEXT('2D SPACE',''
  ) );
#4187 = ORIENTED_EDGE('',*,*,#4188,.F.);
#4188 = EDGE_CURVE('',#4189,#4174,#4191,.T.);
#4189 = VERTEX_POINT('',#4190);
#4190 = CARTESIAN_POINT('',(108.12265380851,233.35,-30.5));
#4191 = SURFACE_CURVE('',#4192,(#4196),.PCURVE_S1.);
#4192 = LINE('',#4193,#4194);
#4193 = CARTESIAN_POINT('',(57.8,233.35,-30.5));
#4194 = VECTOR('',#4195,1.);
#4195 = DIRECTION('',(1.,0.,0.));
#4196 = PCURVE('',#4162,#4197);
#4197 = DEFINITIONAL_REPRESENTATION('',(#4198),#4201);
#4198 = B_SPLINE_CURVE_WITH_KNOTS('',1,(#4199,#4200),.UNSPECIFIED.,.F.,
  .F.,(2,2),(-103.15,57.55),.PIECEWISE_BEZIER_KNOTS.);
#4199 = CARTESIAN_POINT('',(-125.95,39.45));
#4200 = CARTESIAN_POINT('',(34.75,39.45));
#4201 = ( GEOMETRIC_REPRESENTATION_CONTEXT(2) 
PARAMETRIC_REPRESENTATION_CONTEXT() REPRESENTATION_CONTEXT('2D SPACE',''
  ) );
#4202 = ORIENTED_EDGE('',*,*,#4203,.F.);
#4203 = EDGE_CURVE('',#4152,#4189,#4204,.T.);
#4204 = SURFACE_CURVE('',#4205,(#4209),.PCURVE_S1.);
#4205 = LINE('',#4206,#4207);
#4206 = CARTESIAN_POINT('',(108.12265380851,229.15,-30.5));
#4207 = VECTOR('',#4208,1.);
#4208 = DIRECTION('',(0.,1.,0.));
#4209 = PCURVE('',#4162,#4210);
#4210 = DEFINITIONAL_REPRESENTATION('',(#4211),#4214);
#4211 = B_SPLINE_CURVE_WITH_KNOTS('',1,(#4212,#4213),.UNSPECIFIED.,.F.,
  .F.,(2,2),(-5.999999928008E-07,4.2000006),.PIECEWISE_BEZIER_KNOTS.);
#4212 = CARTESIAN_POINT('',(27.522653808515,35.2499994));
#4213 = CARTESIAN_POINT('',(27.522653808515,39.4500006));
#4214 = ( GEOMETRIC_REPRESENTATION_CONTEXT(2) 
PARAMETRIC_REPRESENTATION_CONTEXT() REPRESENTATION_CONTEXT('2D SPACE',''
  ) );
#4215 = SHELL_BASED_SURFACE_MODEL('',(#4216));
#4216 = OPEN_SHELL('',(#4217));
#4217 = ADVANCED_FACE('',(#4218),#4232,.T.);
#4218 = FACE_BOUND('',#4219,.T.);
#4219 = EDGE_LOOP('',(#4220,#4242,#4257,#4272));
#4220 = ORIENTED_EDGE('',*,*,#4221,.F.);
#4221 = EDGE_CURVE('',#4222,#4224,#4226,.T.);
#4222 = VERTEX_POINT('',#4223);
#4223 = CARTESIAN_POINT('',(-45.32510504194,233.85,-30.5));
#4224 = VERTEX_POINT('',#4225);
#4225 = CARTESIAN_POINT('',(-45.32510504194,238.05,-30.5));
#4226 = SURFACE_CURVE('',#4227,(#4231),.PCURVE_S1.);
#4227 = LINE('',#4228,#4229);
#4228 = CARTESIAN_POINT('',(-45.32510504194,233.85,-30.5));
#4229 = VECTOR('',#4230,1.);
#4230 = DIRECTION('',(0.,1.,0.));
#4231 = PCURVE('',#4232,#4237);
#4232 = PLANE('',#4233);
#4233 = AXIS2_PLACEMENT_3D('',#4234,#4235,#4236);
#4234 = CARTESIAN_POINT('',(80.6,193.9,-30.5));
#4235 = DIRECTION('',(0.,0.,1.));
#4236 = DIRECTION('',(1.,0.,-0.));
#4237 = DEFINITIONAL_REPRESENTATION('',(#4238),#4241);
#4238 = B_SPLINE_CURVE_WITH_KNOTS('',1,(#4239,#4240),.UNSPECIFIED.,.F.,
  .F.,(2,2),(-5.999999928008E-07,4.2000006),.PIECEWISE_BEZIER_KNOTS.);
#4239 = CARTESIAN_POINT('',(-125.9251050419,39.9499994));
#4240 = CARTESIAN_POINT('',(-125.9251050419,44.1500006));
#4241 = ( GEOMETRIC_REPRESENTATION_CONTEXT(2) 
PARAMETRIC_REPRESENTATION_CONTEXT() REPRESENTATION_CONTEXT('2D SPACE',''
  ) );
#4242 = ORIENTED_EDGE('',*,*,#4243,.T.);
#4243 = EDGE_CURVE('',#4222,#4244,#4246,.T.);
#4244 = VERTEX_POINT('',#4245);
#4245 = CARTESIAN_POINT('',(-38.12265380851,233.85,-30.5));
#4246 = SURFACE_CURVE('',#4247,(#4251),.PCURVE_S1.);
#4247 = LINE('',#4248,#4249);
#4248 = CARTESIAN_POINT('',(57.8,233.85,-30.5));
#4249 = VECTOR('',#4250,1.);
#4250 = DIRECTION('',(1.,0.,0.));
#4251 = PCURVE('',#4232,#4252);
#4252 = DEFINITIONAL_REPRESENTATION('',(#4253),#4256);
#4253 = B_SPLINE_CURVE_WITH_KNOTS('',1,(#4254,#4255),.UNSPECIFIED.,.F.,
  .F.,(2,2),(-103.15,57.55),.PIECEWISE_BEZIER_KNOTS.);
#4254 = CARTESIAN_POINT('',(-125.95,39.95));
#4255 = CARTESIAN_POINT('',(34.75,39.95));
#4256 = ( GEOMETRIC_REPRESENTATION_CONTEXT(2) 
PARAMETRIC_REPRESENTATION_CONTEXT() REPRESENTATION_CONTEXT('2D SPACE',''
  ) );
#4257 = ORIENTED_EDGE('',*,*,#4258,.T.);
#4258 = EDGE_CURVE('',#4244,#4259,#4261,.T.);
#4259 = VERTEX_POINT('',#4260);
#4260 = CARTESIAN_POINT('',(-38.12265380851,238.05,-30.5));
#4261 = SURFACE_CURVE('',#4262,(#4266),.PCURVE_S1.);
#4262 = LINE('',#4263,#4264);
#4263 = CARTESIAN_POINT('',(-38.12265380851,233.85,-30.5));
#4264 = VECTOR('',#4265,1.);
#4265 = DIRECTION('',(0.,1.,0.));
#4266 = PCURVE('',#4232,#4267);
#4267 = DEFINITIONAL_REPRESENTATION('',(#4268),#4271);
#4268 = B_SPLINE_CURVE_WITH_KNOTS('',1,(#4269,#4270),.UNSPECIFIED.,.F.,
  .F.,(2,2),(-5.999999928008E-07,4.2000006),.PIECEWISE_BEZIER_KNOTS.);
#4269 = CARTESIAN_POINT('',(-118.7226538085,39.9499994));
#4270 = CARTESIAN_POINT('',(-118.7226538085,44.1500006));
#4271 = ( GEOMETRIC_REPRESENTATION_CONTEXT(2) 
PARAMETRIC_REPRESENTATION_CONTEXT() REPRESENTATION_CONTEXT('2D SPACE',''
  ) );
#4272 = ORIENTED_EDGE('',*,*,#4273,.F.);
#4273 = EDGE_CURVE('',#4224,#4259,#4274,.T.);
#4274 = SURFACE_CURVE('',#4275,(#4279),.PCURVE_S1.);
#4275 = LINE('',#4276,#4277);
#4276 = CARTESIAN_POINT('',(57.8,238.05,-30.5));
#4277 = VECTOR('',#4278,1.);
#4278 = DIRECTION('',(1.,0.,0.));
#4279 = PCURVE('',#4232,#4280);
#4280 = DEFINITIONAL_REPRESENTATION('',(#4281),#4284);
#4281 = B_SPLINE_CURVE_WITH_KNOTS('',1,(#4282,#4283),.UNSPECIFIED.,.F.,
  .F.,(2,2),(-103.15,57.55),.PIECEWISE_BEZIER_KNOTS.);
#4282 = CARTESIAN_POINT('',(-125.95,44.15));
#4283 = CARTESIAN_POINT('',(34.75,44.15));
#4284 = ( GEOMETRIC_REPRESENTATION_CONTEXT(2) 
PARAMETRIC_REPRESENTATION_CONTEXT() REPRESENTATION_CONTEXT('2D SPACE',''
  ) );
#4285 = SHELL_BASED_SURFACE_MODEL('',(#4286));
#4286 = OPEN_SHELL('',(#4287));
#4287 = ADVANCED_FACE('',(#4288),#4302,.T.);
#4288 = FACE_BOUND('',#4289,.T.);
#4289 = EDGE_LOOP('',(#4290,#4312,#4327,#4342));
#4290 = ORIENTED_EDGE('',*,*,#4291,.T.);
#4291 = EDGE_CURVE('',#4292,#4294,#4296,.T.);
#4292 = VERTEX_POINT('',#4293);
#4293 = CARTESIAN_POINT('',(108.12265380851,233.85,-30.5));
#4294 = VERTEX_POINT('',#4295);
#4295 = CARTESIAN_POINT('',(115.32510504194,233.85,-30.5));
#4296 = SURFACE_CURVE('',#4297,(#4301),.PCURVE_S1.);
#4297 = LINE('',#4298,#4299);
#4298 = CARTESIAN_POINT('',(57.8,233.85,-30.5));
#4299 = VECTOR('',#4300,1.);
#4300 = DIRECTION('',(1.,0.,0.));
#4301 = PCURVE('',#4302,#4307);
#4302 = PLANE('',#4303);
#4303 = AXIS2_PLACEMENT_3D('',#4304,#4305,#4306);
#4304 = CARTESIAN_POINT('',(80.6,193.9,-30.5));
#4305 = DIRECTION('',(0.,0.,1.));
#4306 = DIRECTION('',(1.,0.,-0.));
#4307 = DEFINITIONAL_REPRESENTATION('',(#4308),#4311);
#4308 = B_SPLINE_CURVE_WITH_KNOTS('',1,(#4309,#4310),.UNSPECIFIED.,.F.,
  .F.,(2,2),(-103.15,57.55),.PIECEWISE_BEZIER_KNOTS.);
#4309 = CARTESIAN_POINT('',(-125.95,39.95));
#4310 = CARTESIAN_POINT('',(34.75,39.95));
#4311 = ( GEOMETRIC_REPRESENTATION_CONTEXT(2) 
PARAMETRIC_REPRESENTATION_CONTEXT() REPRESENTATION_CONTEXT('2D SPACE',''
  ) );
#4312 = ORIENTED_EDGE('',*,*,#4313,.T.);
#4313 = EDGE_CURVE('',#4294,#4314,#4316,.T.);
#4314 = VERTEX_POINT('',#4315);
#4315 = CARTESIAN_POINT('',(115.32510504194,238.05,-30.5));
#4316 = SURFACE_CURVE('',#4317,(#4321),.PCURVE_S1.);
#4317 = LINE('',#4318,#4319);
#4318 = CARTESIAN_POINT('',(115.32510504194,233.85,-30.5));
#4319 = VECTOR('',#4320,1.);
#4320 = DIRECTION('',(0.,1.,0.));
#4321 = PCURVE('',#4302,#4322);
#4322 = DEFINITIONAL_REPRESENTATION('',(#4323),#4326);
#4323 = B_SPLINE_CURVE_WITH_KNOTS('',1,(#4324,#4325),.UNSPECIFIED.,.F.,
  .F.,(2,2),(-5.999999928008E-07,4.2000006),.PIECEWISE_BEZIER_KNOTS.);
#4324 = CARTESIAN_POINT('',(34.725105041948,39.9499994));
#4325 = CARTESIAN_POINT('',(34.725105041948,44.1500006));
#4326 = ( GEOMETRIC_REPRESENTATION_CONTEXT(2) 
PARAMETRIC_REPRESENTATION_CONTEXT() REPRESENTATION_CONTEXT('2D SPACE',''
  ) );
#4327 = ORIENTED_EDGE('',*,*,#4328,.F.);
#4328 = EDGE_CURVE('',#4329,#4314,#4331,.T.);
#4329 = VERTEX_POINT('',#4330);
#4330 = CARTESIAN_POINT('',(108.12265380851,238.05,-30.5));
#4331 = SURFACE_CURVE('',#4332,(#4336),.PCURVE_S1.);
#4332 = LINE('',#4333,#4334);
#4333 = CARTESIAN_POINT('',(57.8,238.05,-30.5));
#4334 = VECTOR('',#4335,1.);
#4335 = DIRECTION('',(1.,0.,0.));
#4336 = PCURVE('',#4302,#4337);
#4337 = DEFINITIONAL_REPRESENTATION('',(#4338),#4341);
#4338 = B_SPLINE_CURVE_WITH_KNOTS('',1,(#4339,#4340),.UNSPECIFIED.,.F.,
  .F.,(2,2),(-103.15,57.55),.PIECEWISE_BEZIER_KNOTS.);
#4339 = CARTESIAN_POINT('',(-125.95,44.15));
#4340 = CARTESIAN_POINT('',(34.75,44.15));
#4341 = ( GEOMETRIC_REPRESENTATION_CONTEXT(2) 
PARAMETRIC_REPRESENTATION_CONTEXT() REPRESENTATION_CONTEXT('2D SPACE',''
  ) );
#4342 = ORIENTED_EDGE('',*,*,#4343,.F.);
#4343 = EDGE_CURVE('',#4292,#4329,#4344,.T.);
#4344 = SURFACE_CURVE('',#4345,(#4349),.PCURVE_S1.);
#4345 = LINE('',#4346,#4347);
#4346 = CARTESIAN_POINT('',(108.12265380851,233.85,-30.5));
#4347 = VECTOR('',#4348,1.);
#4348 = DIRECTION('',(0.,1.,0.));
#4349 = PCURVE('',#4302,#4350);
#4350 = DEFINITIONAL_REPRESENTATION('',(#4351),#4354);
#4351 = B_SPLINE_CURVE_WITH_KNOTS('',1,(#4352,#4353),.UNSPECIFIED.,.F.,
  .F.,(2,2),(-5.999999928008E-07,4.2000006),.PIECEWISE_BEZIER_KNOTS.);
#4352 = CARTESIAN_POINT('',(27.522653808515,39.9499994));
#4353 = CARTESIAN_POINT('',(27.522653808515,44.1500006));
#4354 = ( GEOMETRIC_REPRESENTATION_CONTEXT(2) 
PARAMETRIC_REPRESENTATION_CONTEXT() REPRESENTATION_CONTEXT('2D SPACE',''
  ) );
#4355 = SHELL_BASED_SURFACE_MODEL('',(#4356));
#4356 = OPEN_SHELL('',(#4357));
#4357 = ADVANCED_FACE('',(#4358),#4372,.T.);
#4358 = FACE_BOUND('',#4359,.T.);
#4359 = EDGE_LOOP('',(#4360,#4382,#4397,#4412));
#4360 = ORIENTED_EDGE('',*,*,#4361,.F.);
#4361 = EDGE_CURVE('',#4362,#4364,#4366,.T.);
#4362 = VERTEX_POINT('',#4363);
#4363 = CARTESIAN_POINT('',(-45.32510504194,238.55,-30.5));
#4364 = VERTEX_POINT('',#4365);
#4365 = CARTESIAN_POINT('',(-45.32510504194,242.75,-30.5));
#4366 = SURFACE_CURVE('',#4367,(#4371),.PCURVE_S1.);
#4367 = LINE('',#4368,#4369);
#4368 = CARTESIAN_POINT('',(-45.32510504194,238.55,-30.5));
#4369 = VECTOR('',#4370,1.);
#4370 = DIRECTION('',(0.,1.,0.));
#4371 = PCURVE('',#4372,#4377);
#4372 = PLANE('',#4373);
#4373 = AXIS2_PLACEMENT_3D('',#4374,#4375,#4376);
#4374 = CARTESIAN_POINT('',(80.6,193.9,-30.5));
#4375 = DIRECTION('',(0.,0.,1.));
#4376 = DIRECTION('',(1.,0.,-0.));
#4377 = DEFINITIONAL_REPRESENTATION('',(#4378),#4381);
#4378 = B_SPLINE_CURVE_WITH_KNOTS('',1,(#4379,#4380),.UNSPECIFIED.,.F.,
  .F.,(2,2),(-5.999999928008E-07,4.2000006),.PIECEWISE_BEZIER_KNOTS.);
#4379 = CARTESIAN_POINT('',(-125.9251050419,44.6499994));
#4380 = CARTESIAN_POINT('',(-125.9251050419,48.8500006));
#4381 = ( GEOMETRIC_REPRESENTATION_CONTEXT(2) 
PARAMETRIC_REPRESENTATION_CONTEXT() REPRESENTATION_CONTEXT('2D SPACE',''
  ) );
#4382 = ORIENTED_EDGE('',*,*,#4383,.T.);
#4383 = EDGE_CURVE('',#4362,#4384,#4386,.T.);
#4384 = VERTEX_POINT('',#4385);
#4385 = CARTESIAN_POINT('',(-38.12265380851,238.55,-30.5));
#4386 = SURFACE_CURVE('',#4387,(#4391),.PCURVE_S1.);
#4387 = LINE('',#4388,#4389);
#4388 = CARTESIAN_POINT('',(57.8,238.55,-30.5));
#4389 = VECTOR('',#4390,1.);
#4390 = DIRECTION('',(1.,0.,0.));
#4391 = PCURVE('',#4372,#4392);
#4392 = DEFINITIONAL_REPRESENTATION('',(#4393),#4396);
#4393 = B_SPLINE_CURVE_WITH_KNOTS('',1,(#4394,#4395),.UNSPECIFIED.,.F.,
  .F.,(2,2),(-103.15,57.55),.PIECEWISE_BEZIER_KNOTS.);
#4394 = CARTESIAN_POINT('',(-125.95,44.65));
#4395 = CARTESIAN_POINT('',(34.75,44.65));
#4396 = ( GEOMETRIC_REPRESENTATION_CONTEXT(2) 
PARAMETRIC_REPRESENTATION_CONTEXT() REPRESENTATION_CONTEXT('2D SPACE',''
  ) );
#4397 = ORIENTED_EDGE('',*,*,#4398,.T.);
#4398 = EDGE_CURVE('',#4384,#4399,#4401,.T.);
#4399 = VERTEX_POINT('',#4400);
#4400 = CARTESIAN_POINT('',(-38.12265380851,242.75,-30.5));
#4401 = SURFACE_CURVE('',#4402,(#4406),.PCURVE_S1.);
#4402 = LINE('',#4403,#4404);
#4403 = CARTESIAN_POINT('',(-38.12265380851,238.55,-30.5));
#4404 = VECTOR('',#4405,1.);
#4405 = DIRECTION('',(0.,1.,0.));
#4406 = PCURVE('',#4372,#4407);
#4407 = DEFINITIONAL_REPRESENTATION('',(#4408),#4411);
#4408 = B_SPLINE_CURVE_WITH_KNOTS('',1,(#4409,#4410),.UNSPECIFIED.,.F.,
  .F.,(2,2),(-5.999999928008E-07,4.2000006),.PIECEWISE_BEZIER_KNOTS.);
#4409 = CARTESIAN_POINT('',(-118.7226538085,44.6499994));
#4410 = CARTESIAN_POINT('',(-118.7226538085,48.8500006));
#4411 = ( GEOMETRIC_REPRESENTATION_CONTEXT(2) 
PARAMETRIC_REPRESENTATION_CONTEXT() REPRESENTATION_CONTEXT('2D SPACE',''
  ) );
#4412 = ORIENTED_EDGE('',*,*,#4413,.F.);
#4413 = EDGE_CURVE('',#4364,#4399,#4414,.T.);
#4414 = SURFACE_CURVE('',#4415,(#4419),.PCURVE_S1.);
#4415 = LINE('',#4416,#4417);
#4416 = CARTESIAN_POINT('',(57.8,242.75,-30.5));
#4417 = VECTOR('',#4418,1.);
#4418 = DIRECTION('',(1.,0.,0.));
#4419 = PCURVE('',#4372,#4420);
#4420 = DEFINITIONAL_REPRESENTATION('',(#4421),#4424);
#4421 = B_SPLINE_CURVE_WITH_KNOTS('',1,(#4422,#4423),.UNSPECIFIED.,.F.,
  .F.,(2,2),(-103.15,57.55),.PIECEWISE_BEZIER_KNOTS.);
#4422 = CARTESIAN_POINT('',(-125.95,48.85));
#4423 = CARTESIAN_POINT('',(34.75,48.85));
#4424 = ( GEOMETRIC_REPRESENTATION_CONTEXT(2) 
PARAMETRIC_REPRESENTATION_CONTEXT() REPRESENTATION_CONTEXT('2D SPACE',''
  ) );
#4425 = SHELL_BASED_SURFACE_MODEL('',(#4426));
#4426 = OPEN_SHELL('',(#4427));
#4427 = ADVANCED_FACE('',(#4428),#4442,.T.);
#4428 = FACE_BOUND('',#4429,.T.);
#4429 = EDGE_LOOP('',(#4430,#4452,#4467,#4482));
#4430 = ORIENTED_EDGE('',*,*,#4431,.T.);
#4431 = EDGE_CURVE('',#4432,#4434,#4436,.T.);
#4432 = VERTEX_POINT('',#4433);
#4433 = CARTESIAN_POINT('',(108.12265380851,238.55,-30.5));
#4434 = VERTEX_POINT('',#4435);
#4435 = CARTESIAN_POINT('',(115.32510504194,238.55,-30.5));
#4436 = SURFACE_CURVE('',#4437,(#4441),.PCURVE_S1.);
#4437 = LINE('',#4438,#4439);
#4438 = CARTESIAN_POINT('',(57.8,238.55,-30.5));
#4439 = VECTOR('',#4440,1.);
#4440 = DIRECTION('',(1.,0.,0.));
#4441 = PCURVE('',#4442,#4447);
#4442 = PLANE('',#4443);
#4443 = AXIS2_PLACEMENT_3D('',#4444,#4445,#4446);
#4444 = CARTESIAN_POINT('',(80.6,193.9,-30.5));
#4445 = DIRECTION('',(0.,0.,1.));
#4446 = DIRECTION('',(1.,0.,-0.));
#4447 = DEFINITIONAL_REPRESENTATION('',(#4448),#4451);
#4448 = B_SPLINE_CURVE_WITH_KNOTS('',1,(#4449,#4450),.UNSPECIFIED.,.F.,
  .F.,(2,2),(-103.15,57.55),.PIECEWISE_BEZIER_KNOTS.);
#4449 = CARTESIAN_POINT('',(-125.95,44.65));
#4450 = CARTESIAN_POINT('',(34.75,44.65));
#4451 = ( GEOMETRIC_REPRESENTATION_CONTEXT(2) 
PARAMETRIC_REPRESENTATION_CONTEXT() REPRESENTATION_CONTEXT('2D SPACE',''
  ) );
#4452 = ORIENTED_EDGE('',*,*,#4453,.T.);
#4453 = EDGE_CURVE('',#4434,#4454,#4456,.T.);
#4454 = VERTEX_POINT('',#4455);
#4455 = CARTESIAN_POINT('',(115.32510504194,242.75,-30.5));
#4456 = SURFACE_CURVE('',#4457,(#4461),.PCURVE_S1.);
#4457 = LINE('',#4458,#4459);
#4458 = CARTESIAN_POINT('',(115.32510504194,238.55,-30.5));
#4459 = VECTOR('',#4460,1.);
#4460 = DIRECTION('',(0.,1.,0.));
#4461 = PCURVE('',#4442,#4462);
#4462 = DEFINITIONAL_REPRESENTATION('',(#4463),#4466);
#4463 = B_SPLINE_CURVE_WITH_KNOTS('',1,(#4464,#4465),.UNSPECIFIED.,.F.,
  .F.,(2,2),(-5.999999928008E-07,4.2000006),.PIECEWISE_BEZIER_KNOTS.);
#4464 = CARTESIAN_POINT('',(34.725105041948,44.6499994));
#4465 = CARTESIAN_POINT('',(34.725105041948,48.8500006));
#4466 = ( GEOMETRIC_REPRESENTATION_CONTEXT(2) 
PARAMETRIC_REPRESENTATION_CONTEXT() REPRESENTATION_CONTEXT('2D SPACE',''
  ) );
#4467 = ORIENTED_EDGE('',*,*,#4468,.F.);
#4468 = EDGE_CURVE('',#4469,#4454,#4471,.T.);
#4469 = VERTEX_POINT('',#4470);
#4470 = CARTESIAN_POINT('',(108.12265380851,242.75,-30.5));
#4471 = SURFACE_CURVE('',#4472,(#4476),.PCURVE_S1.);
#4472 = LINE('',#4473,#4474);
#4473 = CARTESIAN_POINT('',(57.8,242.75,-30.5));
#4474 = VECTOR('',#4475,1.);
#4475 = DIRECTION('',(1.,0.,0.));
#4476 = PCURVE('',#4442,#4477);
#4477 = DEFINITIONAL_REPRESENTATION('',(#4478),#4481);
#4478 = B_SPLINE_CURVE_WITH_KNOTS('',1,(#4479,#4480),.UNSPECIFIED.,.F.,
  .F.,(2,2),(-103.15,57.55),.PIECEWISE_BEZIER_KNOTS.);
#4479 = CARTESIAN_POINT('',(-125.95,48.85));
#4480 = CARTESIAN_POINT('',(34.75,48.85));
#4481 = ( GEOMETRIC_REPRESENTATION_CONTEXT(2) 
PARAMETRIC_REPRESENTATION_CONTEXT() REPRESENTATION_CONTEXT('2D SPACE',''
  ) );
#4482 = ORIENTED_EDGE('',*,*,#4483,.F.);
#4483 = EDGE_CURVE('',#4432,#4469,#4484,.T.);
#4484 = SURFACE_CURVE('',#4485,(#4489),.PCURVE_S1.);
#4485 = LINE('',#4486,#4487);
#4486 = CARTESIAN_POINT('',(108.12265380851,238.55,-30.5));
#4487 = VECTOR('',#4488,1.);
#4488 = DIRECTION('',(0.,1.,0.));
#4489 = PCURVE('',#4442,#4490);
#4490 = DEFINITIONAL_REPRESENTATION('',(#4491),#4494);
#4491 = B_SPLINE_CURVE_WITH_KNOTS('',1,(#4492,#4493),.UNSPECIFIED.,.F.,
  .F.,(2,2),(-5.999999928008E-07,4.2000006),.PIECEWISE_BEZIER_KNOTS.);
#4492 = CARTESIAN_POINT('',(27.522653808515,44.6499994));
#4493 = CARTESIAN_POINT('',(27.522653808515,48.8500006));
#4494 = ( GEOMETRIC_REPRESENTATION_CONTEXT(2) 
PARAMETRIC_REPRESENTATION_CONTEXT() REPRESENTATION_CONTEXT('2D SPACE',''
  ) );
#4495 = SHELL_BASED_SURFACE_MODEL('',(#4496));
#4496 = OPEN_SHELL('',(#4497));
#4497 = ADVANCED_FACE('',(#4498),#4512,.T.);
#4498 = FACE_BOUND('',#4499,.T.);
#4499 = EDGE_LOOP('',(#4500,#4522,#4537,#4552));
#4500 = ORIENTED_EDGE('',*,*,#4501,.F.);
#4501 = EDGE_CURVE('',#4502,#4504,#4506,.T.);
#4502 = VERTEX_POINT('',#4503);
#4503 = CARTESIAN_POINT('',(-45.32510504194,243.25,-30.5));
#4504 = VERTEX_POINT('',#4505);
#4505 = CARTESIAN_POINT('',(-45.32510504194,247.45,-30.5));
#4506 = SURFACE_CURVE('',#4507,(#4511),.PCURVE_S1.);
#4507 = LINE('',#4508,#4509);
#4508 = CARTESIAN_POINT('',(-45.32510504194,243.25,-30.5));
#4509 = VECTOR('',#4510,1.);
#4510 = DIRECTION('',(0.,1.,0.));
#4511 = PCURVE('',#4512,#4517);
#4512 = PLANE('',#4513);
#4513 = AXIS2_PLACEMENT_3D('',#4514,#4515,#4516);
#4514 = CARTESIAN_POINT('',(80.6,193.9,-30.5));
#4515 = DIRECTION('',(0.,0.,1.));
#4516 = DIRECTION('',(1.,0.,-0.));
#4517 = DEFINITIONAL_REPRESENTATION('',(#4518),#4521);
#4518 = B_SPLINE_CURVE_WITH_KNOTS('',1,(#4519,#4520),.UNSPECIFIED.,.F.,
  .F.,(2,2),(-5.999999928008E-07,4.2000006),.PIECEWISE_BEZIER_KNOTS.);
#4519 = CARTESIAN_POINT('',(-125.9251050419,49.3499994));
#4520 = CARTESIAN_POINT('',(-125.9251050419,53.5500006));
#4521 = ( GEOMETRIC_REPRESENTATION_CONTEXT(2) 
PARAMETRIC_REPRESENTATION_CONTEXT() REPRESENTATION_CONTEXT('2D SPACE',''
  ) );
#4522 = ORIENTED_EDGE('',*,*,#4523,.T.);
#4523 = EDGE_CURVE('',#4502,#4524,#4526,.T.);
#4524 = VERTEX_POINT('',#4525);
#4525 = CARTESIAN_POINT('',(-38.12265380851,243.25,-30.5));
#4526 = SURFACE_CURVE('',#4527,(#4531),.PCURVE_S1.);
#4527 = LINE('',#4528,#4529);
#4528 = CARTESIAN_POINT('',(57.8,243.25,-30.5));
#4529 = VECTOR('',#4530,1.);
#4530 = DIRECTION('',(1.,0.,0.));
#4531 = PCURVE('',#4512,#4532);
#4532 = DEFINITIONAL_REPRESENTATION('',(#4533),#4536);
#4533 = B_SPLINE_CURVE_WITH_KNOTS('',1,(#4534,#4535),.UNSPECIFIED.,.F.,
  .F.,(2,2),(-103.15,57.55),.PIECEWISE_BEZIER_KNOTS.);
#4534 = CARTESIAN_POINT('',(-125.95,49.35));
#4535 = CARTESIAN_POINT('',(34.75,49.35));
#4536 = ( GEOMETRIC_REPRESENTATION_CONTEXT(2) 
PARAMETRIC_REPRESENTATION_CONTEXT() REPRESENTATION_CONTEXT('2D SPACE',''
  ) );
#4537 = ORIENTED_EDGE('',*,*,#4538,.T.);
#4538 = EDGE_CURVE('',#4524,#4539,#4541,.T.);
#4539 = VERTEX_POINT('',#4540);
#4540 = CARTESIAN_POINT('',(-38.12265380851,247.45,-30.5));
#4541 = SURFACE_CURVE('',#4542,(#4546),.PCURVE_S1.);
#4542 = LINE('',#4543,#4544);
#4543 = CARTESIAN_POINT('',(-38.12265380851,243.25,-30.5));
#4544 = VECTOR('',#4545,1.);
#4545 = DIRECTION('',(0.,1.,0.));
#4546 = PCURVE('',#4512,#4547);
#4547 = DEFINITIONAL_REPRESENTATION('',(#4548),#4551);
#4548 = B_SPLINE_CURVE_WITH_KNOTS('',1,(#4549,#4550),.UNSPECIFIED.,.F.,
  .F.,(2,2),(-5.999999928008E-07,4.2000006),.PIECEWISE_BEZIER_KNOTS.);
#4549 = CARTESIAN_POINT('',(-118.7226538085,49.3499994));
#4550 = CARTESIAN_POINT('',(-118.7226538085,53.5500006));
#4551 = ( GEOMETRIC_REPRESENTATION_CONTEXT(2) 
PARAMETRIC_REPRESENTATION_CONTEXT() REPRESENTATION_CONTEXT('2D SPACE',''
  ) );
#4552 = ORIENTED_EDGE('',*,*,#4553,.F.);
#4553 = EDGE_CURVE('',#4504,#4539,#4554,.T.);
#4554 = SURFACE_CURVE('',#4555,(#4559),.PCURVE_S1.);
#4555 = LINE('',#4556,#4557);
#4556 = CARTESIAN_POINT('',(57.8,247.45,-30.5));
#4557 = VECTOR('',#4558,1.);
#4558 = DIRECTION('',(1.,0.,0.));
#4559 = PCURVE('',#4512,#4560);
#4560 = DEFINITIONAL_REPRESENTATION('',(#4561),#4564);
#4561 = B_SPLINE_CURVE_WITH_KNOTS('',1,(#4562,#4563),.UNSPECIFIED.,.F.,
  .F.,(2,2),(-103.15,57.55),.PIECEWISE_BEZIER_KNOTS.);
#4562 = CARTESIAN_POINT('',(-125.95,53.55));
#4563 = CARTESIAN_POINT('',(34.75,53.55));
#4564 = ( GEOMETRIC_REPRESENTATION_CONTEXT(2) 
PARAMETRIC_REPRESENTATION_CONTEXT() REPRESENTATION_CONTEXT('2D SPACE',''
  ) );
#4565 = SHELL_BASED_SURFACE_MODEL('',(#4566));
#4566 = OPEN_SHELL('',(#4567));
#4567 = ADVANCED_FACE('',(#4568),#4582,.T.);
#4568 = FACE_BOUND('',#4569,.T.);
#4569 = EDGE_LOOP('',(#4570,#4592,#4607,#4622));
#4570 = ORIENTED_EDGE('',*,*,#4571,.T.);
#4571 = EDGE_CURVE('',#4572,#4574,#4576,.T.);
#4572 = VERTEX_POINT('',#4573);
#4573 = CARTESIAN_POINT('',(108.12265380851,243.25,-30.5));
#4574 = VERTEX_POINT('',#4575);
#4575 = CARTESIAN_POINT('',(115.32510504194,243.25,-30.5));
#4576 = SURFACE_CURVE('',#4577,(#4581),.PCURVE_S1.);
#4577 = LINE('',#4578,#4579);
#4578 = CARTESIAN_POINT('',(57.8,243.25,-30.5));
#4579 = VECTOR('',#4580,1.);
#4580 = DIRECTION('',(1.,0.,0.));
#4581 = PCURVE('',#4582,#4587);
#4582 = PLANE('',#4583);
#4583 = AXIS2_PLACEMENT_3D('',#4584,#4585,#4586);
#4584 = CARTESIAN_POINT('',(80.6,193.9,-30.5));
#4585 = DIRECTION('',(0.,0.,1.));
#4586 = DIRECTION('',(1.,0.,-0.));
#4587 = DEFINITIONAL_REPRESENTATION('',(#4588),#4591);
#4588 = B_SPLINE_CURVE_WITH_KNOTS('',1,(#4589,#4590),.UNSPECIFIED.,.F.,
  .F.,(2,2),(-103.15,57.55),.PIECEWISE_BEZIER_KNOTS.);
#4589 = CARTESIAN_POINT('',(-125.95,49.35));
#4590 = CARTESIAN_POINT('',(34.75,49.35));
#4591 = ( GEOMETRIC_REPRESENTATION_CONTEXT(2) 
PARAMETRIC_REPRESENTATION_CONTEXT() REPRESENTATION_CONTEXT('2D SPACE',''
  ) );
#4592 = ORIENTED_EDGE('',*,*,#4593,.T.);
#4593 = EDGE_CURVE('',#4574,#4594,#4596,.T.);
#4594 = VERTEX_POINT('',#4595);
#4595 = CARTESIAN_POINT('',(115.32510504194,247.45,-30.5));
#4596 = SURFACE_CURVE('',#4597,(#4601),.PCURVE_S1.);
#4597 = LINE('',#4598,#4599);
#4598 = CARTESIAN_POINT('',(115.32510504194,243.25,-30.5));
#4599 = VECTOR('',#4600,1.);
#4600 = DIRECTION('',(0.,1.,0.));
#4601 = PCURVE('',#4582,#4602);
#4602 = DEFINITIONAL_REPRESENTATION('',(#4603),#4606);
#4603 = B_SPLINE_CURVE_WITH_KNOTS('',1,(#4604,#4605),.UNSPECIFIED.,.F.,
  .F.,(2,2),(-5.999999928008E-07,4.2000006),.PIECEWISE_BEZIER_KNOTS.);
#4604 = CARTESIAN_POINT('',(34.725105041948,49.3499994));
#4605 = CARTESIAN_POINT('',(34.725105041948,53.5500006));
#4606 = ( GEOMETRIC_REPRESENTATION_CONTEXT(2) 
PARAMETRIC_REPRESENTATION_CONTEXT() REPRESENTATION_CONTEXT('2D SPACE',''
  ) );
#4607 = ORIENTED_EDGE('',*,*,#4608,.F.);
#4608 = EDGE_CURVE('',#4609,#4594,#4611,.T.);
#4609 = VERTEX_POINT('',#4610);
#4610 = CARTESIAN_POINT('',(108.12265380851,247.45,-30.5));
#4611 = SURFACE_CURVE('',#4612,(#4616),.PCURVE_S1.);
#4612 = LINE('',#4613,#4614);
#4613 = CARTESIAN_POINT('',(57.8,247.45,-30.5));
#4614 = VECTOR('',#4615,1.);
#4615 = DIRECTION('',(1.,0.,0.));
#4616 = PCURVE('',#4582,#4617);
#4617 = DEFINITIONAL_REPRESENTATION('',(#4618),#4621);
#4618 = B_SPLINE_CURVE_WITH_KNOTS('',1,(#4619,#4620),.UNSPECIFIED.,.F.,
  .F.,(2,2),(-103.15,57.55),.PIECEWISE_BEZIER_KNOTS.);
#4619 = CARTESIAN_POINT('',(-125.95,53.55));
#4620 = CARTESIAN_POINT('',(34.75,53.55));
#4621 = ( GEOMETRIC_REPRESENTATION_CONTEXT(2) 
PARAMETRIC_REPRESENTATION_CONTEXT() REPRESENTATION_CONTEXT('2D SPACE',''
  ) );
#4622 = ORIENTED_EDGE('',*,*,#4623,.F.);
#4623 = EDGE_CURVE('',#4572,#4609,#4624,.T.);
#4624 = SURFACE_CURVE('',#4625,(#4629),.PCURVE_S1.);
#4625 = LINE('',#4626,#4627);
#4626 = CARTESIAN_POINT('',(108.12265380851,243.25,-30.5));
#4627 = VECTOR('',#4628,1.);
#4628 = DIRECTION('',(0.,1.,0.));
#4629 = PCURVE('',#4582,#4630);
#4630 = DEFINITIONAL_REPRESENTATION('',(#4631),#4634);
#4631 = B_SPLINE_CURVE_WITH_KNOTS('',1,(#4632,#4633),.UNSPECIFIED.,.F.,
  .F.,(2,2),(-5.999999928008E-07,4.2000006),.PIECEWISE_BEZIER_KNOTS.);
#4632 = CARTESIAN_POINT('',(27.522653808515,49.3499994));
#4633 = CARTESIAN_POINT('',(27.522653808515,53.5500006));
#4634 = ( GEOMETRIC_REPRESENTATION_CONTEXT(2) 
PARAMETRIC_REPRESENTATION_CONTEXT() REPRESENTATION_CONTEXT('2D SPACE',''
  ) );
#4635 = SHELL_BASED_SURFACE_MODEL('',(#4636));
#4636 = OPEN_SHELL('',(#4637));
#4637 = ADVANCED_FACE('',(#4638),#4652,.T.);
#4638 = FACE_BOUND('',#4639,.T.);
#4639 = EDGE_LOOP('',(#4640,#4662,#4677,#4692));
#4640 = ORIENTED_EDGE('',*,*,#4641,.F.);
#4641 = EDGE_CURVE('',#4642,#4644,#4646,.T.);
#4642 = VERTEX_POINT('',#4643);
#4643 = CARTESIAN_POINT('',(-45.32510504194,247.95,-30.5));
#4644 = VERTEX_POINT('',#4645);
#4645 = CARTESIAN_POINT('',(-45.32510504194,252.15,-30.5));
#4646 = SURFACE_CURVE('',#4647,(#4651),.PCURVE_S1.);
#4647 = LINE('',#4648,#4649);
#4648 = CARTESIAN_POINT('',(-45.32510504194,247.95,-30.5));
#4649 = VECTOR('',#4650,1.);
#4650 = DIRECTION('',(0.,1.,0.));
#4651 = PCURVE('',#4652,#4657);
#4652 = PLANE('',#4653);
#4653 = AXIS2_PLACEMENT_3D('',#4654,#4655,#4656);
#4654 = CARTESIAN_POINT('',(80.6,193.9,-30.5));
#4655 = DIRECTION('',(0.,0.,1.));
#4656 = DIRECTION('',(1.,0.,-0.));
#4657 = DEFINITIONAL_REPRESENTATION('',(#4658),#4661);
#4658 = B_SPLINE_CURVE_WITH_KNOTS('',1,(#4659,#4660),.UNSPECIFIED.,.F.,
  .F.,(2,2),(-5.999999928008E-07,4.2000006),.PIECEWISE_BEZIER_KNOTS.);
#4659 = CARTESIAN_POINT('',(-125.9251050419,54.0499994));
#4660 = CARTESIAN_POINT('',(-125.9251050419,58.2500006));
#4661 = ( GEOMETRIC_REPRESENTATION_CONTEXT(2) 
PARAMETRIC_REPRESENTATION_CONTEXT() REPRESENTATION_CONTEXT('2D SPACE',''
  ) );
#4662 = ORIENTED_EDGE('',*,*,#4663,.T.);
#4663 = EDGE_CURVE('',#4642,#4664,#4666,.T.);
#4664 = VERTEX_POINT('',#4665);
#4665 = CARTESIAN_POINT('',(-38.12265380851,247.95,-30.5));
#4666 = SURFACE_CURVE('',#4667,(#4671),.PCURVE_S1.);
#4667 = LINE('',#4668,#4669);
#4668 = CARTESIAN_POINT('',(57.8,247.95,-30.5));
#4669 = VECTOR('',#4670,1.);
#4670 = DIRECTION('',(1.,0.,0.));
#4671 = PCURVE('',#4652,#4672);
#4672 = DEFINITIONAL_REPRESENTATION('',(#4673),#4676);
#4673 = B_SPLINE_CURVE_WITH_KNOTS('',1,(#4674,#4675),.UNSPECIFIED.,.F.,
  .F.,(2,2),(-103.15,57.55),.PIECEWISE_BEZIER_KNOTS.);
#4674 = CARTESIAN_POINT('',(-125.95,54.05));
#4675 = CARTESIAN_POINT('',(34.75,54.05));
#4676 = ( GEOMETRIC_REPRESENTATION_CONTEXT(2) 
PARAMETRIC_REPRESENTATION_CONTEXT() REPRESENTATION_CONTEXT('2D SPACE',''
  ) );
#4677 = ORIENTED_EDGE('',*,*,#4678,.T.);
#4678 = EDGE_CURVE('',#4664,#4679,#4681,.T.);
#4679 = VERTEX_POINT('',#4680);
#4680 = CARTESIAN_POINT('',(-38.12265380851,252.15,-30.5));
#4681 = SURFACE_CURVE('',#4682,(#4686),.PCURVE_S1.);
#4682 = LINE('',#4683,#4684);
#4683 = CARTESIAN_POINT('',(-38.12265380851,247.95,-30.5));
#4684 = VECTOR('',#4685,1.);
#4685 = DIRECTION('',(0.,1.,0.));
#4686 = PCURVE('',#4652,#4687);
#4687 = DEFINITIONAL_REPRESENTATION('',(#4688),#4691);
#4688 = B_SPLINE_CURVE_WITH_KNOTS('',1,(#4689,#4690),.UNSPECIFIED.,.F.,
  .F.,(2,2),(-5.999999928008E-07,4.2000006),.PIECEWISE_BEZIER_KNOTS.);
#4689 = CARTESIAN_POINT('',(-118.7226538085,54.0499994));
#4690 = CARTESIAN_POINT('',(-118.7226538085,58.2500006));
#4691 = ( GEOMETRIC_REPRESENTATION_CONTEXT(2) 
PARAMETRIC_REPRESENTATION_CONTEXT() REPRESENTATION_CONTEXT('2D SPACE',''
  ) );
#4692 = ORIENTED_EDGE('',*,*,#4693,.F.);
#4693 = EDGE_CURVE('',#4644,#4679,#4694,.T.);
#4694 = SURFACE_CURVE('',#4695,(#4699),.PCURVE_S1.);
#4695 = LINE('',#4696,#4697);
#4696 = CARTESIAN_POINT('',(57.8,252.15,-30.5));
#4697 = VECTOR('',#4698,1.);
#4698 = DIRECTION('',(1.,0.,0.));
#4699 = PCURVE('',#4652,#4700);
#4700 = DEFINITIONAL_REPRESENTATION('',(#4701),#4704);
#4701 = B_SPLINE_CURVE_WITH_KNOTS('',1,(#4702,#4703),.UNSPECIFIED.,.F.,
  .F.,(2,2),(-103.15,57.55),.PIECEWISE_BEZIER_KNOTS.);
#4702 = CARTESIAN_POINT('',(-125.95,58.25));
#4703 = CARTESIAN_POINT('',(34.75,58.25));
#4704 = ( GEOMETRIC_REPRESENTATION_CONTEXT(2) 
PARAMETRIC_REPRESENTATION_CONTEXT() REPRESENTATION_CONTEXT('2D SPACE',''
  ) );
#4705 = SHELL_BASED_SURFACE_MODEL('',(#4706));
#4706 = OPEN_SHELL('',(#4707));
#4707 = ADVANCED_FACE('',(#4708),#4722,.T.);
#4708 = FACE_BOUND('',#4709,.T.);
#4709 = EDGE_LOOP('',(#4710,#4732,#4747,#4762));
#4710 = ORIENTED_EDGE('',*,*,#4711,.T.);
#4711 = EDGE_CURVE('',#4712,#4714,#4716,.T.);
#4712 = VERTEX_POINT('',#4713);
#4713 = CARTESIAN_POINT('',(108.12265380851,247.95,-30.5));
#4714 = VERTEX_POINT('',#4715);
#4715 = CARTESIAN_POINT('',(115.32510504194,247.95,-30.5));
#4716 = SURFACE_CURVE('',#4717,(#4721),.PCURVE_S1.);
#4717 = LINE('',#4718,#4719);
#4718 = CARTESIAN_POINT('',(57.8,247.95,-30.5));
#4719 = VECTOR('',#4720,1.);
#4720 = DIRECTION('',(1.,0.,0.));
#4721 = PCURVE('',#4722,#4727);
#4722 = PLANE('',#4723);
#4723 = AXIS2_PLACEMENT_3D('',#4724,#4725,#4726);
#4724 = CARTESIAN_POINT('',(80.6,193.9,-30.5));
#4725 = DIRECTION('',(0.,0.,1.));
#4726 = DIRECTION('',(1.,0.,-0.));
#4727 = DEFINITIONAL_REPRESENTATION('',(#4728),#4731);
#4728 = B_SPLINE_CURVE_WITH_KNOTS('',1,(#4729,#4730),.UNSPECIFIED.,.F.,
  .F.,(2,2),(-103.15,57.55),.PIECEWISE_BEZIER_KNOTS.);
#4729 = CARTESIAN_POINT('',(-125.95,54.05));
#4730 = CARTESIAN_POINT('',(34.75,54.05));
#4731 = ( GEOMETRIC_REPRESENTATION_CONTEXT(2) 
PARAMETRIC_REPRESENTATION_CONTEXT() REPRESENTATION_CONTEXT('2D SPACE',''
  ) );
#4732 = ORIENTED_EDGE('',*,*,#4733,.T.);
#4733 = EDGE_CURVE('',#4714,#4734,#4736,.T.);
#4734 = VERTEX_POINT('',#4735);
#4735 = CARTESIAN_POINT('',(115.32510504194,252.15,-30.5));
#4736 = SURFACE_CURVE('',#4737,(#4741),.PCURVE_S1.);
#4737 = LINE('',#4738,#4739);
#4738 = CARTESIAN_POINT('',(115.32510504194,247.95,-30.5));
#4739 = VECTOR('',#4740,1.);
#4740 = DIRECTION('',(0.,1.,0.));
#4741 = PCURVE('',#4722,#4742);
#4742 = DEFINITIONAL_REPRESENTATION('',(#4743),#4746);
#4743 = B_SPLINE_CURVE_WITH_KNOTS('',1,(#4744,#4745),.UNSPECIFIED.,.F.,
  .F.,(2,2),(-5.999999928008E-07,4.2000006),.PIECEWISE_BEZIER_KNOTS.);
#4744 = CARTESIAN_POINT('',(34.725105041948,54.0499994));
#4745 = CARTESIAN_POINT('',(34.725105041948,58.2500006));
#4746 = ( GEOMETRIC_REPRESENTATION_CONTEXT(2) 
PARAMETRIC_REPRESENTATION_CONTEXT() REPRESENTATION_CONTEXT('2D SPACE',''
  ) );
#4747 = ORIENTED_EDGE('',*,*,#4748,.F.);
#4748 = EDGE_CURVE('',#4749,#4734,#4751,.T.);
#4749 = VERTEX_POINT('',#4750);
#4750 = CARTESIAN_POINT('',(108.12265380851,252.15,-30.5));
#4751 = SURFACE_CURVE('',#4752,(#4756),.PCURVE_S1.);
#4752 = LINE('',#4753,#4754);
#4753 = CARTESIAN_POINT('',(57.8,252.15,-30.5));
#4754 = VECTOR('',#4755,1.);
#4755 = DIRECTION('',(1.,0.,0.));
#4756 = PCURVE('',#4722,#4757);
#4757 = DEFINITIONAL_REPRESENTATION('',(#4758),#4761);
#4758 = B_SPLINE_CURVE_WITH_KNOTS('',1,(#4759,#4760),.UNSPECIFIED.,.F.,
  .F.,(2,2),(-103.15,57.55),.PIECEWISE_BEZIER_KNOTS.);
#4759 = CARTESIAN_POINT('',(-125.95,58.25));
#4760 = CARTESIAN_POINT('',(34.75,58.25));
#4761 = ( GEOMETRIC_REPRESENTATION_CONTEXT(2) 
PARAMETRIC_REPRESENTATION_CONTEXT() REPRESENTATION_CONTEXT('2D SPACE',''
  ) );
#4762 = ORIENTED_EDGE('',*,*,#4763,.F.);
#4763 = EDGE_CURVE('',#4712,#4749,#4764,.T.);
#4764 = SURFACE_CURVE('',#4765,(#4769),.PCURVE_S1.);
#4765 = LINE('',#4766,#4767);
#4766 = CARTESIAN_POINT('',(108.12265380851,247.95,-30.5));
#4767 = VECTOR('',#4768,1.);
#4768 = DIRECTION('',(0.,1.,0.));
#4769 = PCURVE('',#4722,#4770);
#4770 = DEFINITIONAL_REPRESENTATION('',(#4771),#4774);
#4771 = B_SPLINE_CURVE_WITH_KNOTS('',1,(#4772,#4773),.UNSPECIFIED.,.F.,
  .F.,(2,2),(-5.999999928008E-07,4.2000006),.PIECEWISE_BEZIER_KNOTS.);
#4772 = CARTESIAN_POINT('',(27.522653808515,54.0499994));
#4773 = CARTESIAN_POINT('',(27.522653808515,58.2500006));
#4774 = ( GEOMETRIC_REPRESENTATION_CONTEXT(2) 
PARAMETRIC_REPRESENTATION_CONTEXT() REPRESENTATION_CONTEXT('2D SPACE',''
  ) );
#4775 = SHELL_BASED_SURFACE_MODEL('',(#4776));
#4776 = OPEN_SHELL('',(#4777));
#4777 = ADVANCED_FACE('',(#4778),#4792,.T.);
#4778 = FACE_BOUND('',#4779,.T.);
#4779 = EDGE_LOOP('',(#4780,#4802,#4817,#4832));
#4780 = ORIENTED_EDGE('',*,*,#4781,.F.);
#4781 = EDGE_CURVE('',#4782,#4784,#4786,.T.);
#4782 = VERTEX_POINT('',#4783);
#4783 = CARTESIAN_POINT('',(-45.32510504194,252.65,-30.5));
#4784 = VERTEX_POINT('',#4785);
#4785 = CARTESIAN_POINT('',(-45.32510504194,256.85,-30.5));
#4786 = SURFACE_CURVE('',#4787,(#4791),.PCURVE_S1.);
#4787 = LINE('',#4788,#4789);
#4788 = CARTESIAN_POINT('',(-45.32510504194,252.65,-30.5));
#4789 = VECTOR('',#4790,1.);
#4790 = DIRECTION('',(0.,1.,0.));
#4791 = PCURVE('',#4792,#4797);
#4792 = PLANE('',#4793);
#4793 = AXIS2_PLACEMENT_3D('',#4794,#4795,#4796);
#4794 = CARTESIAN_POINT('',(80.6,193.9,-30.5));
#4795 = DIRECTION('',(0.,0.,1.));
#4796 = DIRECTION('',(1.,0.,-0.));
#4797 = DEFINITIONAL_REPRESENTATION('',(#4798),#4801);
#4798 = B_SPLINE_CURVE_WITH_KNOTS('',1,(#4799,#4800),.UNSPECIFIED.,.F.,
  .F.,(2,2),(-5.999999928008E-07,4.2000006),.PIECEWISE_BEZIER_KNOTS.);
#4799 = CARTESIAN_POINT('',(-125.9251050419,58.7499994));
#4800 = CARTESIAN_POINT('',(-125.9251050419,62.9500006));
#4801 = ( GEOMETRIC_REPRESENTATION_CONTEXT(2) 
PARAMETRIC_REPRESENTATION_CONTEXT() REPRESENTATION_CONTEXT('2D SPACE',''
  ) );
#4802 = ORIENTED_EDGE('',*,*,#4803,.T.);
#4803 = EDGE_CURVE('',#4782,#4804,#4806,.T.);
#4804 = VERTEX_POINT('',#4805);
#4805 = CARTESIAN_POINT('',(-38.12265380851,252.65,-30.5));
#4806 = SURFACE_CURVE('',#4807,(#4811),.PCURVE_S1.);
#4807 = LINE('',#4808,#4809);
#4808 = CARTESIAN_POINT('',(57.8,252.65,-30.5));
#4809 = VECTOR('',#4810,1.);
#4810 = DIRECTION('',(1.,0.,0.));
#4811 = PCURVE('',#4792,#4812);
#4812 = DEFINITIONAL_REPRESENTATION('',(#4813),#4816);
#4813 = B_SPLINE_CURVE_WITH_KNOTS('',1,(#4814,#4815),.UNSPECIFIED.,.F.,
  .F.,(2,2),(-103.15,57.55),.PIECEWISE_BEZIER_KNOTS.);
#4814 = CARTESIAN_POINT('',(-125.95,58.75));
#4815 = CARTESIAN_POINT('',(34.75,58.75));
#4816 = ( GEOMETRIC_REPRESENTATION_CONTEXT(2) 
PARAMETRIC_REPRESENTATION_CONTEXT() REPRESENTATION_CONTEXT('2D SPACE',''
  ) );
#4817 = ORIENTED_EDGE('',*,*,#4818,.T.);
#4818 = EDGE_CURVE('',#4804,#4819,#4821,.T.);
#4819 = VERTEX_POINT('',#4820);
#4820 = CARTESIAN_POINT('',(-38.12265380851,256.85,-30.5));
#4821 = SURFACE_CURVE('',#4822,(#4826),.PCURVE_S1.);
#4822 = LINE('',#4823,#4824);
#4823 = CARTESIAN_POINT('',(-38.12265380851,252.65,-30.5));
#4824 = VECTOR('',#4825,1.);
#4825 = DIRECTION('',(0.,1.,0.));
#4826 = PCURVE('',#4792,#4827);
#4827 = DEFINITIONAL_REPRESENTATION('',(#4828),#4831);
#4828 = B_SPLINE_CURVE_WITH_KNOTS('',1,(#4829,#4830),.UNSPECIFIED.,.F.,
  .F.,(2,2),(-5.999999928008E-07,4.2000006),.PIECEWISE_BEZIER_KNOTS.);
#4829 = CARTESIAN_POINT('',(-118.7226538085,58.7499994));
#4830 = CARTESIAN_POINT('',(-118.7226538085,62.9500006));
#4831 = ( GEOMETRIC_REPRESENTATION_CONTEXT(2) 
PARAMETRIC_REPRESENTATION_CONTEXT() REPRESENTATION_CONTEXT('2D SPACE',''
  ) );
#4832 = ORIENTED_EDGE('',*,*,#4833,.F.);
#4833 = EDGE_CURVE('',#4784,#4819,#4834,.T.);
#4834 = SURFACE_CURVE('',#4835,(#4839),.PCURVE_S1.);
#4835 = LINE('',#4836,#4837);
#4836 = CARTESIAN_POINT('',(57.8,256.85,-30.5));
#4837 = VECTOR('',#4838,1.);
#4838 = DIRECTION('',(1.,0.,0.));
#4839 = PCURVE('',#4792,#4840);
#4840 = DEFINITIONAL_REPRESENTATION('',(#4841),#4844);
#4841 = B_SPLINE_CURVE_WITH_KNOTS('',1,(#4842,#4843),.UNSPECIFIED.,.F.,
  .F.,(2,2),(-103.15,57.55),.PIECEWISE_BEZIER_KNOTS.);
#4842 = CARTESIAN_POINT('',(-125.95,62.95));
#4843 = CARTESIAN_POINT('',(34.75,62.95));
#4844 = ( GEOMETRIC_REPRESENTATION_CONTEXT(2) 
PARAMETRIC_REPRESENTATION_CONTEXT() REPRESENTATION_CONTEXT('2D SPACE',''
  ) );
#4845 = SHELL_BASED_SURFACE_MODEL('',(#4846));
#4846 = OPEN_SHELL('',(#4847));
#4847 = ADVANCED_FACE('',(#4848),#4862,.T.);
#4848 = FACE_BOUND('',#4849,.T.);
#4849 = EDGE_LOOP('',(#4850,#4872,#4887,#4902));
#4850 = ORIENTED_EDGE('',*,*,#4851,.T.);
#4851 = EDGE_CURVE('',#4852,#4854,#4856,.T.);
#4852 = VERTEX_POINT('',#4853);
#4853 = CARTESIAN_POINT('',(108.12265380851,252.65,-30.5));
#4854 = VERTEX_POINT('',#4855);
#4855 = CARTESIAN_POINT('',(115.32510504194,252.65,-30.5));
#4856 = SURFACE_CURVE('',#4857,(#4861),.PCURVE_S1.);
#4857 = LINE('',#4858,#4859);
#4858 = CARTESIAN_POINT('',(57.8,252.65,-30.5));
#4859 = VECTOR('',#4860,1.);
#4860 = DIRECTION('',(1.,0.,0.));
#4861 = PCURVE('',#4862,#4867);
#4862 = PLANE('',#4863);
#4863 = AXIS2_PLACEMENT_3D('',#4864,#4865,#4866);
#4864 = CARTESIAN_POINT('',(80.6,193.9,-30.5));
#4865 = DIRECTION('',(0.,0.,1.));
#4866 = DIRECTION('',(1.,0.,-0.));
#4867 = DEFINITIONAL_REPRESENTATION('',(#4868),#4871);
#4868 = B_SPLINE_CURVE_WITH_KNOTS('',1,(#4869,#4870),.UNSPECIFIED.,.F.,
  .F.,(2,2),(-103.15,57.55),.PIECEWISE_BEZIER_KNOTS.);
#4869 = CARTESIAN_POINT('',(-125.95,58.75));
#4870 = CARTESIAN_POINT('',(34.75,58.75));
#4871 = ( GEOMETRIC_REPRESENTATION_CONTEXT(2) 
PARAMETRIC_REPRESENTATION_CONTEXT() REPRESENTATION_CONTEXT('2D SPACE',''
  ) );
#4872 = ORIENTED_EDGE('',*,*,#4873,.T.);
#4873 = EDGE_CURVE('',#4854,#4874,#4876,.T.);
#4874 = VERTEX_POINT('',#4875);
#4875 = CARTESIAN_POINT('',(115.32510504194,256.85,-30.5));
#4876 = SURFACE_CURVE('',#4877,(#4881),.PCURVE_S1.);
#4877 = LINE('',#4878,#4879);
#4878 = CARTESIAN_POINT('',(115.32510504194,252.65,-30.5));
#4879 = VECTOR('',#4880,1.);
#4880 = DIRECTION('',(0.,1.,0.));
#4881 = PCURVE('',#4862,#4882);
#4882 = DEFINITIONAL_REPRESENTATION('',(#4883),#4886);
#4883 = B_SPLINE_CURVE_WITH_KNOTS('',1,(#4884,#4885),.UNSPECIFIED.,.F.,
  .F.,(2,2),(-5.999999928008E-07,4.2000006),.PIECEWISE_BEZIER_KNOTS.);
#4884 = CARTESIAN_POINT('',(34.725105041948,58.7499994));
#4885 = CARTESIAN_POINT('',(34.725105041948,62.9500006));
#4886 = ( GEOMETRIC_REPRESENTATION_CONTEXT(2) 
PARAMETRIC_REPRESENTATION_CONTEXT() REPRESENTATION_CONTEXT('2D SPACE',''
  ) );
#4887 = ORIENTED_EDGE('',*,*,#4888,.F.);
#4888 = EDGE_CURVE('',#4889,#4874,#4891,.T.);
#4889 = VERTEX_POINT('',#4890);
#4890 = CARTESIAN_POINT('',(108.12265380851,256.85,-30.5));
#4891 = SURFACE_CURVE('',#4892,(#4896),.PCURVE_S1.);
#4892 = LINE('',#4893,#4894);
#4893 = CARTESIAN_POINT('',(57.8,256.85,-30.5));
#4894 = VECTOR('',#4895,1.);
#4895 = DIRECTION('',(1.,0.,0.));
#4896 = PCURVE('',#4862,#4897);
#4897 = DEFINITIONAL_REPRESENTATION('',(#4898),#4901);
#4898 = B_SPLINE_CURVE_WITH_KNOTS('',1,(#4899,#4900),.UNSPECIFIED.,.F.,
  .F.,(2,2),(-103.15,57.55),.PIECEWISE_BEZIER_KNOTS.);
#4899 = CARTESIAN_POINT('',(-125.95,62.95));
#4900 = CARTESIAN_POINT('',(34.75,62.95));
#4901 = ( GEOMETRIC_REPRESENTATION_CONTEXT(2) 
PARAMETRIC_REPRESENTATION_CONTEXT() REPRESENTATION_CONTEXT('2D SPACE',''
  ) );
#4902 = ORIENTED_EDGE('',*,*,#4903,.F.);
#4903 = EDGE_CURVE('',#4852,#4889,#4904,.T.);
#4904 = SURFACE_CURVE('',#4905,(#4909),.PCURVE_S1.);
#4905 = LINE('',#4906,#4907);
#4906 = CARTESIAN_POINT('',(108.12265380851,252.65,-30.5));
#4907 = VECTOR('',#4908,1.);
#4908 = DIRECTION('',(0.,1.,0.));
#4909 = PCURVE('',#4862,#4910);
#4910 = DEFINITIONAL_REPRESENTATION('',(#4911),#4914);
#4911 = B_SPLINE_CURVE_WITH_KNOTS('',1,(#4912,#4913),.UNSPECIFIED.,.F.,
  .F.,(2,2),(-5.999999928008E-07,4.2000006),.PIECEWISE_BEZIER_KNOTS.);
#4912 = CARTESIAN_POINT('',(27.522653808515,58.7499994));
#4913 = CARTESIAN_POINT('',(27.522653808515,62.9500006));
#4914 = ( GEOMETRIC_REPRESENTATION_CONTEXT(2) 
PARAMETRIC_REPRESENTATION_CONTEXT() REPRESENTATION_CONTEXT('2D SPACE',''
  ) );
#4915 = SHELL_BASED_SURFACE_MODEL('',(#4916));
#4916 = OPEN_SHELL('',(#4917));
#4917 = ADVANCED_FACE('',(#4918),#4932,.T.);
#4918 = FACE_BOUND('',#4919,.T.);
#4919 = EDGE_LOOP('',(#4920,#4942,#4957,#4972));
#4920 = ORIENTED_EDGE('',*,*,#4921,.F.);
#4921 = EDGE_CURVE('',#4922,#4924,#4926,.T.);
#4922 = VERTEX_POINT('',#4923);
#4923 = CARTESIAN_POINT('',(-45.32510504194,257.35,-30.5));
#4924 = VERTEX_POINT('',#4925);
#4925 = CARTESIAN_POINT('',(-45.32510504194,261.55,-30.5));
#4926 = SURFACE_CURVE('',#4927,(#4931),.PCURVE_S1.);
#4927 = LINE('',#4928,#4929);
#4928 = CARTESIAN_POINT('',(-45.32510504194,257.35,-30.5));
#4929 = VECTOR('',#4930,1.);
#4930 = DIRECTION('',(0.,1.,0.));
#4931 = PCURVE('',#4932,#4937);
#4932 = PLANE('',#4933);
#4933 = AXIS2_PLACEMENT_3D('',#4934,#4935,#4936);
#4934 = CARTESIAN_POINT('',(80.6,193.9,-30.5));
#4935 = DIRECTION('',(0.,0.,1.));
#4936 = DIRECTION('',(1.,0.,-0.));
#4937 = DEFINITIONAL_REPRESENTATION('',(#4938),#4941);
#4938 = B_SPLINE_CURVE_WITH_KNOTS('',1,(#4939,#4940),.UNSPECIFIED.,.F.,
  .F.,(2,2),(-6.000000212225E-07,4.2000006),.PIECEWISE_BEZIER_KNOTS.);
#4939 = CARTESIAN_POINT('',(-125.9251050419,63.4499994));
#4940 = CARTESIAN_POINT('',(-125.9251050419,67.6500006));
#4941 = ( GEOMETRIC_REPRESENTATION_CONTEXT(2) 
PARAMETRIC_REPRESENTATION_CONTEXT() REPRESENTATION_CONTEXT('2D SPACE',''
  ) );
#4942 = ORIENTED_EDGE('',*,*,#4943,.T.);
#4943 = EDGE_CURVE('',#4922,#4944,#4946,.T.);
#4944 = VERTEX_POINT('',#4945);
#4945 = CARTESIAN_POINT('',(-38.12265380851,257.35,-30.5));
#4946 = SURFACE_CURVE('',#4947,(#4951),.PCURVE_S1.);
#4947 = LINE('',#4948,#4949);
#4948 = CARTESIAN_POINT('',(57.8,257.35,-30.5));
#4949 = VECTOR('',#4950,1.);
#4950 = DIRECTION('',(1.,0.,0.));
#4951 = PCURVE('',#4932,#4952);
#4952 = DEFINITIONAL_REPRESENTATION('',(#4953),#4956);
#4953 = B_SPLINE_CURVE_WITH_KNOTS('',1,(#4954,#4955),.UNSPECIFIED.,.F.,
  .F.,(2,2),(-103.15,57.55),.PIECEWISE_BEZIER_KNOTS.);
#4954 = CARTESIAN_POINT('',(-125.95,63.45));
#4955 = CARTESIAN_POINT('',(34.75,63.45));
#4956 = ( GEOMETRIC_REPRESENTATION_CONTEXT(2) 
PARAMETRIC_REPRESENTATION_CONTEXT() REPRESENTATION_CONTEXT('2D SPACE',''
  ) );
#4957 = ORIENTED_EDGE('',*,*,#4958,.T.);
#4958 = EDGE_CURVE('',#4944,#4959,#4961,.T.);
#4959 = VERTEX_POINT('',#4960);
#4960 = CARTESIAN_POINT('',(-38.12265380851,261.55,-30.5));
#4961 = SURFACE_CURVE('',#4962,(#4966),.PCURVE_S1.);
#4962 = LINE('',#4963,#4964);
#4963 = CARTESIAN_POINT('',(-38.12265380851,257.35,-30.5));
#4964 = VECTOR('',#4965,1.);
#4965 = DIRECTION('',(0.,1.,0.));
#4966 = PCURVE('',#4932,#4967);
#4967 = DEFINITIONAL_REPRESENTATION('',(#4968),#4971);
#4968 = B_SPLINE_CURVE_WITH_KNOTS('',1,(#4969,#4970),.UNSPECIFIED.,.F.,
  .F.,(2,2),(-6.000000212225E-07,4.2000006),.PIECEWISE_BEZIER_KNOTS.);
#4969 = CARTESIAN_POINT('',(-118.7226538085,63.4499994));
#4970 = CARTESIAN_POINT('',(-118.7226538085,67.6500006));
#4971 = ( GEOMETRIC_REPRESENTATION_CONTEXT(2) 
PARAMETRIC_REPRESENTATION_CONTEXT() REPRESENTATION_CONTEXT('2D SPACE',''
  ) );
#4972 = ORIENTED_EDGE('',*,*,#4973,.F.);
#4973 = EDGE_CURVE('',#4924,#4959,#4974,.T.);
#4974 = SURFACE_CURVE('',#4975,(#4979),.PCURVE_S1.);
#4975 = LINE('',#4976,#4977);
#4976 = CARTESIAN_POINT('',(57.8,261.55,-30.5));
#4977 = VECTOR('',#4978,1.);
#4978 = DIRECTION('',(1.,0.,0.));
#4979 = PCURVE('',#4932,#4980);
#4980 = DEFINITIONAL_REPRESENTATION('',(#4981),#4984);
#4981 = B_SPLINE_CURVE_WITH_KNOTS('',1,(#4982,#4983),.UNSPECIFIED.,.F.,
  .F.,(2,2),(-103.15,57.55),.PIECEWISE_BEZIER_KNOTS.);
#4982 = CARTESIAN_POINT('',(-125.95,67.65));
#4983 = CARTESIAN_POINT('',(34.75,67.65));
#4984 = ( GEOMETRIC_REPRESENTATION_CONTEXT(2) 
PARAMETRIC_REPRESENTATION_CONTEXT() REPRESENTATION_CONTEXT('2D SPACE',''
  ) );
#4985 = SHELL_BASED_SURFACE_MODEL('',(#4986));
#4986 = OPEN_SHELL('',(#4987));
#4987 = ADVANCED_FACE('',(#4988),#5002,.T.);
#4988 = FACE_BOUND('',#4989,.T.);
#4989 = EDGE_LOOP('',(#4990,#5012,#5027,#5042));
#4990 = ORIENTED_EDGE('',*,*,#4991,.T.);
#4991 = EDGE_CURVE('',#4992,#4994,#4996,.T.);
#4992 = VERTEX_POINT('',#4993);
#4993 = CARTESIAN_POINT('',(108.12265380851,257.35,-30.5));
#4994 = VERTEX_POINT('',#4995);
#4995 = CARTESIAN_POINT('',(115.32510504194,257.35,-30.5));
#4996 = SURFACE_CURVE('',#4997,(#5001),.PCURVE_S1.);
#4997 = LINE('',#4998,#4999);
#4998 = CARTESIAN_POINT('',(57.8,257.35,-30.5));
#4999 = VECTOR('',#5000,1.);
#5000 = DIRECTION('',(1.,0.,0.));
#5001 = PCURVE('',#5002,#5007);
#5002 = PLANE('',#5003);
#5003 = AXIS2_PLACEMENT_3D('',#5004,#5005,#5006);
#5004 = CARTESIAN_POINT('',(80.6,193.9,-30.5));
#5005 = DIRECTION('',(0.,0.,1.));
#5006 = DIRECTION('',(1.,0.,-0.));
#5007 = DEFINITIONAL_REPRESENTATION('',(#5008),#5011);
#5008 = B_SPLINE_CURVE_WITH_KNOTS('',1,(#5009,#5010),.UNSPECIFIED.,.F.,
  .F.,(2,2),(-103.15,57.55),.PIECEWISE_BEZIER_KNOTS.);
#5009 = CARTESIAN_POINT('',(-125.95,63.45));
#5010 = CARTESIAN_POINT('',(34.75,63.45));
#5011 = ( GEOMETRIC_REPRESENTATION_CONTEXT(2) 
PARAMETRIC_REPRESENTATION_CONTEXT() REPRESENTATION_CONTEXT('2D SPACE',''
  ) );
#5012 = ORIENTED_EDGE('',*,*,#5013,.T.);
#5013 = EDGE_CURVE('',#4994,#5014,#5016,.T.);
#5014 = VERTEX_POINT('',#5015);
#5015 = CARTESIAN_POINT('',(115.32510504194,261.55,-30.5));
#5016 = SURFACE_CURVE('',#5017,(#5021),.PCURVE_S1.);
#5017 = LINE('',#5018,#5019);
#5018 = CARTESIAN_POINT('',(115.32510504194,257.35,-30.5));
#5019 = VECTOR('',#5020,1.);
#5020 = DIRECTION('',(0.,1.,0.));
#5021 = PCURVE('',#5002,#5022);
#5022 = DEFINITIONAL_REPRESENTATION('',(#5023),#5026);
#5023 = B_SPLINE_CURVE_WITH_KNOTS('',1,(#5024,#5025),.UNSPECIFIED.,.F.,
  .F.,(2,2),(-6.000000212225E-07,4.2000006),.PIECEWISE_BEZIER_KNOTS.);
#5024 = CARTESIAN_POINT('',(34.725105041948,63.4499994));
#5025 = CARTESIAN_POINT('',(34.725105041948,67.6500006));
#5026 = ( GEOMETRIC_REPRESENTATION_CONTEXT(2) 
PARAMETRIC_REPRESENTATION_CONTEXT() REPRESENTATION_CONTEXT('2D SPACE',''
  ) );
#5027 = ORIENTED_EDGE('',*,*,#5028,.F.);
#5028 = EDGE_CURVE('',#5029,#5014,#5031,.T.);
#5029 = VERTEX_POINT('',#5030);
#5030 = CARTESIAN_POINT('',(108.12265380851,261.55,-30.5));
#5031 = SURFACE_CURVE('',#5032,(#5036),.PCURVE_S1.);
#5032 = LINE('',#5033,#5034);
#5033 = CARTESIAN_POINT('',(57.8,261.55,-30.5));
#5034 = VECTOR('',#5035,1.);
#5035 = DIRECTION('',(1.,0.,0.));
#5036 = PCURVE('',#5002,#5037);
#5037 = DEFINITIONAL_REPRESENTATION('',(#5038),#5041);
#5038 = B_SPLINE_CURVE_WITH_KNOTS('',1,(#5039,#5040),.UNSPECIFIED.,.F.,
  .F.,(2,2),(-103.15,57.55),.PIECEWISE_BEZIER_KNOTS.);
#5039 = CARTESIAN_POINT('',(-125.95,67.65));
#5040 = CARTESIAN_POINT('',(34.75,67.65));
#5041 = ( GEOMETRIC_REPRESENTATION_CONTEXT(2) 
PARAMETRIC_REPRESENTATION_CONTEXT() REPRESENTATION_CONTEXT('2D SPACE',''
  ) );
#5042 = ORIENTED_EDGE('',*,*,#5043,.F.);
#5043 = EDGE_CURVE('',#4992,#5029,#5044,.T.);
#5044 = SURFACE_CURVE('',#5045,(#5049),.PCURVE_S1.);
#5045 = LINE('',#5046,#5047);
#5046 = CARTESIAN_POINT('',(108.12265380851,257.35,-30.5));
#5047 = VECTOR('',#5048,1.);
#5048 = DIRECTION('',(0.,1.,0.));
#5049 = PCURVE('',#5002,#5050);
#5050 = DEFINITIONAL_REPRESENTATION('',(#5051),#5054);
#5051 = B_SPLINE_CURVE_WITH_KNOTS('',1,(#5052,#5053),.UNSPECIFIED.,.F.,
  .F.,(2,2),(-6.000000212225E-07,4.2000006),.PIECEWISE_BEZIER_KNOTS.);
#5052 = CARTESIAN_POINT('',(27.522653808515,63.4499994));
#5053 = CARTESIAN_POINT('',(27.522653808515,67.6500006));
#5054 = ( GEOMETRIC_REPRESENTATION_CONTEXT(2) 
PARAMETRIC_REPRESENTATION_CONTEXT() REPRESENTATION_CONTEXT('2D SPACE',''
  ) );
#5055 = SHELL_BASED_SURFACE_MODEL('',(#5056));
#5056 = OPEN_SHELL('',(#5057));
#5057 = ADVANCED_FACE('',(#5058),#5072,.T.);
#5058 = FACE_BOUND('',#5059,.T.);
#5059 = EDGE_LOOP('',(#5060,#5082,#5097,#5112));
#5060 = ORIENTED_EDGE('',*,*,#5061,.F.);
#5061 = EDGE_CURVE('',#5062,#5064,#5066,.T.);
#5062 = VERTEX_POINT('',#5063);
#5063 = CARTESIAN_POINT('',(-45.32510504194,262.05,-30.5));
#5064 = VERTEX_POINT('',#5065);
#5065 = CARTESIAN_POINT('',(-45.32510504194,266.25,-30.5));
#5066 = SURFACE_CURVE('',#5067,(#5071),.PCURVE_S1.);
#5067 = LINE('',#5068,#5069);
#5068 = CARTESIAN_POINT('',(-45.32510504194,262.05,-30.5));
#5069 = VECTOR('',#5070,1.);
#5070 = DIRECTION('',(0.,1.,0.));
#5071 = PCURVE('',#5072,#5077);
#5072 = PLANE('',#5073);
#5073 = AXIS2_PLACEMENT_3D('',#5074,#5075,#5076);
#5074 = CARTESIAN_POINT('',(80.6,193.9,-30.5));
#5075 = DIRECTION('',(0.,0.,1.));
#5076 = DIRECTION('',(1.,0.,-0.));
#5077 = DEFINITIONAL_REPRESENTATION('',(#5078),#5081);
#5078 = B_SPLINE_CURVE_WITH_KNOTS('',1,(#5079,#5080),.UNSPECIFIED.,.F.,
  .F.,(2,2),(-6.000000212225E-07,4.2000006),.PIECEWISE_BEZIER_KNOTS.);
#5079 = CARTESIAN_POINT('',(-125.9251050419,68.1499994));
#5080 = CARTESIAN_POINT('',(-125.9251050419,72.3500006));
#5081 = ( GEOMETRIC_REPRESENTATION_CONTEXT(2) 
PARAMETRIC_REPRESENTATION_CONTEXT() REPRESENTATION_CONTEXT('2D SPACE',''
  ) );
#5082 = ORIENTED_EDGE('',*,*,#5083,.T.);
#5083 = EDGE_CURVE('',#5062,#5084,#5086,.T.);
#5084 = VERTEX_POINT('',#5085);
#5085 = CARTESIAN_POINT('',(-38.12265380851,262.05,-30.5));
#5086 = SURFACE_CURVE('',#5087,(#5091),.PCURVE_S1.);
#5087 = LINE('',#5088,#5089);
#5088 = CARTESIAN_POINT('',(57.8,262.05,-30.5));
#5089 = VECTOR('',#5090,1.);
#5090 = DIRECTION('',(1.,0.,0.));
#5091 = PCURVE('',#5072,#5092);
#5092 = DEFINITIONAL_REPRESENTATION('',(#5093),#5096);
#5093 = B_SPLINE_CURVE_WITH_KNOTS('',1,(#5094,#5095),.UNSPECIFIED.,.F.,
  .F.,(2,2),(-103.15,57.55),.PIECEWISE_BEZIER_KNOTS.);
#5094 = CARTESIAN_POINT('',(-125.95,68.15));
#5095 = CARTESIAN_POINT('',(34.75,68.15));
#5096 = ( GEOMETRIC_REPRESENTATION_CONTEXT(2) 
PARAMETRIC_REPRESENTATION_CONTEXT() REPRESENTATION_CONTEXT('2D SPACE',''
  ) );
#5097 = ORIENTED_EDGE('',*,*,#5098,.T.);
#5098 = EDGE_CURVE('',#5084,#5099,#5101,.T.);
#5099 = VERTEX_POINT('',#5100);
#5100 = CARTESIAN_POINT('',(-38.12265380851,266.25,-30.5));
#5101 = SURFACE_CURVE('',#5102,(#5106),.PCURVE_S1.);
#5102 = LINE('',#5103,#5104);
#5103 = CARTESIAN_POINT('',(-38.12265380851,262.05,-30.5));
#5104 = VECTOR('',#5105,1.);
#5105 = DIRECTION('',(0.,1.,0.));
#5106 = PCURVE('',#5072,#5107);
#5107 = DEFINITIONAL_REPRESENTATION('',(#5108),#5111);
#5108 = B_SPLINE_CURVE_WITH_KNOTS('',1,(#5109,#5110),.UNSPECIFIED.,.F.,
  .F.,(2,2),(-6.000000212225E-07,4.2000006),.PIECEWISE_BEZIER_KNOTS.);
#5109 = CARTESIAN_POINT('',(-118.7226538085,68.1499994));
#5110 = CARTESIAN_POINT('',(-118.7226538085,72.3500006));
#5111 = ( GEOMETRIC_REPRESENTATION_CONTEXT(2) 
PARAMETRIC_REPRESENTATION_CONTEXT() REPRESENTATION_CONTEXT('2D SPACE',''
  ) );
#5112 = ORIENTED_EDGE('',*,*,#5113,.F.);
#5113 = EDGE_CURVE('',#5064,#5099,#5114,.T.);
#5114 = SURFACE_CURVE('',#5115,(#5119),.PCURVE_S1.);
#5115 = LINE('',#5116,#5117);
#5116 = CARTESIAN_POINT('',(57.8,266.25,-30.5));
#5117 = VECTOR('',#5118,1.);
#5118 = DIRECTION('',(1.,0.,0.));
#5119 = PCURVE('',#5072,#5120);
#5120 = DEFINITIONAL_REPRESENTATION('',(#5121),#5124);
#5121 = B_SPLINE_CURVE_WITH_KNOTS('',1,(#5122,#5123),.UNSPECIFIED.,.F.,
  .F.,(2,2),(-103.15,57.55),.PIECEWISE_BEZIER_KNOTS.);
#5122 = CARTESIAN_POINT('',(-125.95,72.35));
#5123 = CARTESIAN_POINT('',(34.75,72.35));
#5124 = ( GEOMETRIC_REPRESENTATION_CONTEXT(2) 
PARAMETRIC_REPRESENTATION_CONTEXT() REPRESENTATION_CONTEXT('2D SPACE',''
  ) );
#5125 = SHELL_BASED_SURFACE_MODEL('',(#5126));
#5126 = OPEN_SHELL('',(#5127));
#5127 = ADVANCED_FACE('',(#5128),#5142,.T.);
#5128 = FACE_BOUND('',#5129,.T.);
#5129 = EDGE_LOOP('',(#5130,#5152,#5167,#5182));
#5130 = ORIENTED_EDGE('',*,*,#5131,.T.);
#5131 = EDGE_CURVE('',#5132,#5134,#5136,.T.);
#5132 = VERTEX_POINT('',#5133);
#5133 = CARTESIAN_POINT('',(108.12265380851,262.05,-30.5));
#5134 = VERTEX_POINT('',#5135);
#5135 = CARTESIAN_POINT('',(115.32510504194,262.05,-30.5));
#5136 = SURFACE_CURVE('',#5137,(#5141),.PCURVE_S1.);
#5137 = LINE('',#5138,#5139);
#5138 = CARTESIAN_POINT('',(57.8,262.05,-30.5));
#5139 = VECTOR('',#5140,1.);
#5140 = DIRECTION('',(1.,0.,0.));
#5141 = PCURVE('',#5142,#5147);
#5142 = PLANE('',#5143);
#5143 = AXIS2_PLACEMENT_3D('',#5144,#5145,#5146);
#5144 = CARTESIAN_POINT('',(80.6,193.9,-30.5));
#5145 = DIRECTION('',(0.,0.,1.));
#5146 = DIRECTION('',(1.,0.,-0.));
#5147 = DEFINITIONAL_REPRESENTATION('',(#5148),#5151);
#5148 = B_SPLINE_CURVE_WITH_KNOTS('',1,(#5149,#5150),.UNSPECIFIED.,.F.,
  .F.,(2,2),(-103.15,57.55),.PIECEWISE_BEZIER_KNOTS.);
#5149 = CARTESIAN_POINT('',(-125.95,68.15));
#5150 = CARTESIAN_POINT('',(34.75,68.15));
#5151 = ( GEOMETRIC_REPRESENTATION_CONTEXT(2) 
PARAMETRIC_REPRESENTATION_CONTEXT() REPRESENTATION_CONTEXT('2D SPACE',''
  ) );
#5152 = ORIENTED_EDGE('',*,*,#5153,.T.);
#5153 = EDGE_CURVE('',#5134,#5154,#5156,.T.);
#5154 = VERTEX_POINT('',#5155);
#5155 = CARTESIAN_POINT('',(115.32510504194,266.25,-30.5));
#5156 = SURFACE_CURVE('',#5157,(#5161),.PCURVE_S1.);
#5157 = LINE('',#5158,#5159);
#5158 = CARTESIAN_POINT('',(115.32510504194,262.05,-30.5));
#5159 = VECTOR('',#5160,1.);
#5160 = DIRECTION('',(0.,1.,0.));
#5161 = PCURVE('',#5142,#5162);
#5162 = DEFINITIONAL_REPRESENTATION('',(#5163),#5166);
#5163 = B_SPLINE_CURVE_WITH_KNOTS('',1,(#5164,#5165),.UNSPECIFIED.,.F.,
  .F.,(2,2),(-6.000000212225E-07,4.2000006),.PIECEWISE_BEZIER_KNOTS.);
#5164 = CARTESIAN_POINT('',(34.725105041948,68.1499994));
#5165 = CARTESIAN_POINT('',(34.725105041948,72.3500006));
#5166 = ( GEOMETRIC_REPRESENTATION_CONTEXT(2) 
PARAMETRIC_REPRESENTATION_CONTEXT() REPRESENTATION_CONTEXT('2D SPACE',''
  ) );
#5167 = ORIENTED_EDGE('',*,*,#5168,.F.);
#5168 = EDGE_CURVE('',#5169,#5154,#5171,.T.);
#5169 = VERTEX_POINT('',#5170);
#5170 = CARTESIAN_POINT('',(108.12265380851,266.25,-30.5));
#5171 = SURFACE_CURVE('',#5172,(#5176),.PCURVE_S1.);
#5172 = LINE('',#5173,#5174);
#5173 = CARTESIAN_POINT('',(57.8,266.25,-30.5));
#5174 = VECTOR('',#5175,1.);
#5175 = DIRECTION('',(1.,0.,0.));
#5176 = PCURVE('',#5142,#5177);
#5177 = DEFINITIONAL_REPRESENTATION('',(#5178),#5181);
#5178 = B_SPLINE_CURVE_WITH_KNOTS('',1,(#5179,#5180),.UNSPECIFIED.,.F.,
  .F.,(2,2),(-103.15,57.55),.PIECEWISE_BEZIER_KNOTS.);
#5179 = CARTESIAN_POINT('',(-125.95,72.35));
#5180 = CARTESIAN_POINT('',(34.75,72.35));
#5181 = ( GEOMETRIC_REPRESENTATION_CONTEXT(2) 
PARAMETRIC_REPRESENTATION_CONTEXT() REPRESENTATION_CONTEXT('2D SPACE',''
  ) );
#5182 = ORIENTED_EDGE('',*,*,#5183,.F.);
#5183 = EDGE_CURVE('',#5132,#5169,#5184,.T.);
#5184 = SURFACE_CURVE('',#5185,(#5189),.PCURVE_S1.);
#5185 = LINE('',#5186,#5187);
#5186 = CARTESIAN_POINT('',(108.12265380851,262.05,-30.5));
#5187 = VECTOR('',#5188,1.);
#5188 = DIRECTION('',(0.,1.,0.));
#5189 = PCURVE('',#5142,#5190);
#5190 = DEFINITIONAL_REPRESENTATION('',(#5191),#5194);
#5191 = B_SPLINE_CURVE_WITH_KNOTS('',1,(#5192,#5193),.UNSPECIFIED.,.F.,
  .F.,(2,2),(-6.000000212225E-07,4.2000006),.PIECEWISE_BEZIER_KNOTS.);
#5192 = CARTESIAN_POINT('',(27.522653808515,68.1499994));
#5193 = CARTESIAN_POINT('',(27.522653808515,72.3500006));
#5194 = ( GEOMETRIC_REPRESENTATION_CONTEXT(2) 
PARAMETRIC_REPRESENTATION_CONTEXT() REPRESENTATION_CONTEXT('2D SPACE',''
  ) );
#5195 = SHELL_BASED_SURFACE_MODEL('',(#5196));
#5196 = OPEN_SHELL('',(#5197));
#5197 = ADVANCED_FACE('',(#5198),#5212,.T.);
#5198 = FACE_BOUND('',#5199,.T.);
#5199 = EDGE_LOOP('',(#5200,#5222,#5237,#5252));
#5200 = ORIENTED_EDGE('',*,*,#5201,.F.);
#5201 = EDGE_CURVE('',#5202,#5204,#5206,.T.);
#5202 = VERTEX_POINT('',#5203);
#5203 = CARTESIAN_POINT('',(-45.32510504194,266.75,-30.5));
#5204 = VERTEX_POINT('',#5205);
#5205 = CARTESIAN_POINT('',(-45.32510504194,270.95,-30.5));
#5206 = SURFACE_CURVE('',#5207,(#5211),.PCURVE_S1.);
#5207 = LINE('',#5208,#5209);
#5208 = CARTESIAN_POINT('',(-45.32510504194,266.75,-30.5));
#5209 = VECTOR('',#5210,1.);
#5210 = DIRECTION('',(0.,1.,0.));
#5211 = PCURVE('',#5212,#5217);
#5212 = PLANE('',#5213);
#5213 = AXIS2_PLACEMENT_3D('',#5214,#5215,#5216);
#5214 = CARTESIAN_POINT('',(80.6,193.9,-30.5));
#5215 = DIRECTION('',(0.,0.,1.));
#5216 = DIRECTION('',(1.,0.,-0.));
#5217 = DEFINITIONAL_REPRESENTATION('',(#5218),#5221);
#5218 = B_SPLINE_CURVE_WITH_KNOTS('',1,(#5219,#5220),.UNSPECIFIED.,.F.,
  .F.,(2,2),(-6.000000212225E-07,4.2000006),.PIECEWISE_BEZIER_KNOTS.);
#5219 = CARTESIAN_POINT('',(-125.9251050419,72.8499994));
#5220 = CARTESIAN_POINT('',(-125.9251050419,77.0500006));
#5221 = ( GEOMETRIC_REPRESENTATION_CONTEXT(2) 
PARAMETRIC_REPRESENTATION_CONTEXT() REPRESENTATION_CONTEXT('2D SPACE',''
  ) );
#5222 = ORIENTED_EDGE('',*,*,#5223,.T.);
#5223 = EDGE_CURVE('',#5202,#5224,#5226,.T.);
#5224 = VERTEX_POINT('',#5225);
#5225 = CARTESIAN_POINT('',(-38.12265380851,266.75,-30.5));
#5226 = SURFACE_CURVE('',#5227,(#5231),.PCURVE_S1.);
#5227 = LINE('',#5228,#5229);
#5228 = CARTESIAN_POINT('',(57.8,266.75,-30.5));
#5229 = VECTOR('',#5230,1.);
#5230 = DIRECTION('',(1.,0.,0.));
#5231 = PCURVE('',#5212,#5232);
#5232 = DEFINITIONAL_REPRESENTATION('',(#5233),#5236);
#5233 = B_SPLINE_CURVE_WITH_KNOTS('',1,(#5234,#5235),.UNSPECIFIED.,.F.,
  .F.,(2,2),(-103.15,57.55),.PIECEWISE_BEZIER_KNOTS.);
#5234 = CARTESIAN_POINT('',(-125.95,72.85));
#5235 = CARTESIAN_POINT('',(34.75,72.85));
#5236 = ( GEOMETRIC_REPRESENTATION_CONTEXT(2) 
PARAMETRIC_REPRESENTATION_CONTEXT() REPRESENTATION_CONTEXT('2D SPACE',''
  ) );
#5237 = ORIENTED_EDGE('',*,*,#5238,.T.);
#5238 = EDGE_CURVE('',#5224,#5239,#5241,.T.);
#5239 = VERTEX_POINT('',#5240);
#5240 = CARTESIAN_POINT('',(-38.12265380851,270.95,-30.5));
#5241 = SURFACE_CURVE('',#5242,(#5246),.PCURVE_S1.);
#5242 = LINE('',#5243,#5244);
#5243 = CARTESIAN_POINT('',(-38.12265380851,266.75,-30.5));
#5244 = VECTOR('',#5245,1.);
#5245 = DIRECTION('',(0.,1.,0.));
#5246 = PCURVE('',#5212,#5247);
#5247 = DEFINITIONAL_REPRESENTATION('',(#5248),#5251);
#5248 = B_SPLINE_CURVE_WITH_KNOTS('',1,(#5249,#5250),.UNSPECIFIED.,.F.,
  .F.,(2,2),(-6.000000212225E-07,4.2000006),.PIECEWISE_BEZIER_KNOTS.);
#5249 = CARTESIAN_POINT('',(-118.7226538085,72.8499994));
#5250 = CARTESIAN_POINT('',(-118.7226538085,77.0500006));
#5251 = ( GEOMETRIC_REPRESENTATION_CONTEXT(2) 
PARAMETRIC_REPRESENTATION_CONTEXT() REPRESENTATION_CONTEXT('2D SPACE',''
  ) );
#5252 = ORIENTED_EDGE('',*,*,#5253,.F.);
#5253 = EDGE_CURVE('',#5204,#5239,#5254,.T.);
#5254 = SURFACE_CURVE('',#5255,(#5259),.PCURVE_S1.);
#5255 = LINE('',#5256,#5257);
#5256 = CARTESIAN_POINT('',(57.8,270.95,-30.5));
#5257 = VECTOR('',#5258,1.);
#5258 = DIRECTION('',(1.,0.,0.));
#5259 = PCURVE('',#5212,#5260);
#5260 = DEFINITIONAL_REPRESENTATION('',(#5261),#5264);
#5261 = B_SPLINE_CURVE_WITH_KNOTS('',1,(#5262,#5263),.UNSPECIFIED.,.F.,
  .F.,(2,2),(-103.15,57.55),.PIECEWISE_BEZIER_KNOTS.);
#5262 = CARTESIAN_POINT('',(-125.95,77.05));
#5263 = CARTESIAN_POINT('',(34.75,77.05));
#5264 = ( GEOMETRIC_REPRESENTATION_CONTEXT(2) 
PARAMETRIC_REPRESENTATION_CONTEXT() REPRESENTATION_CONTEXT('2D SPACE',''
  ) );
#5265 = SHELL_BASED_SURFACE_MODEL('',(#5266));
#5266 = OPEN_SHELL('',(#5267));
#5267 = ADVANCED_FACE('',(#5268),#5282,.T.);
#5268 = FACE_BOUND('',#5269,.T.);
#5269 = EDGE_LOOP('',(#5270,#5292,#5307,#5322));
#5270 = ORIENTED_EDGE('',*,*,#5271,.T.);
#5271 = EDGE_CURVE('',#5272,#5274,#5276,.T.);
#5272 = VERTEX_POINT('',#5273);
#5273 = CARTESIAN_POINT('',(108.12265380851,266.75,-30.5));
#5274 = VERTEX_POINT('',#5275);
#5275 = CARTESIAN_POINT('',(115.32510504194,266.75,-30.5));
#5276 = SURFACE_CURVE('',#5277,(#5281),.PCURVE_S1.);
#5277 = LINE('',#5278,#5279);
#5278 = CARTESIAN_POINT('',(57.8,266.75,-30.5));
#5279 = VECTOR('',#5280,1.);
#5280 = DIRECTION('',(1.,0.,0.));
#5281 = PCURVE('',#5282,#5287);
#5282 = PLANE('',#5283);
#5283 = AXIS2_PLACEMENT_3D('',#5284,#5285,#5286);
#5284 = CARTESIAN_POINT('',(80.6,193.9,-30.5));
#5285 = DIRECTION('',(0.,0.,1.));
#5286 = DIRECTION('',(1.,0.,-0.));
#5287 = DEFINITIONAL_REPRESENTATION('',(#5288),#5291);
#5288 = B_SPLINE_CURVE_WITH_KNOTS('',1,(#5289,#5290),.UNSPECIFIED.,.F.,
  .F.,(2,2),(-103.15,57.55),.PIECEWISE_BEZIER_KNOTS.);
#5289 = CARTESIAN_POINT('',(-125.95,72.85));
#5290 = CARTESIAN_POINT('',(34.75,72.85));
#5291 = ( GEOMETRIC_REPRESENTATION_CONTEXT(2) 
PARAMETRIC_REPRESENTATION_CONTEXT() REPRESENTATION_CONTEXT('2D SPACE',''
  ) );
#5292 = ORIENTED_EDGE('',*,*,#5293,.T.);
#5293 = EDGE_CURVE('',#5274,#5294,#5296,.T.);
#5294 = VERTEX_POINT('',#5295);
#5295 = CARTESIAN_POINT('',(115.32510504194,270.95,-30.5));
#5296 = SURFACE_CURVE('',#5297,(#5301),.PCURVE_S1.);
#5297 = LINE('',#5298,#5299);
#5298 = CARTESIAN_POINT('',(115.32510504194,266.75,-30.5));
#5299 = VECTOR('',#5300,1.);
#5300 = DIRECTION('',(0.,1.,0.));
#5301 = PCURVE('',#5282,#5302);
#5302 = DEFINITIONAL_REPRESENTATION('',(#5303),#5306);
#5303 = B_SPLINE_CURVE_WITH_KNOTS('',1,(#5304,#5305),.UNSPECIFIED.,.F.,
  .F.,(2,2),(-6.000000212225E-07,4.2000006),.PIECEWISE_BEZIER_KNOTS.);
#5304 = CARTESIAN_POINT('',(34.725105041948,72.8499994));
#5305 = CARTESIAN_POINT('',(34.725105041948,77.0500006));
#5306 = ( GEOMETRIC_REPRESENTATION_CONTEXT(2) 
PARAMETRIC_REPRESENTATION_CONTEXT() REPRESENTATION_CONTEXT('2D SPACE',''
  ) );
#5307 = ORIENTED_EDGE('',*,*,#5308,.F.);
#5308 = EDGE_CURVE('',#5309,#5294,#5311,.T.);
#5309 = VERTEX_POINT('',#5310);
#5310 = CARTESIAN_POINT('',(108.12265380851,270.95,-30.5));
#5311 = SURFACE_CURVE('',#5312,(#5316),.PCURVE_S1.);
#5312 = LINE('',#5313,#5314);
#5313 = CARTESIAN_POINT('',(57.8,270.95,-30.5));
#5314 = VECTOR('',#5315,1.);
#5315 = DIRECTION('',(1.,0.,0.));
#5316 = PCURVE('',#5282,#5317);
#5317 = DEFINITIONAL_REPRESENTATION('',(#5318),#5321);
#5318 = B_SPLINE_CURVE_WITH_KNOTS('',1,(#5319,#5320),.UNSPECIFIED.,.F.,
  .F.,(2,2),(-103.15,57.55),.PIECEWISE_BEZIER_KNOTS.);
#5319 = CARTESIAN_POINT('',(-125.95,77.05));
#5320 = CARTESIAN_POINT('',(34.75,77.05));
#5321 = ( GEOMETRIC_REPRESENTATION_CONTEXT(2) 
PARAMETRIC_REPRESENTATION_CONTEXT() REPRESENTATION_CONTEXT('2D SPACE',''
  ) );
#5322 = ORIENTED_EDGE('',*,*,#5323,.F.);
#5323 = EDGE_CURVE('',#5272,#5309,#5324,.T.);
#5324 = SURFACE_CURVE('',#5325,(#5329),.PCURVE_S1.);
#5325 = LINE('',#5326,#5327);
#5326 = CARTESIAN_POINT('',(108.12265380851,266.75,-30.5));
#5327 = VECTOR('',#5328,1.);
#5328 = DIRECTION('',(0.,1.,0.));
#5329 = PCURVE('',#5282,#5330);
#5330 = DEFINITIONAL_REPRESENTATION('',(#5331),#5334);
#5331 = B_SPLINE_CURVE_WITH_KNOTS('',1,(#5332,#5333),.UNSPECIFIED.,.F.,
  .F.,(2,2),(-6.000000212225E-07,4.2000006),.PIECEWISE_BEZIER_KNOTS.);
#5332 = CARTESIAN_POINT('',(27.522653808515,72.8499994));
#5333 = CARTESIAN_POINT('',(27.522653808515,77.0500006));
#5334 = ( GEOMETRIC_REPRESENTATION_CONTEXT(2) 
PARAMETRIC_REPRESENTATION_CONTEXT() REPRESENTATION_CONTEXT('2D SPACE',''
  ) );
#5335 = SHELL_BASED_SURFACE_MODEL('',(#5336));
#5336 = OPEN_SHELL('',(#5337));
#5337 = ADVANCED_FACE('',(#5338),#5352,.T.);
#5338 = FACE_BOUND('',#5339,.T.);
#5339 = EDGE_LOOP('',(#5340,#5362,#5377,#5392));
#5340 = ORIENTED_EDGE('',*,*,#5341,.F.);
#5341 = EDGE_CURVE('',#5342,#5344,#5346,.T.);
#5342 = VERTEX_POINT('',#5343);
#5343 = CARTESIAN_POINT('',(-45.32510504194,271.45,-30.5));
#5344 = VERTEX_POINT('',#5345);
#5345 = CARTESIAN_POINT('',(-45.32510504194,275.65,-30.5));
#5346 = SURFACE_CURVE('',#5347,(#5351),.PCURVE_S1.);
#5347 = LINE('',#5348,#5349);
#5348 = CARTESIAN_POINT('',(-45.32510504194,271.45,-30.5));
#5349 = VECTOR('',#5350,1.);
#5350 = DIRECTION('',(0.,1.,0.));
#5351 = PCURVE('',#5352,#5357);
#5352 = PLANE('',#5353);
#5353 = AXIS2_PLACEMENT_3D('',#5354,#5355,#5356);
#5354 = CARTESIAN_POINT('',(80.6,193.9,-30.5));
#5355 = DIRECTION('',(0.,0.,1.));
#5356 = DIRECTION('',(1.,0.,-0.));
#5357 = DEFINITIONAL_REPRESENTATION('',(#5358),#5361);
#5358 = B_SPLINE_CURVE_WITH_KNOTS('',1,(#5359,#5360),.UNSPECIFIED.,.F.,
  .F.,(2,2),(-6.000000212225E-07,4.2000006),.PIECEWISE_BEZIER_KNOTS.);
#5359 = CARTESIAN_POINT('',(-125.9251050419,77.5499994));
#5360 = CARTESIAN_POINT('',(-125.9251050419,81.7500006));
#5361 = ( GEOMETRIC_REPRESENTATION_CONTEXT(2) 
PARAMETRIC_REPRESENTATION_CONTEXT() REPRESENTATION_CONTEXT('2D SPACE',''
  ) );
#5362 = ORIENTED_EDGE('',*,*,#5363,.T.);
#5363 = EDGE_CURVE('',#5342,#5364,#5366,.T.);
#5364 = VERTEX_POINT('',#5365);
#5365 = CARTESIAN_POINT('',(-38.12265380851,271.45,-30.5));
#5366 = SURFACE_CURVE('',#5367,(#5371),.PCURVE_S1.);
#5367 = LINE('',#5368,#5369);
#5368 = CARTESIAN_POINT('',(57.8,271.45,-30.5));
#5369 = VECTOR('',#5370,1.);
#5370 = DIRECTION('',(1.,0.,0.));
#5371 = PCURVE('',#5352,#5372);
#5372 = DEFINITIONAL_REPRESENTATION('',(#5373),#5376);
#5373 = B_SPLINE_CURVE_WITH_KNOTS('',1,(#5374,#5375),.UNSPECIFIED.,.F.,
  .F.,(2,2),(-103.15,57.55),.PIECEWISE_BEZIER_KNOTS.);
#5374 = CARTESIAN_POINT('',(-125.95,77.55));
#5375 = CARTESIAN_POINT('',(34.75,77.55));
#5376 = ( GEOMETRIC_REPRESENTATION_CONTEXT(2) 
PARAMETRIC_REPRESENTATION_CONTEXT() REPRESENTATION_CONTEXT('2D SPACE',''
  ) );
#5377 = ORIENTED_EDGE('',*,*,#5378,.T.);
#5378 = EDGE_CURVE('',#5364,#5379,#5381,.T.);
#5379 = VERTEX_POINT('',#5380);
#5380 = CARTESIAN_POINT('',(-38.12265380851,275.65,-30.5));
#5381 = SURFACE_CURVE('',#5382,(#5386),.PCURVE_S1.);
#5382 = LINE('',#5383,#5384);
#5383 = CARTESIAN_POINT('',(-38.12265380851,271.45,-30.5));
#5384 = VECTOR('',#5385,1.);
#5385 = DIRECTION('',(0.,1.,0.));
#5386 = PCURVE('',#5352,#5387);
#5387 = DEFINITIONAL_REPRESENTATION('',(#5388),#5391);
#5388 = B_SPLINE_CURVE_WITH_KNOTS('',1,(#5389,#5390),.UNSPECIFIED.,.F.,
  .F.,(2,2),(-6.000000212225E-07,4.2000006),.PIECEWISE_BEZIER_KNOTS.);
#5389 = CARTESIAN_POINT('',(-118.7226538085,77.5499994));
#5390 = CARTESIAN_POINT('',(-118.7226538085,81.7500006));
#5391 = ( GEOMETRIC_REPRESENTATION_CONTEXT(2) 
PARAMETRIC_REPRESENTATION_CONTEXT() REPRESENTATION_CONTEXT('2D SPACE',''
  ) );
#5392 = ORIENTED_EDGE('',*,*,#5393,.F.);
#5393 = EDGE_CURVE('',#5344,#5379,#5394,.T.);
#5394 = SURFACE_CURVE('',#5395,(#5399),.PCURVE_S1.);
#5395 = LINE('',#5396,#5397);
#5396 = CARTESIAN_POINT('',(57.8,275.65,-30.5));
#5397 = VECTOR('',#5398,1.);
#5398 = DIRECTION('',(1.,0.,0.));
#5399 = PCURVE('',#5352,#5400);
#5400 = DEFINITIONAL_REPRESENTATION('',(#5401),#5404);
#5401 = B_SPLINE_CURVE_WITH_KNOTS('',1,(#5402,#5403),.UNSPECIFIED.,.F.,
  .F.,(2,2),(-103.15,57.55),.PIECEWISE_BEZIER_KNOTS.);
#5402 = CARTESIAN_POINT('',(-125.95,81.75));
#5403 = CARTESIAN_POINT('',(34.75,81.75));
#5404 = ( GEOMETRIC_REPRESENTATION_CONTEXT(2) 
PARAMETRIC_REPRESENTATION_CONTEXT() REPRESENTATION_CONTEXT('2D SPACE',''
  ) );
#5405 = SHELL_BASED_SURFACE_MODEL('',(#5406));
#5406 = OPEN_SHELL('',(#5407));
#5407 = ADVANCED_FACE('',(#5408),#5422,.T.);
#5408 = FACE_BOUND('',#5409,.T.);
#5409 = EDGE_LOOP('',(#5410,#5432,#5447,#5462));
#5410 = ORIENTED_EDGE('',*,*,#5411,.T.);
#5411 = EDGE_CURVE('',#5412,#5414,#5416,.T.);
#5412 = VERTEX_POINT('',#5413);
#5413 = CARTESIAN_POINT('',(108.12265380851,271.45,-30.5));
#5414 = VERTEX_POINT('',#5415);
#5415 = CARTESIAN_POINT('',(115.32510504194,271.45,-30.5));
#5416 = SURFACE_CURVE('',#5417,(#5421),.PCURVE_S1.);
#5417 = LINE('',#5418,#5419);
#5418 = CARTESIAN_POINT('',(57.8,271.45,-30.5));
#5419 = VECTOR('',#5420,1.);
#5420 = DIRECTION('',(1.,0.,0.));
#5421 = PCURVE('',#5422,#5427);
#5422 = PLANE('',#5423);
#5423 = AXIS2_PLACEMENT_3D('',#5424,#5425,#5426);
#5424 = CARTESIAN_POINT('',(80.6,193.9,-30.5));
#5425 = DIRECTION('',(0.,0.,1.));
#5426 = DIRECTION('',(1.,0.,-0.));
#5427 = DEFINITIONAL_REPRESENTATION('',(#5428),#5431);
#5428 = B_SPLINE_CURVE_WITH_KNOTS('',1,(#5429,#5430),.UNSPECIFIED.,.F.,
  .F.,(2,2),(-103.15,57.55),.PIECEWISE_BEZIER_KNOTS.);
#5429 = CARTESIAN_POINT('',(-125.95,77.55));
#5430 = CARTESIAN_POINT('',(34.75,77.55));
#5431 = ( GEOMETRIC_REPRESENTATION_CONTEXT(2) 
PARAMETRIC_REPRESENTATION_CONTEXT() REPRESENTATION_CONTEXT('2D SPACE',''
  ) );
#5432 = ORIENTED_EDGE('',*,*,#5433,.T.);
#5433 = EDGE_CURVE('',#5414,#5434,#5436,.T.);
#5434 = VERTEX_POINT('',#5435);
#5435 = CARTESIAN_POINT('',(115.32510504194,275.65,-30.5));
#5436 = SURFACE_CURVE('',#5437,(#5441),.PCURVE_S1.);
#5437 = LINE('',#5438,#5439);
#5438 = CARTESIAN_POINT('',(115.32510504194,271.45,-30.5));
#5439 = VECTOR('',#5440,1.);
#5440 = DIRECTION('',(0.,1.,0.));
#5441 = PCURVE('',#5422,#5442);
#5442 = DEFINITIONAL_REPRESENTATION('',(#5443),#5446);
#5443 = B_SPLINE_CURVE_WITH_KNOTS('',1,(#5444,#5445),.UNSPECIFIED.,.F.,
  .F.,(2,2),(-6.000000212225E-07,4.2000006),.PIECEWISE_BEZIER_KNOTS.);
#5444 = CARTESIAN_POINT('',(34.725105041948,77.5499994));
#5445 = CARTESIAN_POINT('',(34.725105041948,81.7500006));
#5446 = ( GEOMETRIC_REPRESENTATION_CONTEXT(2) 
PARAMETRIC_REPRESENTATION_CONTEXT() REPRESENTATION_CONTEXT('2D SPACE',''
  ) );
#5447 = ORIENTED_EDGE('',*,*,#5448,.F.);
#5448 = EDGE_CURVE('',#5449,#5434,#5451,.T.);
#5449 = VERTEX_POINT('',#5450);
#5450 = CARTESIAN_POINT('',(108.12265380851,275.65,-30.5));
#5451 = SURFACE_CURVE('',#5452,(#5456),.PCURVE_S1.);
#5452 = LINE('',#5453,#5454);
#5453 = CARTESIAN_POINT('',(57.8,275.65,-30.5));
#5454 = VECTOR('',#5455,1.);
#5455 = DIRECTION('',(1.,0.,0.));
#5456 = PCURVE('',#5422,#5457);
#5457 = DEFINITIONAL_REPRESENTATION('',(#5458),#5461);
#5458 = B_SPLINE_CURVE_WITH_KNOTS('',1,(#5459,#5460),.UNSPECIFIED.,.F.,
  .F.,(2,2),(-103.15,57.55),.PIECEWISE_BEZIER_KNOTS.);
#5459 = CARTESIAN_POINT('',(-125.95,81.75));
#5460 = CARTESIAN_POINT('',(34.75,81.75));
#5461 = ( GEOMETRIC_REPRESENTATION_CONTEXT(2) 
PARAMETRIC_REPRESENTATION_CONTEXT() REPRESENTATION_CONTEXT('2D SPACE',''
  ) );
#5462 = ORIENTED_EDGE('',*,*,#5463,.F.);
#5463 = EDGE_CURVE('',#5412,#5449,#5464,.T.);
#5464 = SURFACE_CURVE('',#5465,(#5469),.PCURVE_S1.);
#5465 = LINE('',#5466,#5467);
#5466 = CARTESIAN_POINT('',(108.12265380851,271.45,-30.5));
#5467 = VECTOR('',#5468,1.);
#5468 = DIRECTION('',(0.,1.,0.));
#5469 = PCURVE('',#5422,#5470);
#5470 = DEFINITIONAL_REPRESENTATION('',(#5471),#5474);
#5471 = B_SPLINE_CURVE_WITH_KNOTS('',1,(#5472,#5473),.UNSPECIFIED.,.F.,
  .F.,(2,2),(-6.000000212225E-07,4.2000006),.PIECEWISE_BEZIER_KNOTS.);
#5472 = CARTESIAN_POINT('',(27.522653808515,77.5499994));
#5473 = CARTESIAN_POINT('',(27.522653808515,81.7500006));
#5474 = ( GEOMETRIC_REPRESENTATION_CONTEXT(2) 
PARAMETRIC_REPRESENTATION_CONTEXT() REPRESENTATION_CONTEXT('2D SPACE',''
  ) );
#5475 = SHELL_BASED_SURFACE_MODEL('',(#5476));
#5476 = OPEN_SHELL('',(#5477));
#5477 = ADVANCED_FACE('',(#5478),#5492,.T.);
#5478 = FACE_BOUND('',#5479,.T.);
#5479 = EDGE_LOOP('',(#5480,#5502,#5517,#5532));
#5480 = ORIENTED_EDGE('',*,*,#5481,.F.);
#5481 = EDGE_CURVE('',#5482,#5484,#5486,.T.);
#5482 = VERTEX_POINT('',#5483);
#5483 = CARTESIAN_POINT('',(-45.32510504194,276.15,-30.5));
#5484 = VERTEX_POINT('',#5485);
#5485 = CARTESIAN_POINT('',(-45.32510504194,280.35,-30.5));
#5486 = SURFACE_CURVE('',#5487,(#5491),.PCURVE_S1.);
#5487 = LINE('',#5488,#5489);
#5488 = CARTESIAN_POINT('',(-45.32510504194,276.15,-30.5));
#5489 = VECTOR('',#5490,1.);
#5490 = DIRECTION('',(0.,1.,0.));
#5491 = PCURVE('',#5492,#5497);
#5492 = PLANE('',#5493);
#5493 = AXIS2_PLACEMENT_3D('',#5494,#5495,#5496);
#5494 = CARTESIAN_POINT('',(80.6,193.9,-30.5));
#5495 = DIRECTION('',(0.,0.,1.));
#5496 = DIRECTION('',(1.,0.,-0.));
#5497 = DEFINITIONAL_REPRESENTATION('',(#5498),#5501);
#5498 = B_SPLINE_CURVE_WITH_KNOTS('',1,(#5499,#5500),.UNSPECIFIED.,.F.,
  .F.,(2,2),(-6.000000212225E-07,4.2000006),.PIECEWISE_BEZIER_KNOTS.);
#5499 = CARTESIAN_POINT('',(-125.9251050419,82.2499994));
#5500 = CARTESIAN_POINT('',(-125.9251050419,86.4500006));
#5501 = ( GEOMETRIC_REPRESENTATION_CONTEXT(2) 
PARAMETRIC_REPRESENTATION_CONTEXT() REPRESENTATION_CONTEXT('2D SPACE',''
  ) );
#5502 = ORIENTED_EDGE('',*,*,#5503,.T.);
#5503 = EDGE_CURVE('',#5482,#5504,#5506,.T.);
#5504 = VERTEX_POINT('',#5505);
#5505 = CARTESIAN_POINT('',(-38.12265380851,276.15,-30.5));
#5506 = SURFACE_CURVE('',#5507,(#5511),.PCURVE_S1.);
#5507 = LINE('',#5508,#5509);
#5508 = CARTESIAN_POINT('',(57.8,276.15,-30.5));
#5509 = VECTOR('',#5510,1.);
#5510 = DIRECTION('',(1.,0.,0.));
#5511 = PCURVE('',#5492,#5512);
#5512 = DEFINITIONAL_REPRESENTATION('',(#5513),#5516);
#5513 = B_SPLINE_CURVE_WITH_KNOTS('',1,(#5514,#5515),.UNSPECIFIED.,.F.,
  .F.,(2,2),(-103.15,57.55),.PIECEWISE_BEZIER_KNOTS.);
#5514 = CARTESIAN_POINT('',(-125.95,82.25));
#5515 = CARTESIAN_POINT('',(34.75,82.25));
#5516 = ( GEOMETRIC_REPRESENTATION_CONTEXT(2) 
PARAMETRIC_REPRESENTATION_CONTEXT() REPRESENTATION_CONTEXT('2D SPACE',''
  ) );
#5517 = ORIENTED_EDGE('',*,*,#5518,.T.);
#5518 = EDGE_CURVE('',#5504,#5519,#5521,.T.);
#5519 = VERTEX_POINT('',#5520);
#5520 = CARTESIAN_POINT('',(-38.12265380851,280.35,-30.5));
#5521 = SURFACE_CURVE('',#5522,(#5526),.PCURVE_S1.);
#5522 = LINE('',#5523,#5524);
#5523 = CARTESIAN_POINT('',(-38.12265380851,276.15,-30.5));
#5524 = VECTOR('',#5525,1.);
#5525 = DIRECTION('',(0.,1.,0.));
#5526 = PCURVE('',#5492,#5527);
#5527 = DEFINITIONAL_REPRESENTATION('',(#5528),#5531);
#5528 = B_SPLINE_CURVE_WITH_KNOTS('',1,(#5529,#5530),.UNSPECIFIED.,.F.,
  .F.,(2,2),(-6.000000212225E-07,4.2000006),.PIECEWISE_BEZIER_KNOTS.);
#5529 = CARTESIAN_POINT('',(-118.7226538085,82.2499994));
#5530 = CARTESIAN_POINT('',(-118.7226538085,86.4500006));
#5531 = ( GEOMETRIC_REPRESENTATION_CONTEXT(2) 
PARAMETRIC_REPRESENTATION_CONTEXT() REPRESENTATION_CONTEXT('2D SPACE',''
  ) );
#5532 = ORIENTED_EDGE('',*,*,#5533,.F.);
#5533 = EDGE_CURVE('',#5484,#5519,#5534,.T.);
#5534 = SURFACE_CURVE('',#5535,(#5539),.PCURVE_S1.);
#5535 = LINE('',#5536,#5537);
#5536 = CARTESIAN_POINT('',(57.8,280.35,-30.5));
#5537 = VECTOR('',#5538,1.);
#5538 = DIRECTION('',(1.,0.,0.));
#5539 = PCURVE('',#5492,#5540);
#5540 = DEFINITIONAL_REPRESENTATION('',(#5541),#5544);
#5541 = B_SPLINE_CURVE_WITH_KNOTS('',1,(#5542,#5543),.UNSPECIFIED.,.F.,
  .F.,(2,2),(-103.15,57.55),.PIECEWISE_BEZIER_KNOTS.);
#5542 = CARTESIAN_POINT('',(-125.95,86.45));
#5543 = CARTESIAN_POINT('',(34.75,86.45));
#5544 = ( GEOMETRIC_REPRESENTATION_CONTEXT(2) 
PARAMETRIC_REPRESENTATION_CONTEXT() REPRESENTATION_CONTEXT('2D SPACE',''
  ) );
#5545 = SHELL_BASED_SURFACE_MODEL('',(#5546));
#5546 = OPEN_SHELL('',(#5547));
#5547 = ADVANCED_FACE('',(#5548),#5562,.T.);
#5548 = FACE_BOUND('',#5549,.T.);
#5549 = EDGE_LOOP('',(#5550,#5572,#5587,#5602));
#5550 = ORIENTED_EDGE('',*,*,#5551,.T.);
#5551 = EDGE_CURVE('',#5552,#5554,#5556,.T.);
#5552 = VERTEX_POINT('',#5553);
#5553 = CARTESIAN_POINT('',(108.12265380851,276.15,-30.5));
#5554 = VERTEX_POINT('',#5555);
#5555 = CARTESIAN_POINT('',(115.32510504194,276.15,-30.5));
#5556 = SURFACE_CURVE('',#5557,(#5561),.PCURVE_S1.);
#5557 = LINE('',#5558,#5559);
#5558 = CARTESIAN_POINT('',(57.8,276.15,-30.5));
#5559 = VECTOR('',#5560,1.);
#5560 = DIRECTION('',(1.,0.,0.));
#5561 = PCURVE('',#5562,#5567);
#5562 = PLANE('',#5563);
#5563 = AXIS2_PLACEMENT_3D('',#5564,#5565,#5566);
#5564 = CARTESIAN_POINT('',(80.6,193.9,-30.5));
#5565 = DIRECTION('',(0.,0.,1.));
#5566 = DIRECTION('',(1.,0.,-0.));
#5567 = DEFINITIONAL_REPRESENTATION('',(#5568),#5571);
#5568 = B_SPLINE_CURVE_WITH_KNOTS('',1,(#5569,#5570),.UNSPECIFIED.,.F.,
  .F.,(2,2),(-103.15,57.55),.PIECEWISE_BEZIER_KNOTS.);
#5569 = CARTESIAN_POINT('',(-125.95,82.25));
#5570 = CARTESIAN_POINT('',(34.75,82.25));
#5571 = ( GEOMETRIC_REPRESENTATION_CONTEXT(2) 
PARAMETRIC_REPRESENTATION_CONTEXT() REPRESENTATION_CONTEXT('2D SPACE',''
  ) );
#5572 = ORIENTED_EDGE('',*,*,#5573,.T.);
#5573 = EDGE_CURVE('',#5554,#5574,#5576,.T.);
#5574 = VERTEX_POINT('',#5575);
#5575 = CARTESIAN_POINT('',(115.32510504194,280.35,-30.5));
#5576 = SURFACE_CURVE('',#5577,(#5581),.PCURVE_S1.);
#5577 = LINE('',#5578,#5579);
#5578 = CARTESIAN_POINT('',(115.32510504194,276.15,-30.5));
#5579 = VECTOR('',#5580,1.);
#5580 = DIRECTION('',(0.,1.,0.));
#5581 = PCURVE('',#5562,#5582);
#5582 = DEFINITIONAL_REPRESENTATION('',(#5583),#5586);
#5583 = B_SPLINE_CURVE_WITH_KNOTS('',1,(#5584,#5585),.UNSPECIFIED.,.F.,
  .F.,(2,2),(-6.000000212225E-07,4.2000006),.PIECEWISE_BEZIER_KNOTS.);
#5584 = CARTESIAN_POINT('',(34.725105041948,82.2499994));
#5585 = CARTESIAN_POINT('',(34.725105041948,86.4500006));
#5586 = ( GEOMETRIC_REPRESENTATION_CONTEXT(2) 
PARAMETRIC_REPRESENTATION_CONTEXT() REPRESENTATION_CONTEXT('2D SPACE',''
  ) );
#5587 = ORIENTED_EDGE('',*,*,#5588,.F.);
#5588 = EDGE_CURVE('',#5589,#5574,#5591,.T.);
#5589 = VERTEX_POINT('',#5590);
#5590 = CARTESIAN_POINT('',(108.12265380851,280.35,-30.5));
#5591 = SURFACE_CURVE('',#5592,(#5596),.PCURVE_S1.);
#5592 = LINE('',#5593,#5594);
#5593 = CARTESIAN_POINT('',(57.8,280.35,-30.5));
#5594 = VECTOR('',#5595,1.);
#5595 = DIRECTION('',(1.,0.,0.));
#5596 = PCURVE('',#5562,#5597);
#5597 = DEFINITIONAL_REPRESENTATION('',(#5598),#5601);
#5598 = B_SPLINE_CURVE_WITH_KNOTS('',1,(#5599,#5600),.UNSPECIFIED.,.F.,
  .F.,(2,2),(-103.15,57.55),.PIECEWISE_BEZIER_KNOTS.);
#5599 = CARTESIAN_POINT('',(-125.95,86.45));
#5600 = CARTESIAN_POINT('',(34.75,86.45));
#5601 = ( GEOMETRIC_REPRESENTATION_CONTEXT(2) 
PARAMETRIC_REPRESENTATION_CONTEXT() REPRESENTATION_CONTEXT('2D SPACE',''
  ) );
#5602 = ORIENTED_EDGE('',*,*,#5603,.F.);
#5603 = EDGE_CURVE('',#5552,#5589,#5604,.T.);
#5604 = SURFACE_CURVE('',#5605,(#5609),.PCURVE_S1.);
#5605 = LINE('',#5606,#5607);
#5606 = CARTESIAN_POINT('',(108.12265380851,276.15,-30.5));
#5607 = VECTOR('',#5608,1.);
#5608 = DIRECTION('',(0.,1.,0.));
#5609 = PCURVE('',#5562,#5610);
#5610 = DEFINITIONAL_REPRESENTATION('',(#5611),#5614);
#5611 = B_SPLINE_CURVE_WITH_KNOTS('',1,(#5612,#5613),.UNSPECIFIED.,.F.,
  .F.,(2,2),(-6.000000212225E-07,4.2000006),.PIECEWISE_BEZIER_KNOTS.);
#5612 = CARTESIAN_POINT('',(27.522653808515,82.2499994));
#5613 = CARTESIAN_POINT('',(27.522653808515,86.4500006));
#5614 = ( GEOMETRIC_REPRESENTATION_CONTEXT(2) 
PARAMETRIC_REPRESENTATION_CONTEXT() REPRESENTATION_CONTEXT('2D SPACE',''
  ) );
#5615 = SHELL_BASED_SURFACE_MODEL('',(#5616));
#5616 = OPEN_SHELL('',(#5617));
#5617 = ADVANCED_FACE('',(#5618),#5632,.T.);
#5618 = FACE_BOUND('',#5619,.T.);
#5619 = EDGE_LOOP('',(#5620,#5642,#5657,#5672));
#5620 = ORIENTED_EDGE('',*,*,#5621,.F.);
#5621 = EDGE_CURVE('',#5622,#5624,#5626,.T.);
#5622 = VERTEX_POINT('',#5623);
#5623 = CARTESIAN_POINT('',(-45.32510504194,280.85,-30.5));
#5624 = VERTEX_POINT('',#5625);
#5625 = CARTESIAN_POINT('',(-45.32510504194,285.05,-30.5));
#5626 = SURFACE_CURVE('',#5627,(#5631),.PCURVE_S1.);
#5627 = LINE('',#5628,#5629);
#5628 = CARTESIAN_POINT('',(-45.32510504194,280.85,-30.5));
#5629 = VECTOR('',#5630,1.);
#5630 = DIRECTION('',(0.,1.,0.));
#5631 = PCURVE('',#5632,#5637);
#5632 = PLANE('',#5633);
#5633 = AXIS2_PLACEMENT_3D('',#5634,#5635,#5636);
#5634 = CARTESIAN_POINT('',(80.6,193.9,-30.5));
#5635 = DIRECTION('',(0.,0.,1.));
#5636 = DIRECTION('',(1.,0.,-0.));
#5637 = DEFINITIONAL_REPRESENTATION('',(#5638),#5641);
#5638 = B_SPLINE_CURVE_WITH_KNOTS('',1,(#5639,#5640),.UNSPECIFIED.,.F.,
  .F.,(2,2),(-6.000000212225E-07,4.2000006),.PIECEWISE_BEZIER_KNOTS.);
#5639 = CARTESIAN_POINT('',(-125.9251050419,86.9499994));
#5640 = CARTESIAN_POINT('',(-125.9251050419,91.1500006));
#5641 = ( GEOMETRIC_REPRESENTATION_CONTEXT(2) 
PARAMETRIC_REPRESENTATION_CONTEXT() REPRESENTATION_CONTEXT('2D SPACE',''
  ) );
#5642 = ORIENTED_EDGE('',*,*,#5643,.T.);
#5643 = EDGE_CURVE('',#5622,#5644,#5646,.T.);
#5644 = VERTEX_POINT('',#5645);
#5645 = CARTESIAN_POINT('',(-38.12265380851,280.85,-30.5));
#5646 = SURFACE_CURVE('',#5647,(#5651),.PCURVE_S1.);
#5647 = LINE('',#5648,#5649);
#5648 = CARTESIAN_POINT('',(57.8,280.85,-30.5));
#5649 = VECTOR('',#5650,1.);
#5650 = DIRECTION('',(1.,0.,0.));
#5651 = PCURVE('',#5632,#5652);
#5652 = DEFINITIONAL_REPRESENTATION('',(#5653),#5656);
#5653 = B_SPLINE_CURVE_WITH_KNOTS('',1,(#5654,#5655),.UNSPECIFIED.,.F.,
  .F.,(2,2),(-103.15,57.55),.PIECEWISE_BEZIER_KNOTS.);
#5654 = CARTESIAN_POINT('',(-125.95,86.95));
#5655 = CARTESIAN_POINT('',(34.75,86.95));
#5656 = ( GEOMETRIC_REPRESENTATION_CONTEXT(2) 
PARAMETRIC_REPRESENTATION_CONTEXT() REPRESENTATION_CONTEXT('2D SPACE',''
  ) );
#5657 = ORIENTED_EDGE('',*,*,#5658,.T.);
#5658 = EDGE_CURVE('',#5644,#5659,#5661,.T.);
#5659 = VERTEX_POINT('',#5660);
#5660 = CARTESIAN_POINT('',(-38.12265380851,285.05,-30.5));
#5661 = SURFACE_CURVE('',#5662,(#5666),.PCURVE_S1.);
#5662 = LINE('',#5663,#5664);
#5663 = CARTESIAN_POINT('',(-38.12265380851,280.85,-30.5));
#5664 = VECTOR('',#5665,1.);
#5665 = DIRECTION('',(0.,1.,0.));
#5666 = PCURVE('',#5632,#5667);
#5667 = DEFINITIONAL_REPRESENTATION('',(#5668),#5671);
#5668 = B_SPLINE_CURVE_WITH_KNOTS('',1,(#5669,#5670),.UNSPECIFIED.,.F.,
  .F.,(2,2),(-6.000000212225E-07,4.2000006),.PIECEWISE_BEZIER_KNOTS.);
#5669 = CARTESIAN_POINT('',(-118.7226538085,86.9499994));
#5670 = CARTESIAN_POINT('',(-118.7226538085,91.1500006));
#5671 = ( GEOMETRIC_REPRESENTATION_CONTEXT(2) 
PARAMETRIC_REPRESENTATION_CONTEXT() REPRESENTATION_CONTEXT('2D SPACE',''
  ) );
#5672 = ORIENTED_EDGE('',*,*,#5673,.F.);
#5673 = EDGE_CURVE('',#5624,#5659,#5674,.T.);
#5674 = SURFACE_CURVE('',#5675,(#5679),.PCURVE_S1.);
#5675 = LINE('',#5676,#5677);
#5676 = CARTESIAN_POINT('',(57.8,285.05,-30.5));
#5677 = VECTOR('',#5678,1.);
#5678 = DIRECTION('',(1.,0.,0.));
#5679 = PCURVE('',#5632,#5680);
#5680 = DEFINITIONAL_REPRESENTATION('',(#5681),#5684);
#5681 = B_SPLINE_CURVE_WITH_KNOTS('',1,(#5682,#5683),.UNSPECIFIED.,.F.,
  .F.,(2,2),(-103.15,57.55),.PIECEWISE_BEZIER_KNOTS.);
#5682 = CARTESIAN_POINT('',(-125.95,91.15));
#5683 = CARTESIAN_POINT('',(34.75,91.15));
#5684 = ( GEOMETRIC_REPRESENTATION_CONTEXT(2) 
PARAMETRIC_REPRESENTATION_CONTEXT() REPRESENTATION_CONTEXT('2D SPACE',''
  ) );
#5685 = SHELL_BASED_SURFACE_MODEL('',(#5686));
#5686 = OPEN_SHELL('',(#5687));
#5687 = ADVANCED_FACE('',(#5688),#5702,.T.);
#5688 = FACE_BOUND('',#5689,.T.);
#5689 = EDGE_LOOP('',(#5690,#5712,#5727,#5742));
#5690 = ORIENTED_EDGE('',*,*,#5691,.T.);
#5691 = EDGE_CURVE('',#5692,#5694,#5696,.T.);
#5692 = VERTEX_POINT('',#5693);
#5693 = CARTESIAN_POINT('',(108.12265380851,280.85,-30.5));
#5694 = VERTEX_POINT('',#5695);
#5695 = CARTESIAN_POINT('',(115.32510504194,280.85,-30.5));
#5696 = SURFACE_CURVE('',#5697,(#5701),.PCURVE_S1.);
#5697 = LINE('',#5698,#5699);
#5698 = CARTESIAN_POINT('',(57.8,280.85,-30.5));
#5699 = VECTOR('',#5700,1.);
#5700 = DIRECTION('',(1.,0.,0.));
#5701 = PCURVE('',#5702,#5707);
#5702 = PLANE('',#5703);
#5703 = AXIS2_PLACEMENT_3D('',#5704,#5705,#5706);
#5704 = CARTESIAN_POINT('',(80.6,193.9,-30.5));
#5705 = DIRECTION('',(0.,0.,1.));
#5706 = DIRECTION('',(1.,0.,-0.));
#5707 = DEFINITIONAL_REPRESENTATION('',(#5708),#5711);
#5708 = B_SPLINE_CURVE_WITH_KNOTS('',1,(#5709,#5710),.UNSPECIFIED.,.F.,
  .F.,(2,2),(-103.15,57.55),.PIECEWISE_BEZIER_KNOTS.);
#5709 = CARTESIAN_POINT('',(-125.95,86.95));
#5710 = CARTESIAN_POINT('',(34.75,86.95));
#5711 = ( GEOMETRIC_REPRESENTATION_CONTEXT(2) 
PARAMETRIC_REPRESENTATION_CONTEXT() REPRESENTATION_CONTEXT('2D SPACE',''
  ) );
#5712 = ORIENTED_EDGE('',*,*,#5713,.T.);
#5713 = EDGE_CURVE('',#5694,#5714,#5716,.T.);
#5714 = VERTEX_POINT('',#5715);
#5715 = CARTESIAN_POINT('',(115.32510504194,285.05,-30.5));
#5716 = SURFACE_CURVE('',#5717,(#5721),.PCURVE_S1.);
#5717 = LINE('',#5718,#5719);
#5718 = CARTESIAN_POINT('',(115.32510504194,280.85,-30.5));
#5719 = VECTOR('',#5720,1.);
#5720 = DIRECTION('',(0.,1.,0.));
#5721 = PCURVE('',#5702,#5722);
#5722 = DEFINITIONAL_REPRESENTATION('',(#5723),#5726);
#5723 = B_SPLINE_CURVE_WITH_KNOTS('',1,(#5724,#5725),.UNSPECIFIED.,.F.,
  .F.,(2,2),(-6.000000212225E-07,4.2000006),.PIECEWISE_BEZIER_KNOTS.);
#5724 = CARTESIAN_POINT('',(34.725105041948,86.9499994));
#5725 = CARTESIAN_POINT('',(34.725105041948,91.1500006));
#5726 = ( GEOMETRIC_REPRESENTATION_CONTEXT(2) 
PARAMETRIC_REPRESENTATION_CONTEXT() REPRESENTATION_CONTEXT('2D SPACE',''
  ) );
#5727 = ORIENTED_EDGE('',*,*,#5728,.F.);
#5728 = EDGE_CURVE('',#5729,#5714,#5731,.T.);
#5729 = VERTEX_POINT('',#5730);
#5730 = CARTESIAN_POINT('',(108.12265380851,285.05,-30.5));
#5731 = SURFACE_CURVE('',#5732,(#5736),.PCURVE_S1.);
#5732 = LINE('',#5733,#5734);
#5733 = CARTESIAN_POINT('',(57.8,285.05,-30.5));
#5734 = VECTOR('',#5735,1.);
#5735 = DIRECTION('',(1.,0.,0.));
#5736 = PCURVE('',#5702,#5737);
#5737 = DEFINITIONAL_REPRESENTATION('',(#5738),#5741);
#5738 = B_SPLINE_CURVE_WITH_KNOTS('',1,(#5739,#5740),.UNSPECIFIED.,.F.,
  .F.,(2,2),(-103.15,57.55),.PIECEWISE_BEZIER_KNOTS.);
#5739 = CARTESIAN_POINT('',(-125.95,91.15));
#5740 = CARTESIAN_POINT('',(34.75,91.15));
#5741 = ( GEOMETRIC_REPRESENTATION_CONTEXT(2) 
PARAMETRIC_REPRESENTATION_CONTEXT() REPRESENTATION_CONTEXT('2D SPACE',''
  ) );
#5742 = ORIENTED_EDGE('',*,*,#5743,.F.);
#5743 = EDGE_CURVE('',#5692,#5729,#5744,.T.);
#5744 = SURFACE_CURVE('',#5745,(#5749),.PCURVE_S1.);
#5745 = LINE('',#5746,#5747);
#5746 = CARTESIAN_POINT('',(108.12265380851,280.85,-30.5));
#5747 = VECTOR('',#5748,1.);
#5748 = DIRECTION('',(0.,1.,0.));
#5749 = PCURVE('',#5702,#5750);
#5750 = DEFINITIONAL_REPRESENTATION('',(#5751),#5754);
#5751 = B_SPLINE_CURVE_WITH_KNOTS('',1,(#5752,#5753),.UNSPECIFIED.,.F.,
  .F.,(2,2),(-6.000000212225E-07,4.2000006),.PIECEWISE_BEZIER_KNOTS.);
#5752 = CARTESIAN_POINT('',(27.522653808515,86.9499994));
#5753 = CARTESIAN_POINT('',(27.522653808515,91.1500006));
#5754 = ( GEOMETRIC_REPRESENTATION_CONTEXT(2) 
PARAMETRIC_REPRESENTATION_CONTEXT() REPRESENTATION_CONTEXT('2D SPACE',''
  ) );
#5755 = SHELL_BASED_SURFACE_MODEL('',(#5756));
#5756 = OPEN_SHELL('',(#5757));
#5757 = ADVANCED_FACE('',(#5758),#5772,.T.);
#5758 = FACE_BOUND('',#5759,.T.);
#5759 = EDGE_LOOP('',(#5760,#5782,#5797,#5812));
#5760 = ORIENTED_EDGE('',*,*,#5761,.F.);
#5761 = EDGE_CURVE('',#5762,#5764,#5766,.T.);
#5762 = VERTEX_POINT('',#5763);
#5763 = CARTESIAN_POINT('',(-45.32510504194,285.55,-30.5));
#5764 = VERTEX_POINT('',#5765);
#5765 = CARTESIAN_POINT('',(-45.32510504194,289.75,-30.5));
#5766 = SURFACE_CURVE('',#5767,(#5771),.PCURVE_S1.);
#5767 = LINE('',#5768,#5769);
#5768 = CARTESIAN_POINT('',(-45.32510504194,285.55,-30.5));
#5769 = VECTOR('',#5770,1.);
#5770 = DIRECTION('',(0.,1.,0.));
#5771 = PCURVE('',#5772,#5777);
#5772 = PLANE('',#5773);
#5773 = AXIS2_PLACEMENT_3D('',#5774,#5775,#5776);
#5774 = CARTESIAN_POINT('',(80.6,193.9,-30.5));
#5775 = DIRECTION('',(0.,0.,1.));
#5776 = DIRECTION('',(1.,0.,-0.));
#5777 = DEFINITIONAL_REPRESENTATION('',(#5778),#5781);
#5778 = B_SPLINE_CURVE_WITH_KNOTS('',1,(#5779,#5780),.UNSPECIFIED.,.F.,
  .F.,(2,2),(-6.000000212225E-07,4.2000006),.PIECEWISE_BEZIER_KNOTS.);
#5779 = CARTESIAN_POINT('',(-125.9251050419,91.6499994));
#5780 = CARTESIAN_POINT('',(-125.9251050419,95.8500006));
#5781 = ( GEOMETRIC_REPRESENTATION_CONTEXT(2) 
PARAMETRIC_REPRESENTATION_CONTEXT() REPRESENTATION_CONTEXT('2D SPACE',''
  ) );
#5782 = ORIENTED_EDGE('',*,*,#5783,.T.);
#5783 = EDGE_CURVE('',#5762,#5784,#5786,.T.);
#5784 = VERTEX_POINT('',#5785);
#5785 = CARTESIAN_POINT('',(-38.12265380851,285.55,-30.5));
#5786 = SURFACE_CURVE('',#5787,(#5791),.PCURVE_S1.);
#5787 = LINE('',#5788,#5789);
#5788 = CARTESIAN_POINT('',(57.8,285.55,-30.5));
#5789 = VECTOR('',#5790,1.);
#5790 = DIRECTION('',(1.,0.,0.));
#5791 = PCURVE('',#5772,#5792);
#5792 = DEFINITIONAL_REPRESENTATION('',(#5793),#5796);
#5793 = B_SPLINE_CURVE_WITH_KNOTS('',1,(#5794,#5795),.UNSPECIFIED.,.F.,
  .F.,(2,2),(-103.15,57.55),.PIECEWISE_BEZIER_KNOTS.);
#5794 = CARTESIAN_POINT('',(-125.95,91.65));
#5795 = CARTESIAN_POINT('',(34.75,91.65));
#5796 = ( GEOMETRIC_REPRESENTATION_CONTEXT(2) 
PARAMETRIC_REPRESENTATION_CONTEXT() REPRESENTATION_CONTEXT('2D SPACE',''
  ) );
#5797 = ORIENTED_EDGE('',*,*,#5798,.T.);
#5798 = EDGE_CURVE('',#5784,#5799,#5801,.T.);
#5799 = VERTEX_POINT('',#5800);
#5800 = CARTESIAN_POINT('',(-38.12265380851,289.75,-30.5));
#5801 = SURFACE_CURVE('',#5802,(#5806),.PCURVE_S1.);
#5802 = LINE('',#5803,#5804);
#5803 = CARTESIAN_POINT('',(-38.12265380851,285.55,-30.5));
#5804 = VECTOR('',#5805,1.);
#5805 = DIRECTION('',(0.,1.,0.));
#5806 = PCURVE('',#5772,#5807);
#5807 = DEFINITIONAL_REPRESENTATION('',(#5808),#5811);
#5808 = B_SPLINE_CURVE_WITH_KNOTS('',1,(#5809,#5810),.UNSPECIFIED.,.F.,
  .F.,(2,2),(-6.000000212225E-07,4.2000006),.PIECEWISE_BEZIER_KNOTS.);
#5809 = CARTESIAN_POINT('',(-118.7226538085,91.6499994));
#5810 = CARTESIAN_POINT('',(-118.7226538085,95.8500006));
#5811 = ( GEOMETRIC_REPRESENTATION_CONTEXT(2) 
PARAMETRIC_REPRESENTATION_CONTEXT() REPRESENTATION_CONTEXT('2D SPACE',''
  ) );
#5812 = ORIENTED_EDGE('',*,*,#5813,.F.);
#5813 = EDGE_CURVE('',#5764,#5799,#5814,.T.);
#5814 = SURFACE_CURVE('',#5815,(#5819),.PCURVE_S1.);
#5815 = LINE('',#5816,#5817);
#5816 = CARTESIAN_POINT('',(57.8,289.75,-30.5));
#5817 = VECTOR('',#5818,1.);
#5818 = DIRECTION('',(1.,0.,0.));
#5819 = PCURVE('',#5772,#5820);
#5820 = DEFINITIONAL_REPRESENTATION('',(#5821),#5824);
#5821 = B_SPLINE_CURVE_WITH_KNOTS('',1,(#5822,#5823),.UNSPECIFIED.,.F.,
  .F.,(2,2),(-103.15,57.55),.PIECEWISE_BEZIER_KNOTS.);
#5822 = CARTESIAN_POINT('',(-125.95,95.85));
#5823 = CARTESIAN_POINT('',(34.75,95.85));
#5824 = ( GEOMETRIC_REPRESENTATION_CONTEXT(2) 
PARAMETRIC_REPRESENTATION_CONTEXT() REPRESENTATION_CONTEXT('2D SPACE',''
  ) );
#5825 = SHELL_BASED_SURFACE_MODEL('',(#5826));
#5826 = OPEN_SHELL('',(#5827));
#5827 = ADVANCED_FACE('',(#5828),#5842,.T.);
#5828 = FACE_BOUND('',#5829,.T.);
#5829 = EDGE_LOOP('',(#5830,#5852,#5867,#5882));
#5830 = ORIENTED_EDGE('',*,*,#5831,.T.);
#5831 = EDGE_CURVE('',#5832,#5834,#5836,.T.);
#5832 = VERTEX_POINT('',#5833);
#5833 = CARTESIAN_POINT('',(108.12265380851,285.55,-30.5));
#5834 = VERTEX_POINT('',#5835);
#5835 = CARTESIAN_POINT('',(115.32510504194,285.55,-30.5));
#5836 = SURFACE_CURVE('',#5837,(#5841),.PCURVE_S1.);
#5837 = LINE('',#5838,#5839);
#5838 = CARTESIAN_POINT('',(57.8,285.55,-30.5));
#5839 = VECTOR('',#5840,1.);
#5840 = DIRECTION('',(1.,0.,0.));
#5841 = PCURVE('',#5842,#5847);
#5842 = PLANE('',#5843);
#5843 = AXIS2_PLACEMENT_3D('',#5844,#5845,#5846);
#5844 = CARTESIAN_POINT('',(80.6,193.9,-30.5));
#5845 = DIRECTION('',(0.,0.,1.));
#5846 = DIRECTION('',(1.,0.,-0.));
#5847 = DEFINITIONAL_REPRESENTATION('',(#5848),#5851);
#5848 = B_SPLINE_CURVE_WITH_KNOTS('',1,(#5849,#5850),.UNSPECIFIED.,.F.,
  .F.,(2,2),(-103.15,57.55),.PIECEWISE_BEZIER_KNOTS.);
#5849 = CARTESIAN_POINT('',(-125.95,91.65));
#5850 = CARTESIAN_POINT('',(34.75,91.65));
#5851 = ( GEOMETRIC_REPRESENTATION_CONTEXT(2) 
PARAMETRIC_REPRESENTATION_CONTEXT() REPRESENTATION_CONTEXT('2D SPACE',''
  ) );
#5852 = ORIENTED_EDGE('',*,*,#5853,.T.);
#5853 = EDGE_CURVE('',#5834,#5854,#5856,.T.);
#5854 = VERTEX_POINT('',#5855);
#5855 = CARTESIAN_POINT('',(115.32510504194,289.75,-30.5));
#5856 = SURFACE_CURVE('',#5857,(#5861),.PCURVE_S1.);
#5857 = LINE('',#5858,#5859);
#5858 = CARTESIAN_POINT('',(115.32510504194,285.55,-30.5));
#5859 = VECTOR('',#5860,1.);
#5860 = DIRECTION('',(0.,1.,0.));
#5861 = PCURVE('',#5842,#5862);
#5862 = DEFINITIONAL_REPRESENTATION('',(#5863),#5866);
#5863 = B_SPLINE_CURVE_WITH_KNOTS('',1,(#5864,#5865),.UNSPECIFIED.,.F.,
  .F.,(2,2),(-6.000000212225E-07,4.2000006),.PIECEWISE_BEZIER_KNOTS.);
#5864 = CARTESIAN_POINT('',(34.725105041948,91.6499994));
#5865 = CARTESIAN_POINT('',(34.725105041948,95.8500006));
#5866 = ( GEOMETRIC_REPRESENTATION_CONTEXT(2) 
PARAMETRIC_REPRESENTATION_CONTEXT() REPRESENTATION_CONTEXT('2D SPACE',''
  ) );
#5867 = ORIENTED_EDGE('',*,*,#5868,.F.);
#5868 = EDGE_CURVE('',#5869,#5854,#5871,.T.);
#5869 = VERTEX_POINT('',#5870);
#5870 = CARTESIAN_POINT('',(108.12265380851,289.75,-30.5));
#5871 = SURFACE_CURVE('',#5872,(#5876),.PCURVE_S1.);
#5872 = LINE('',#5873,#5874);
#5873 = CARTESIAN_POINT('',(57.8,289.75,-30.5));
#5874 = VECTOR('',#5875,1.);
#5875 = DIRECTION('',(1.,0.,0.));
#5876 = PCURVE('',#5842,#5877);
#5877 = DEFINITIONAL_REPRESENTATION('',(#5878),#5881);
#5878 = B_SPLINE_CURVE_WITH_KNOTS('',1,(#5879,#5880),.UNSPECIFIED.,.F.,
  .F.,(2,2),(-103.15,57.55),.PIECEWISE_BEZIER_KNOTS.);
#5879 = CARTESIAN_POINT('',(-125.95,95.85));
#5880 = CARTESIAN_POINT('',(34.75,95.85));
#5881 = ( GEOMETRIC_REPRESENTATION_CONTEXT(2) 
PARAMETRIC_REPRESENTATION_CONTEXT() REPRESENTATION_CONTEXT('2D SPACE',''
  ) );
#5882 = ORIENTED_EDGE('',*,*,#5883,.F.);
#5883 = EDGE_CURVE('',#5832,#5869,#5884,.T.);
#5884 = SURFACE_CURVE('',#5885,(#5889),.PCURVE_S1.);
#5885 = LINE('',#5886,#5887);
#5886 = CARTESIAN_POINT('',(108.12265380851,285.55,-30.5));
#5887 = VECTOR('',#5888,1.);
#5888 = DIRECTION('',(0.,1.,0.));
#5889 = PCURVE('',#5842,#5890);
#5890 = DEFINITIONAL_REPRESENTATION('',(#5891),#5894);
#5891 = B_SPLINE_CURVE_WITH_KNOTS('',1,(#5892,#5893),.UNSPECIFIED.,.F.,
  .F.,(2,2),(-6.000000212225E-07,4.2000006),.PIECEWISE_BEZIER_KNOTS.);
#5892 = CARTESIAN_POINT('',(27.522653808515,91.6499994));
#5893 = CARTESIAN_POINT('',(27.522653808515,95.8500006));
#5894 = ( GEOMETRIC_REPRESENTATION_CONTEXT(2) 
PARAMETRIC_REPRESENTATION_CONTEXT() REPRESENTATION_CONTEXT('2D SPACE',''
  ) );
#5895 = SHELL_BASED_SURFACE_MODEL('',(#5896));
#5896 = OPEN_SHELL('',(#5897));
#5897 = ADVANCED_FACE('',(#5898),#5912,.T.);
#5898 = FACE_BOUND('',#5899,.T.);
#5899 = EDGE_LOOP('',(#5900,#5922,#5937,#5952));
#5900 = ORIENTED_EDGE('',*,*,#5901,.F.);
#5901 = EDGE_CURVE('',#5902,#5904,#5906,.T.);
#5902 = VERTEX_POINT('',#5903);
#5903 = CARTESIAN_POINT('',(-45.32510504194,290.25,-30.5));
#5904 = VERTEX_POINT('',#5905);
#5905 = CARTESIAN_POINT('',(-45.32510504194,294.45,-30.5));
#5906 = SURFACE_CURVE('',#5907,(#5911),.PCURVE_S1.);
#5907 = LINE('',#5908,#5909);
#5908 = CARTESIAN_POINT('',(-45.32510504194,290.25,-30.5));
#5909 = VECTOR('',#5910,1.);
#5910 = DIRECTION('',(0.,1.,0.));
#5911 = PCURVE('',#5912,#5917);
#5912 = PLANE('',#5913);
#5913 = AXIS2_PLACEMENT_3D('',#5914,#5915,#5916);
#5914 = CARTESIAN_POINT('',(80.6,193.9,-30.5));
#5915 = DIRECTION('',(0.,0.,1.));
#5916 = DIRECTION('',(1.,0.,-0.));
#5917 = DEFINITIONAL_REPRESENTATION('',(#5918),#5921);
#5918 = B_SPLINE_CURVE_WITH_KNOTS('',1,(#5919,#5920),.UNSPECIFIED.,.F.,
  .F.,(2,2),(-6.000000212225E-07,4.2000006),.PIECEWISE_BEZIER_KNOTS.);
#5919 = CARTESIAN_POINT('',(-125.9251050419,96.3499994));
#5920 = CARTESIAN_POINT('',(-125.9251050419,100.5500006));
#5921 = ( GEOMETRIC_REPRESENTATION_CONTEXT(2) 
PARAMETRIC_REPRESENTATION_CONTEXT() REPRESENTATION_CONTEXT('2D SPACE',''
  ) );
#5922 = ORIENTED_EDGE('',*,*,#5923,.T.);
#5923 = EDGE_CURVE('',#5902,#5924,#5926,.T.);
#5924 = VERTEX_POINT('',#5925);
#5925 = CARTESIAN_POINT('',(-38.12265380851,290.25,-30.5));
#5926 = SURFACE_CURVE('',#5927,(#5931),.PCURVE_S1.);
#5927 = LINE('',#5928,#5929);
#5928 = CARTESIAN_POINT('',(57.8,290.25,-30.5));
#5929 = VECTOR('',#5930,1.);
#5930 = DIRECTION('',(1.,0.,0.));
#5931 = PCURVE('',#5912,#5932);
#5932 = DEFINITIONAL_REPRESENTATION('',(#5933),#5936);
#5933 = B_SPLINE_CURVE_WITH_KNOTS('',1,(#5934,#5935),.UNSPECIFIED.,.F.,
  .F.,(2,2),(-103.15,57.55),.PIECEWISE_BEZIER_KNOTS.);
#5934 = CARTESIAN_POINT('',(-125.95,96.35));
#5935 = CARTESIAN_POINT('',(34.75,96.35));
#5936 = ( GEOMETRIC_REPRESENTATION_CONTEXT(2) 
PARAMETRIC_REPRESENTATION_CONTEXT() REPRESENTATION_CONTEXT('2D SPACE',''
  ) );
#5937 = ORIENTED_EDGE('',*,*,#5938,.T.);
#5938 = EDGE_CURVE('',#5924,#5939,#5941,.T.);
#5939 = VERTEX_POINT('',#5940);
#5940 = CARTESIAN_POINT('',(-38.12265380851,294.45,-30.5));
#5941 = SURFACE_CURVE('',#5942,(#5946),.PCURVE_S1.);
#5942 = LINE('',#5943,#5944);
#5943 = CARTESIAN_POINT('',(-38.12265380851,290.25,-30.5));
#5944 = VECTOR('',#5945,1.);
#5945 = DIRECTION('',(0.,1.,0.));
#5946 = PCURVE('',#5912,#5947);
#5947 = DEFINITIONAL_REPRESENTATION('',(#5948),#5951);
#5948 = B_SPLINE_CURVE_WITH_KNOTS('',1,(#5949,#5950),.UNSPECIFIED.,.F.,
  .F.,(2,2),(-6.000000212225E-07,4.2000006),.PIECEWISE_BEZIER_KNOTS.);
#5949 = CARTESIAN_POINT('',(-118.7226538085,96.3499994));
#5950 = CARTESIAN_POINT('',(-118.7226538085,100.5500006));
#5951 = ( GEOMETRIC_REPRESENTATION_CONTEXT(2) 
PARAMETRIC_REPRESENTATION_CONTEXT() REPRESENTATION_CONTEXT('2D SPACE',''
  ) );
#5952 = ORIENTED_EDGE('',*,*,#5953,.F.);
#5953 = EDGE_CURVE('',#5904,#5939,#5954,.T.);
#5954 = SURFACE_CURVE('',#5955,(#5959),.PCURVE_S1.);
#5955 = LINE('',#5956,#5957);
#5956 = CARTESIAN_POINT('',(57.8,294.45,-30.5));
#5957 = VECTOR('',#5958,1.);
#5958 = DIRECTION('',(1.,0.,0.));
#5959 = PCURVE('',#5912,#5960);
#5960 = DEFINITIONAL_REPRESENTATION('',(#5961),#5964);
#5961 = B_SPLINE_CURVE_WITH_KNOTS('',1,(#5962,#5963),.UNSPECIFIED.,.F.,
  .F.,(2,2),(-103.15,57.55),.PIECEWISE_BEZIER_KNOTS.);
#5962 = CARTESIAN_POINT('',(-125.95,100.55));
#5963 = CARTESIAN_POINT('',(34.75,100.55));
#5964 = ( GEOMETRIC_REPRESENTATION_CONTEXT(2) 
PARAMETRIC_REPRESENTATION_CONTEXT() REPRESENTATION_CONTEXT('2D SPACE',''
  ) );
#5965 = SHELL_BASED_SURFACE_MODEL('',(#5966));
#5966 = OPEN_SHELL('',(#5967));
#5967 = ADVANCED_FACE('',(#5968),#5982,.T.);
#5968 = FACE_BOUND('',#5969,.T.);
#5969 = EDGE_LOOP('',(#5970,#5992,#6007,#6022));
#5970 = ORIENTED_EDGE('',*,*,#5971,.T.);
#5971 = EDGE_CURVE('',#5972,#5974,#5976,.T.);
#5972 = VERTEX_POINT('',#5973);
#5973 = CARTESIAN_POINT('',(108.12265380851,290.25,-30.5));
#5974 = VERTEX_POINT('',#5975);
#5975 = CARTESIAN_POINT('',(115.32510504194,290.25,-30.5));
#5976 = SURFACE_CURVE('',#5977,(#5981),.PCURVE_S1.);
#5977 = LINE('',#5978,#5979);
#5978 = CARTESIAN_POINT('',(57.8,290.25,-30.5));
#5979 = VECTOR('',#5980,1.);
#5980 = DIRECTION('',(1.,0.,0.));
#5981 = PCURVE('',#5982,#5987);
#5982 = PLANE('',#5983);
#5983 = AXIS2_PLACEMENT_3D('',#5984,#5985,#5986);
#5984 = CARTESIAN_POINT('',(80.6,193.9,-30.5));
#5985 = DIRECTION('',(0.,0.,1.));
#5986 = DIRECTION('',(1.,0.,-0.));
#5987 = DEFINITIONAL_REPRESENTATION('',(#5988),#5991);
#5988 = B_SPLINE_CURVE_WITH_KNOTS('',1,(#5989,#5990),.UNSPECIFIED.,.F.,
  .F.,(2,2),(-103.15,57.55),.PIECEWISE_BEZIER_KNOTS.);
#5989 = CARTESIAN_POINT('',(-125.95,96.35));
#5990 = CARTESIAN_POINT('',(34.75,96.35));
#5991 = ( GEOMETRIC_REPRESENTATION_CONTEXT(2) 
PARAMETRIC_REPRESENTATION_CONTEXT() REPRESENTATION_CONTEXT('2D SPACE',''
  ) );
#5992 = ORIENTED_EDGE('',*,*,#5993,.T.);
#5993 = EDGE_CURVE('',#5974,#5994,#5996,.T.);
#5994 = VERTEX_POINT('',#5995);
#5995 = CARTESIAN_POINT('',(115.32510504194,294.45,-30.5));
#5996 = SURFACE_CURVE('',#5997,(#6001),.PCURVE_S1.);
#5997 = LINE('',#5998,#5999);
#5998 = CARTESIAN_POINT('',(115.32510504194,290.25,-30.5));
#5999 = VECTOR('',#6000,1.);
#6000 = DIRECTION('',(0.,1.,0.));
#6001 = PCURVE('',#5982,#6002);
#6002 = DEFINITIONAL_REPRESENTATION('',(#6003),#6006);
#6003 = B_SPLINE_CURVE_WITH_KNOTS('',1,(#6004,#6005),.UNSPECIFIED.,.F.,
  .F.,(2,2),(-6.000000212225E-07,4.2000006),.PIECEWISE_BEZIER_KNOTS.);
#6004 = CARTESIAN_POINT('',(34.725105041948,96.3499994));
#6005 = CARTESIAN_POINT('',(34.725105041948,100.5500006));
#6006 = ( GEOMETRIC_REPRESENTATION_CONTEXT(2) 
PARAMETRIC_REPRESENTATION_CONTEXT() REPRESENTATION_CONTEXT('2D SPACE',''
  ) );
#6007 = ORIENTED_EDGE('',*,*,#6008,.F.);
#6008 = EDGE_CURVE('',#6009,#5994,#6011,.T.);
#6009 = VERTEX_POINT('',#6010);
#6010 = CARTESIAN_POINT('',(108.12265380851,294.45,-30.5));
#6011 = SURFACE_CURVE('',#6012,(#6016),.PCURVE_S1.);
#6012 = LINE('',#6013,#6014);
#6013 = CARTESIAN_POINT('',(57.8,294.45,-30.5));
#6014 = VECTOR('',#6015,1.);
#6015 = DIRECTION('',(1.,0.,0.));
#6016 = PCURVE('',#5982,#6017);
#6017 = DEFINITIONAL_REPRESENTATION('',(#6018),#6021);
#6018 = B_SPLINE_CURVE_WITH_KNOTS('',1,(#6019,#6020),.UNSPECIFIED.,.F.,
  .F.,(2,2),(-103.15,57.55),.PIECEWISE_BEZIER_KNOTS.);
#6019 = CARTESIAN_POINT('',(-125.95,100.55));
#6020 = CARTESIAN_POINT('',(34.75,100.55));
#6021 = ( GEOMETRIC_REPRESENTATION_CONTEXT(2) 
PARAMETRIC_REPRESENTATION_CONTEXT() REPRESENTATION_CONTEXT('2D SPACE',''
  ) );
#6022 = ORIENTED_EDGE('',*,*,#6023,.F.);
#6023 = EDGE_CURVE('',#5972,#6009,#6024,.T.);
#6024 = SURFACE_CURVE('',#6025,(#6029),.PCURVE_S1.);
#6025 = LINE('',#6026,#6027);
#6026 = CARTESIAN_POINT('',(108.12265380851,290.25,-30.5));
#6027 = VECTOR('',#6028,1.);
#6028 = DIRECTION('',(0.,1.,0.));
#6029 = PCURVE('',#5982,#6030);
#6030 = DEFINITIONAL_REPRESENTATION('',(#6031),#6034);
#6031 = B_SPLINE_CURVE_WITH_KNOTS('',1,(#6032,#6033),.UNSPECIFIED.,.F.,
  .F.,(2,2),(-6.000000212225E-07,4.2000006),.PIECEWISE_BEZIER_KNOTS.);
#6032 = CARTESIAN_POINT('',(27.522653808515,96.3499994));
#6033 = CARTESIAN_POINT('',(27.522653808515,100.5500006));
#6034 = ( GEOMETRIC_REPRESENTATION_CONTEXT(2) 
PARAMETRIC_REPRESENTATION_CONTEXT() REPRESENTATION_CONTEXT('2D SPACE',''
  ) );
#6035 = SHELL_BASED_SURFACE_MODEL('',(#6036));
#6036 = OPEN_SHELL('',(#6037));
#6037 = ADVANCED_FACE('',(#6038),#6052,.T.);
#6038 = FACE_BOUND('',#6039,.T.);
#6039 = EDGE_LOOP('',(#6040,#6062,#6077,#6092));
#6040 = ORIENTED_EDGE('',*,*,#6041,.F.);
#6041 = EDGE_CURVE('',#6042,#6044,#6046,.T.);
#6042 = VERTEX_POINT('',#6043);
#6043 = CARTESIAN_POINT('',(-26.86768138535,80.,-30.5));
#6044 = VERTEX_POINT('',#6045);
#6045 = CARTESIAN_POINT('',(-26.86768138535,92.9,-30.5));
#6046 = SURFACE_CURVE('',#6047,(#6051),.PCURVE_S1.);
#6047 = LINE('',#6048,#6049);
#6048 = CARTESIAN_POINT('',(-26.86768138535,80.,-30.5));
#6049 = VECTOR('',#6050,1.);
#6050 = DIRECTION('',(0.,1.,0.));
#6051 = PCURVE('',#6052,#6057);
#6052 = PLANE('',#6053);
#6053 = AXIS2_PLACEMENT_3D('',#6054,#6055,#6056);
#6054 = CARTESIAN_POINT('',(80.6,193.9,-30.5));
#6055 = DIRECTION('',(0.,0.,1.));
#6056 = DIRECTION('',(1.,0.,-0.));
#6057 = DEFINITIONAL_REPRESENTATION('',(#6058),#6061);
#6058 = B_SPLINE_CURVE_WITH_KNOTS('',1,(#6059,#6060),.UNSPECIFIED.,.F.,
  .F.,(2,2),(-6.000000070117E-07,12.9000006),.PIECEWISE_BEZIER_KNOTS.);
#6059 = CARTESIAN_POINT('',(-107.4676813853,-113.9000006));
#6060 = CARTESIAN_POINT('',(-107.4676813853,-100.9999994));
#6061 = ( GEOMETRIC_REPRESENTATION_CONTEXT(2) 
PARAMETRIC_REPRESENTATION_CONTEXT() REPRESENTATION_CONTEXT('2D SPACE',''
  ) );
#6062 = ORIENTED_EDGE('',*,*,#6063,.T.);
#6063 = EDGE_CURVE('',#6042,#6064,#6066,.T.);
#6064 = VERTEX_POINT('',#6065);
#6065 = CARTESIAN_POINT('',(-19.96362433464,80.,-30.5));
#6066 = SURFACE_CURVE('',#6067,(#6071),.PCURVE_S1.);
#6067 = LINE('',#6068,#6069);
#6068 = CARTESIAN_POINT('',(57.8,80.,-30.5));
#6069 = VECTOR('',#6070,1.);
#6070 = DIRECTION('',(1.,0.,0.));
#6071 = PCURVE('',#6052,#6072);
#6072 = DEFINITIONAL_REPRESENTATION('',(#6073),#6076);
#6073 = B_SPLINE_CURVE_WITH_KNOTS('',1,(#6074,#6075),.UNSPECIFIED.,.F.,
  .F.,(2,2),(-84.7,39.1),.PIECEWISE_BEZIER_KNOTS.);
#6074 = CARTESIAN_POINT('',(-107.5,-113.9));
#6075 = CARTESIAN_POINT('',(16.3,-113.9));
#6076 = ( GEOMETRIC_REPRESENTATION_CONTEXT(2) 
PARAMETRIC_REPRESENTATION_CONTEXT() REPRESENTATION_CONTEXT('2D SPACE',''
  ) );
#6077 = ORIENTED_EDGE('',*,*,#6078,.T.);
#6078 = EDGE_CURVE('',#6064,#6079,#6081,.T.);
#6079 = VERTEX_POINT('',#6080);
#6080 = CARTESIAN_POINT('',(-19.96362433464,92.9,-30.5));
#6081 = SURFACE_CURVE('',#6082,(#6086),.PCURVE_S1.);
#6082 = LINE('',#6083,#6084);
#6083 = CARTESIAN_POINT('',(-19.96362433464,80.,-30.5));
#6084 = VECTOR('',#6085,1.);
#6085 = DIRECTION('',(0.,1.,0.));
#6086 = PCURVE('',#6052,#6087);
#6087 = DEFINITIONAL_REPRESENTATION('',(#6088),#6091);
#6088 = B_SPLINE_CURVE_WITH_KNOTS('',1,(#6089,#6090),.UNSPECIFIED.,.F.,
  .F.,(2,2),(-6.000000070117E-07,12.9000006),.PIECEWISE_BEZIER_KNOTS.);
#6089 = CARTESIAN_POINT('',(-100.5636243346,-113.9000006));
#6090 = CARTESIAN_POINT('',(-100.5636243346,-100.9999994));
#6091 = ( GEOMETRIC_REPRESENTATION_CONTEXT(2) 
PARAMETRIC_REPRESENTATION_CONTEXT() REPRESENTATION_CONTEXT('2D SPACE',''
  ) );
#6092 = ORIENTED_EDGE('',*,*,#6093,.F.);
#6093 = EDGE_CURVE('',#6044,#6079,#6094,.T.);
#6094 = SURFACE_CURVE('',#6095,(#6099),.PCURVE_S1.);
#6095 = LINE('',#6096,#6097);
#6096 = CARTESIAN_POINT('',(57.8,92.9,-30.5));
#6097 = VECTOR('',#6098,1.);
#6098 = DIRECTION('',(1.,0.,0.));
#6099 = PCURVE('',#6052,#6100);
#6100 = DEFINITIONAL_REPRESENTATION('',(#6101),#6104);
#6101 = B_SPLINE_CURVE_WITH_KNOTS('',1,(#6102,#6103),.UNSPECIFIED.,.F.,
  .F.,(2,2),(-84.7,39.1),.PIECEWISE_BEZIER_KNOTS.);
#6102 = CARTESIAN_POINT('',(-107.5,-101.));
#6103 = CARTESIAN_POINT('',(16.3,-101.));
#6104 = ( GEOMETRIC_REPRESENTATION_CONTEXT(2) 
PARAMETRIC_REPRESENTATION_CONTEXT() REPRESENTATION_CONTEXT('2D SPACE',''
  ) );
#6105 = SHELL_BASED_SURFACE_MODEL('',(#6106));
#6106 = OPEN_SHELL('',(#6107));
#6107 = ADVANCED_FACE('',(#6108),#6122,.T.);
#6108 = FACE_BOUND('',#6109,.T.);
#6109 = EDGE_LOOP('',(#6110,#6132,#6147,#6162));
#6110 = ORIENTED_EDGE('',*,*,#6111,.T.);
#6111 = EDGE_CURVE('',#6112,#6114,#6116,.T.);
#6112 = VERTEX_POINT('',#6113);
#6113 = CARTESIAN_POINT('',(89.963624334645,80.,-30.5));
#6114 = VERTEX_POINT('',#6115);
#6115 = CARTESIAN_POINT('',(96.867681385357,80.,-30.5));
#6116 = SURFACE_CURVE('',#6117,(#6121),.PCURVE_S1.);
#6117 = LINE('',#6118,#6119);
#6118 = CARTESIAN_POINT('',(57.8,80.,-30.5));
#6119 = VECTOR('',#6120,1.);
#6120 = DIRECTION('',(1.,0.,0.));
#6121 = PCURVE('',#6122,#6127);
#6122 = PLANE('',#6123);
#6123 = AXIS2_PLACEMENT_3D('',#6124,#6125,#6126);
#6124 = CARTESIAN_POINT('',(80.6,193.9,-30.5));
#6125 = DIRECTION('',(0.,0.,1.));
#6126 = DIRECTION('',(1.,0.,-0.));
#6127 = DEFINITIONAL_REPRESENTATION('',(#6128),#6131);
#6128 = B_SPLINE_CURVE_WITH_KNOTS('',1,(#6129,#6130),.UNSPECIFIED.,.F.,
  .F.,(2,2),(-84.7,39.1),.PIECEWISE_BEZIER_KNOTS.);
#6129 = CARTESIAN_POINT('',(-107.5,-113.9));
#6130 = CARTESIAN_POINT('',(16.3,-113.9));
#6131 = ( GEOMETRIC_REPRESENTATION_CONTEXT(2) 
PARAMETRIC_REPRESENTATION_CONTEXT() REPRESENTATION_CONTEXT('2D SPACE',''
  ) );
#6132 = ORIENTED_EDGE('',*,*,#6133,.T.);
#6133 = EDGE_CURVE('',#6114,#6134,#6136,.T.);
#6134 = VERTEX_POINT('',#6135);
#6135 = CARTESIAN_POINT('',(96.867681385357,92.9,-30.5));
#6136 = SURFACE_CURVE('',#6137,(#6141),.PCURVE_S1.);
#6137 = LINE('',#6138,#6139);
#6138 = CARTESIAN_POINT('',(96.867681385357,80.,-30.5));
#6139 = VECTOR('',#6140,1.);
#6140 = DIRECTION('',(0.,1.,0.));
#6141 = PCURVE('',#6122,#6142);
#6142 = DEFINITIONAL_REPRESENTATION('',(#6143),#6146);
#6143 = B_SPLINE_CURVE_WITH_KNOTS('',1,(#6144,#6145),.UNSPECIFIED.,.F.,
  .F.,(2,2),(-6.000000070117E-07,12.9000006),.PIECEWISE_BEZIER_KNOTS.);
#6144 = CARTESIAN_POINT('',(16.267681385357,-113.9000006));
#6145 = CARTESIAN_POINT('',(16.267681385357,-100.9999994));
#6146 = ( GEOMETRIC_REPRESENTATION_CONTEXT(2) 
PARAMETRIC_REPRESENTATION_CONTEXT() REPRESENTATION_CONTEXT('2D SPACE',''
  ) );
#6147 = ORIENTED_EDGE('',*,*,#6148,.F.);
#6148 = EDGE_CURVE('',#6149,#6134,#6151,.T.);
#6149 = VERTEX_POINT('',#6150);
#6150 = CARTESIAN_POINT('',(89.963624334645,92.9,-30.5));
#6151 = SURFACE_CURVE('',#6152,(#6156),.PCURVE_S1.);
#6152 = LINE('',#6153,#6154);
#6153 = CARTESIAN_POINT('',(57.8,92.9,-30.5));
#6154 = VECTOR('',#6155,1.);
#6155 = DIRECTION('',(1.,0.,0.));
#6156 = PCURVE('',#6122,#6157);
#6157 = DEFINITIONAL_REPRESENTATION('',(#6158),#6161);
#6158 = B_SPLINE_CURVE_WITH_KNOTS('',1,(#6159,#6160),.UNSPECIFIED.,.F.,
  .F.,(2,2),(-84.7,39.1),.PIECEWISE_BEZIER_KNOTS.);
#6159 = CARTESIAN_POINT('',(-107.5,-101.));
#6160 = CARTESIAN_POINT('',(16.3,-101.));
#6161 = ( GEOMETRIC_REPRESENTATION_CONTEXT(2) 
PARAMETRIC_REPRESENTATION_CONTEXT() REPRESENTATION_CONTEXT('2D SPACE',''
  ) );
#6162 = ORIENTED_EDGE('',*,*,#6163,.F.);
#6163 = EDGE_CURVE('',#6112,#6149,#6164,.T.);
#6164 = SURFACE_CURVE('',#6165,(#6169),.PCURVE_S1.);
#6165 = LINE('',#6166,#6167);
#6166 = CARTESIAN_POINT('',(89.963624334645,80.,-30.5));
#6167 = VECTOR('',#6168,1.);
#6168 = DIRECTION('',(0.,1.,0.));
#6169 = PCURVE('',#6122,#6170);
#6170 = DEFINITIONAL_REPRESENTATION('',(#6171),#6174);
#6171 = B_SPLINE_CURVE_WITH_KNOTS('',1,(#6172,#6173),.UNSPECIFIED.,.F.,
  .F.,(2,2),(-6.000000070117E-07,12.9000006),.PIECEWISE_BEZIER_KNOTS.);
#6172 = CARTESIAN_POINT('',(9.363624334645,-113.9000006));
#6173 = CARTESIAN_POINT('',(9.363624334645,-100.9999994));
#6174 = ( GEOMETRIC_REPRESENTATION_CONTEXT(2) 
PARAMETRIC_REPRESENTATION_CONTEXT() REPRESENTATION_CONTEXT('2D SPACE',''
  ) );
#6175 = SHELL_BASED_SURFACE_MODEL('',(#6176));
#6176 = OPEN_SHELL('',(#6177));
#6177 = ADVANCED_FACE('',(#6178),#6192,.T.);
#6178 = FACE_BOUND('',#6179,.T.);
#6179 = EDGE_LOOP('',(#6180,#6202,#6217,#6232));
#6180 = ORIENTED_EDGE('',*,*,#6181,.F.);
#6181 = EDGE_CURVE('',#6182,#6184,#6186,.T.);
#6182 = VERTEX_POINT('',#6183);
#6183 = CARTESIAN_POINT('',(-26.86768138535,93.4,-30.5));
#6184 = VERTEX_POINT('',#6185);
#6185 = CARTESIAN_POINT('',(-26.86768138535,106.3,-30.5));
#6186 = SURFACE_CURVE('',#6187,(#6191),.PCURVE_S1.);
#6187 = LINE('',#6188,#6189);
#6188 = CARTESIAN_POINT('',(-26.86768138535,93.4,-30.5));
#6189 = VECTOR('',#6190,1.);
#6190 = DIRECTION('',(0.,1.,0.));
#6191 = PCURVE('',#6192,#6197);
#6192 = PLANE('',#6193);
#6193 = AXIS2_PLACEMENT_3D('',#6194,#6195,#6196);
#6194 = CARTESIAN_POINT('',(80.6,193.9,-30.5));
#6195 = DIRECTION('',(0.,0.,1.));
#6196 = DIRECTION('',(1.,0.,-0.));
#6197 = DEFINITIONAL_REPRESENTATION('',(#6198),#6201);
#6198 = B_SPLINE_CURVE_WITH_KNOTS('',1,(#6199,#6200),.UNSPECIFIED.,.F.,
  .F.,(2,2),(-6.000000070117E-07,12.9000006),.PIECEWISE_BEZIER_KNOTS.);
#6199 = CARTESIAN_POINT('',(-107.4676813853,-100.5000006));
#6200 = CARTESIAN_POINT('',(-107.4676813853,-87.5999994));
#6201 = ( GEOMETRIC_REPRESENTATION_CONTEXT(2) 
PARAMETRIC_REPRESENTATION_CONTEXT() REPRESENTATION_CONTEXT('2D SPACE',''
  ) );
#6202 = ORIENTED_EDGE('',*,*,#6203,.T.);
#6203 = EDGE_CURVE('',#6182,#6204,#6206,.T.);
#6204 = VERTEX_POINT('',#6205);
#6205 = CARTESIAN_POINT('',(-19.96362433464,93.4,-30.5));
#6206 = SURFACE_CURVE('',#6207,(#6211),.PCURVE_S1.);
#6207 = LINE('',#6208,#6209);
#6208 = CARTESIAN_POINT('',(57.8,93.4,-30.5));
#6209 = VECTOR('',#6210,1.);
#6210 = DIRECTION('',(1.,0.,0.));
#6211 = PCURVE('',#6192,#6212);
#6212 = DEFINITIONAL_REPRESENTATION('',(#6213),#6216);
#6213 = B_SPLINE_CURVE_WITH_KNOTS('',1,(#6214,#6215),.UNSPECIFIED.,.F.,
  .F.,(2,2),(-84.7,39.1),.PIECEWISE_BEZIER_KNOTS.);
#6214 = CARTESIAN_POINT('',(-107.5,-100.5));
#6215 = CARTESIAN_POINT('',(16.3,-100.5));
#6216 = ( GEOMETRIC_REPRESENTATION_CONTEXT(2) 
PARAMETRIC_REPRESENTATION_CONTEXT() REPRESENTATION_CONTEXT('2D SPACE',''
  ) );
#6217 = ORIENTED_EDGE('',*,*,#6218,.T.);
#6218 = EDGE_CURVE('',#6204,#6219,#6221,.T.);
#6219 = VERTEX_POINT('',#6220);
#6220 = CARTESIAN_POINT('',(-19.96362433464,106.3,-30.5));
#6221 = SURFACE_CURVE('',#6222,(#6226),.PCURVE_S1.);
#6222 = LINE('',#6223,#6224);
#6223 = CARTESIAN_POINT('',(-19.96362433464,93.4,-30.5));
#6224 = VECTOR('',#6225,1.);
#6225 = DIRECTION('',(0.,1.,0.));
#6226 = PCURVE('',#6192,#6227);
#6227 = DEFINITIONAL_REPRESENTATION('',(#6228),#6231);
#6228 = B_SPLINE_CURVE_WITH_KNOTS('',1,(#6229,#6230),.UNSPECIFIED.,.F.,
  .F.,(2,2),(-6.000000070117E-07,12.9000006),.PIECEWISE_BEZIER_KNOTS.);
#6229 = CARTESIAN_POINT('',(-100.5636243346,-100.5000006));
#6230 = CARTESIAN_POINT('',(-100.5636243346,-87.5999994));
#6231 = ( GEOMETRIC_REPRESENTATION_CONTEXT(2) 
PARAMETRIC_REPRESENTATION_CONTEXT() REPRESENTATION_CONTEXT('2D SPACE',''
  ) );
#6232 = ORIENTED_EDGE('',*,*,#6233,.F.);
#6233 = EDGE_CURVE('',#6184,#6219,#6234,.T.);
#6234 = SURFACE_CURVE('',#6235,(#6239),.PCURVE_S1.);
#6235 = LINE('',#6236,#6237);
#6236 = CARTESIAN_POINT('',(57.8,106.3,-30.5));
#6237 = VECTOR('',#6238,1.);
#6238 = DIRECTION('',(1.,0.,0.));
#6239 = PCURVE('',#6192,#6240);
#6240 = DEFINITIONAL_REPRESENTATION('',(#6241),#6244);
#6241 = B_SPLINE_CURVE_WITH_KNOTS('',1,(#6242,#6243),.UNSPECIFIED.,.F.,
  .F.,(2,2),(-84.7,39.1),.PIECEWISE_BEZIER_KNOTS.);
#6242 = CARTESIAN_POINT('',(-107.5,-87.6));
#6243 = CARTESIAN_POINT('',(16.3,-87.6));
#6244 = ( GEOMETRIC_REPRESENTATION_CONTEXT(2) 
PARAMETRIC_REPRESENTATION_CONTEXT() REPRESENTATION_CONTEXT('2D SPACE',''
  ) );
#6245 = SHELL_BASED_SURFACE_MODEL('',(#6246));
#6246 = OPEN_SHELL('',(#6247));
#6247 = ADVANCED_FACE('',(#6248),#6262,.T.);
#6248 = FACE_BOUND('',#6249,.T.);
#6249 = EDGE_LOOP('',(#6250,#6272,#6287,#6302));
#6250 = ORIENTED_EDGE('',*,*,#6251,.T.);
#6251 = EDGE_CURVE('',#6252,#6254,#6256,.T.);
#6252 = VERTEX_POINT('',#6253);
#6253 = CARTESIAN_POINT('',(89.963624334645,93.4,-30.5));
#6254 = VERTEX_POINT('',#6255);
#6255 = CARTESIAN_POINT('',(96.867681385357,93.4,-30.5));
#6256 = SURFACE_CURVE('',#6257,(#6261),.PCURVE_S1.);
#6257 = LINE('',#6258,#6259);
#6258 = CARTESIAN_POINT('',(57.8,93.4,-30.5));
#6259 = VECTOR('',#6260,1.);
#6260 = DIRECTION('',(1.,0.,0.));
#6261 = PCURVE('',#6262,#6267);
#6262 = PLANE('',#6263);
#6263 = AXIS2_PLACEMENT_3D('',#6264,#6265,#6266);
#6264 = CARTESIAN_POINT('',(80.6,193.9,-30.5));
#6265 = DIRECTION('',(0.,0.,1.));
#6266 = DIRECTION('',(1.,0.,-0.));
#6267 = DEFINITIONAL_REPRESENTATION('',(#6268),#6271);
#6268 = B_SPLINE_CURVE_WITH_KNOTS('',1,(#6269,#6270),.UNSPECIFIED.,.F.,
  .F.,(2,2),(-84.7,39.1),.PIECEWISE_BEZIER_KNOTS.);
#6269 = CARTESIAN_POINT('',(-107.5,-100.5));
#6270 = CARTESIAN_POINT('',(16.3,-100.5));
#6271 = ( GEOMETRIC_REPRESENTATION_CONTEXT(2) 
PARAMETRIC_REPRESENTATION_CONTEXT() REPRESENTATION_CONTEXT('2D SPACE',''
  ) );
#6272 = ORIENTED_EDGE('',*,*,#6273,.T.);
#6273 = EDGE_CURVE('',#6254,#6274,#6276,.T.);
#6274 = VERTEX_POINT('',#6275);
#6275 = CARTESIAN_POINT('',(96.867681385357,106.3,-30.5));
#6276 = SURFACE_CURVE('',#6277,(#6281),.PCURVE_S1.);
#6277 = LINE('',#6278,#6279);
#6278 = CARTESIAN_POINT('',(96.867681385357,93.4,-30.5));
#6279 = VECTOR('',#6280,1.);
#6280 = DIRECTION('',(0.,1.,0.));
#6281 = PCURVE('',#6262,#6282);
#6282 = DEFINITIONAL_REPRESENTATION('',(#6283),#6286);
#6283 = B_SPLINE_CURVE_WITH_KNOTS('',1,(#6284,#6285),.UNSPECIFIED.,.F.,
  .F.,(2,2),(-6.000000070117E-07,12.9000006),.PIECEWISE_BEZIER_KNOTS.);
#6284 = CARTESIAN_POINT('',(16.267681385357,-100.5000006));
#6285 = CARTESIAN_POINT('',(16.267681385357,-87.5999994));
#6286 = ( GEOMETRIC_REPRESENTATION_CONTEXT(2) 
PARAMETRIC_REPRESENTATION_CONTEXT() REPRESENTATION_CONTEXT('2D SPACE',''
  ) );
#6287 = ORIENTED_EDGE('',*,*,#6288,.F.);
#6288 = EDGE_CURVE('',#6289,#6274,#6291,.T.);
#6289 = VERTEX_POINT('',#6290);
#6290 = CARTESIAN_POINT('',(89.963624334645,106.3,-30.5));
#6291 = SURFACE_CURVE('',#6292,(#6296),.PCURVE_S1.);
#6292 = LINE('',#6293,#6294);
#6293 = CARTESIAN_POINT('',(57.8,106.3,-30.5));
#6294 = VECTOR('',#6295,1.);
#6295 = DIRECTION('',(1.,0.,0.));
#6296 = PCURVE('',#6262,#6297);
#6297 = DEFINITIONAL_REPRESENTATION('',(#6298),#6301);
#6298 = B_SPLINE_CURVE_WITH_KNOTS('',1,(#6299,#6300),.UNSPECIFIED.,.F.,
  .F.,(2,2),(-84.7,39.1),.PIECEWISE_BEZIER_KNOTS.);
#6299 = CARTESIAN_POINT('',(-107.5,-87.6));
#6300 = CARTESIAN_POINT('',(16.3,-87.6));
#6301 = ( GEOMETRIC_REPRESENTATION_CONTEXT(2) 
PARAMETRIC_REPRESENTATION_CONTEXT() REPRESENTATION_CONTEXT('2D SPACE',''
  ) );
#6302 = ORIENTED_EDGE('',*,*,#6303,.F.);
#6303 = EDGE_CURVE('',#6252,#6289,#6304,.T.);
#6304 = SURFACE_CURVE('',#6305,(#6309),.PCURVE_S1.);
#6305 = LINE('',#6306,#6307);
#6306 = CARTESIAN_POINT('',(89.963624334645,93.4,-30.5));
#6307 = VECTOR('',#6308,1.);
#6308 = DIRECTION('',(0.,1.,0.));
#6309 = PCURVE('',#6262,#6310);
#6310 = DEFINITIONAL_REPRESENTATION('',(#6311),#6314);
#6311 = B_SPLINE_CURVE_WITH_KNOTS('',1,(#6312,#6313),.UNSPECIFIED.,.F.,
  .F.,(2,2),(-6.000000070117E-07,12.9000006),.PIECEWISE_BEZIER_KNOTS.);
#6312 = CARTESIAN_POINT('',(9.363624334645,-100.5000006));
#6313 = CARTESIAN_POINT('',(9.363624334645,-87.5999994));
#6314 = ( GEOMETRIC_REPRESENTATION_CONTEXT(2) 
PARAMETRIC_REPRESENTATION_CONTEXT() REPRESENTATION_CONTEXT('2D SPACE',''
  ) );
#6315 = SHELL_BASED_SURFACE_MODEL('',(#6316));
#6316 = OPEN_SHELL('',(#6317));
#6317 = ADVANCED_FACE('',(#6318),#6332,.T.);
#6318 = FACE_BOUND('',#6319,.T.);
#6319 = EDGE_LOOP('',(#6320,#6342,#6357,#6372));
#6320 = ORIENTED_EDGE('',*,*,#6321,.F.);
#6321 = EDGE_CURVE('',#6322,#6324,#6326,.T.);
#6322 = VERTEX_POINT('',#6323);
#6323 = CARTESIAN_POINT('',(-26.86768138535,106.8,-30.5));
#6324 = VERTEX_POINT('',#6325);
#6325 = CARTESIAN_POINT('',(-26.86768138535,119.7,-30.5));
#6326 = SURFACE_CURVE('',#6327,(#6331),.PCURVE_S1.);
#6327 = LINE('',#6328,#6329);
#6328 = CARTESIAN_POINT('',(-26.86768138535,106.8,-30.5));
#6329 = VECTOR('',#6330,1.);
#6330 = DIRECTION('',(0.,1.,0.));
#6331 = PCURVE('',#6332,#6337);
#6332 = PLANE('',#6333);
#6333 = AXIS2_PLACEMENT_3D('',#6334,#6335,#6336);
#6334 = CARTESIAN_POINT('',(80.6,193.9,-30.5));
#6335 = DIRECTION('',(0.,0.,1.));
#6336 = DIRECTION('',(1.,0.,-0.));
#6337 = DEFINITIONAL_REPRESENTATION('',(#6338),#6341);
#6338 = B_SPLINE_CURVE_WITH_KNOTS('',1,(#6339,#6340),.UNSPECIFIED.,.F.,
  .F.,(2,2),(-6.000000070117E-07,12.9000006),.PIECEWISE_BEZIER_KNOTS.);
#6339 = CARTESIAN_POINT('',(-107.4676813853,-87.1000006));
#6340 = CARTESIAN_POINT('',(-107.4676813853,-74.1999994));
#6341 = ( GEOMETRIC_REPRESENTATION_CONTEXT(2) 
PARAMETRIC_REPRESENTATION_CONTEXT() REPRESENTATION_CONTEXT('2D SPACE',''
  ) );
#6342 = ORIENTED_EDGE('',*,*,#6343,.T.);
#6343 = EDGE_CURVE('',#6322,#6344,#6346,.T.);
#6344 = VERTEX_POINT('',#6345);
#6345 = CARTESIAN_POINT('',(-19.96362433464,106.8,-30.5));
#6346 = SURFACE_CURVE('',#6347,(#6351),.PCURVE_S1.);
#6347 = LINE('',#6348,#6349);
#6348 = CARTESIAN_POINT('',(57.8,106.8,-30.5));
#6349 = VECTOR('',#6350,1.);
#6350 = DIRECTION('',(1.,0.,0.));
#6351 = PCURVE('',#6332,#6352);
#6352 = DEFINITIONAL_REPRESENTATION('',(#6353),#6356);
#6353 = B_SPLINE_CURVE_WITH_KNOTS('',1,(#6354,#6355),.UNSPECIFIED.,.F.,
  .F.,(2,2),(-84.7,39.1),.PIECEWISE_BEZIER_KNOTS.);
#6354 = CARTESIAN_POINT('',(-107.5,-87.1));
#6355 = CARTESIAN_POINT('',(16.3,-87.1));
#6356 = ( GEOMETRIC_REPRESENTATION_CONTEXT(2) 
PARAMETRIC_REPRESENTATION_CONTEXT() REPRESENTATION_CONTEXT('2D SPACE',''
  ) );
#6357 = ORIENTED_EDGE('',*,*,#6358,.T.);
#6358 = EDGE_CURVE('',#6344,#6359,#6361,.T.);
#6359 = VERTEX_POINT('',#6360);
#6360 = CARTESIAN_POINT('',(-19.96362433464,119.7,-30.5));
#6361 = SURFACE_CURVE('',#6362,(#6366),.PCURVE_S1.);
#6362 = LINE('',#6363,#6364);
#6363 = CARTESIAN_POINT('',(-19.96362433464,106.8,-30.5));
#6364 = VECTOR('',#6365,1.);
#6365 = DIRECTION('',(0.,1.,0.));
#6366 = PCURVE('',#6332,#6367);
#6367 = DEFINITIONAL_REPRESENTATION('',(#6368),#6371);
#6368 = B_SPLINE_CURVE_WITH_KNOTS('',1,(#6369,#6370),.UNSPECIFIED.,.F.,
  .F.,(2,2),(-6.000000070117E-07,12.9000006),.PIECEWISE_BEZIER_KNOTS.);
#6369 = CARTESIAN_POINT('',(-100.5636243346,-87.1000006));
#6370 = CARTESIAN_POINT('',(-100.5636243346,-74.1999994));
#6371 = ( GEOMETRIC_REPRESENTATION_CONTEXT(2) 
PARAMETRIC_REPRESENTATION_CONTEXT() REPRESENTATION_CONTEXT('2D SPACE',''
  ) );
#6372 = ORIENTED_EDGE('',*,*,#6373,.F.);
#6373 = EDGE_CURVE('',#6324,#6359,#6374,.T.);
#6374 = SURFACE_CURVE('',#6375,(#6379),.PCURVE_S1.);
#6375 = LINE('',#6376,#6377);
#6376 = CARTESIAN_POINT('',(57.8,119.7,-30.5));
#6377 = VECTOR('',#6378,1.);
#6378 = DIRECTION('',(1.,0.,0.));
#6379 = PCURVE('',#6332,#6380);
#6380 = DEFINITIONAL_REPRESENTATION('',(#6381),#6384);
#6381 = B_SPLINE_CURVE_WITH_KNOTS('',1,(#6382,#6383),.UNSPECIFIED.,.F.,
  .F.,(2,2),(-84.7,39.1),.PIECEWISE_BEZIER_KNOTS.);
#6382 = CARTESIAN_POINT('',(-107.5,-74.2));
#6383 = CARTESIAN_POINT('',(16.3,-74.2));
#6384 = ( GEOMETRIC_REPRESENTATION_CONTEXT(2) 
PARAMETRIC_REPRESENTATION_CONTEXT() REPRESENTATION_CONTEXT('2D SPACE',''
  ) );
#6385 = SHELL_BASED_SURFACE_MODEL('',(#6386));
#6386 = OPEN_SHELL('',(#6387));
#6387 = ADVANCED_FACE('',(#6388),#6402,.T.);
#6388 = FACE_BOUND('',#6389,.T.);
#6389 = EDGE_LOOP('',(#6390,#6412,#6427,#6442));
#6390 = ORIENTED_EDGE('',*,*,#6391,.T.);
#6391 = EDGE_CURVE('',#6392,#6394,#6396,.T.);
#6392 = VERTEX_POINT('',#6393);
#6393 = CARTESIAN_POINT('',(89.963624334645,106.8,-30.5));
#6394 = VERTEX_POINT('',#6395);
#6395 = CARTESIAN_POINT('',(96.867681385357,106.8,-30.5));
#6396 = SURFACE_CURVE('',#6397,(#6401),.PCURVE_S1.);
#6397 = LINE('',#6398,#6399);
#6398 = CARTESIAN_POINT('',(57.8,106.8,-30.5));
#6399 = VECTOR('',#6400,1.);
#6400 = DIRECTION('',(1.,0.,0.));
#6401 = PCURVE('',#6402,#6407);
#6402 = PLANE('',#6403);
#6403 = AXIS2_PLACEMENT_3D('',#6404,#6405,#6406);
#6404 = CARTESIAN_POINT('',(80.6,193.9,-30.5));
#6405 = DIRECTION('',(0.,0.,1.));
#6406 = DIRECTION('',(1.,0.,-0.));
#6407 = DEFINITIONAL_REPRESENTATION('',(#6408),#6411);
#6408 = B_SPLINE_CURVE_WITH_KNOTS('',1,(#6409,#6410),.UNSPECIFIED.,.F.,
  .F.,(2,2),(-84.7,39.1),.PIECEWISE_BEZIER_KNOTS.);
#6409 = CARTESIAN_POINT('',(-107.5,-87.1));
#6410 = CARTESIAN_POINT('',(16.3,-87.1));
#6411 = ( GEOMETRIC_REPRESENTATION_CONTEXT(2) 
PARAMETRIC_REPRESENTATION_CONTEXT() REPRESENTATION_CONTEXT('2D SPACE',''
  ) );
#6412 = ORIENTED_EDGE('',*,*,#6413,.T.);
#6413 = EDGE_CURVE('',#6394,#6414,#6416,.T.);
#6414 = VERTEX_POINT('',#6415);
#6415 = CARTESIAN_POINT('',(96.867681385357,119.7,-30.5));
#6416 = SURFACE_CURVE('',#6417,(#6421),.PCURVE_S1.);
#6417 = LINE('',#6418,#6419);
#6418 = CARTESIAN_POINT('',(96.867681385357,106.8,-30.5));
#6419 = VECTOR('',#6420,1.);
#6420 = DIRECTION('',(0.,1.,0.));
#6421 = PCURVE('',#6402,#6422);
#6422 = DEFINITIONAL_REPRESENTATION('',(#6423),#6426);
#6423 = B_SPLINE_CURVE_WITH_KNOTS('',1,(#6424,#6425),.UNSPECIFIED.,.F.,
  .F.,(2,2),(-6.000000070117E-07,12.9000006),.PIECEWISE_BEZIER_KNOTS.);
#6424 = CARTESIAN_POINT('',(16.267681385357,-87.1000006));
#6425 = CARTESIAN_POINT('',(16.267681385357,-74.1999994));
#6426 = ( GEOMETRIC_REPRESENTATION_CONTEXT(2) 
PARAMETRIC_REPRESENTATION_CONTEXT() REPRESENTATION_CONTEXT('2D SPACE',''
  ) );
#6427 = ORIENTED_EDGE('',*,*,#6428,.F.);
#6428 = EDGE_CURVE('',#6429,#6414,#6431,.T.);
#6429 = VERTEX_POINT('',#6430);
#6430 = CARTESIAN_POINT('',(89.963624334645,119.7,-30.5));
#6431 = SURFACE_CURVE('',#6432,(#6436),.PCURVE_S1.);
#6432 = LINE('',#6433,#6434);
#6433 = CARTESIAN_POINT('',(57.8,119.7,-30.5));
#6434 = VECTOR('',#6435,1.);
#6435 = DIRECTION('',(1.,0.,0.));
#6436 = PCURVE('',#6402,#6437);
#6437 = DEFINITIONAL_REPRESENTATION('',(#6438),#6441);
#6438 = B_SPLINE_CURVE_WITH_KNOTS('',1,(#6439,#6440),.UNSPECIFIED.,.F.,
  .F.,(2,2),(-84.7,39.1),.PIECEWISE_BEZIER_KNOTS.);
#6439 = CARTESIAN_POINT('',(-107.5,-74.2));
#6440 = CARTESIAN_POINT('',(16.3,-74.2));
#6441 = ( GEOMETRIC_REPRESENTATION_CONTEXT(2) 
PARAMETRIC_REPRESENTATION_CONTEXT() REPRESENTATION_CONTEXT('2D SPACE',''
  ) );
#6442 = ORIENTED_EDGE('',*,*,#6443,.F.);
#6443 = EDGE_CURVE('',#6392,#6429,#6444,.T.);
#6444 = SURFACE_CURVE('',#6445,(#6449),.PCURVE_S1.);
#6445 = LINE('',#6446,#6447);
#6446 = CARTESIAN_POINT('',(89.963624334645,106.8,-30.5));
#6447 = VECTOR('',#6448,1.);
#6448 = DIRECTION('',(0.,1.,0.));
#6449 = PCURVE('',#6402,#6450);
#6450 = DEFINITIONAL_REPRESENTATION('',(#6451),#6454);
#6451 = B_SPLINE_CURVE_WITH_KNOTS('',1,(#6452,#6453),.UNSPECIFIED.,.F.,
  .F.,(2,2),(-6.000000070117E-07,12.9000006),.PIECEWISE_BEZIER_KNOTS.);
#6452 = CARTESIAN_POINT('',(9.363624334645,-87.1000006));
#6453 = CARTESIAN_POINT('',(9.363624334645,-74.1999994));
#6454 = ( GEOMETRIC_REPRESENTATION_CONTEXT(2) 
PARAMETRIC_REPRESENTATION_CONTEXT() REPRESENTATION_CONTEXT('2D SPACE',''
  ) );
#6455 = SHELL_BASED_SURFACE_MODEL('',(#6456));
#6456 = OPEN_SHELL('',(#6457));
#6457 = ADVANCED_FACE('',(#6458),#6472,.T.);
#6458 = FACE_BOUND('',#6459,.T.);
#6459 = EDGE_LOOP('',(#6460,#6482,#6497,#6512));
#6460 = ORIENTED_EDGE('',*,*,#6461,.F.);
#6461 = EDGE_CURVE('',#6462,#6464,#6466,.T.);
#6462 = VERTEX_POINT('',#6463);
#6463 = CARTESIAN_POINT('',(-26.86768138535,120.2,-30.5));
#6464 = VERTEX_POINT('',#6465);
#6465 = CARTESIAN_POINT('',(-26.86768138535,133.1,-30.5));
#6466 = SURFACE_CURVE('',#6467,(#6471),.PCURVE_S1.);
#6467 = LINE('',#6468,#6469);
#6468 = CARTESIAN_POINT('',(-26.86768138535,120.2,-30.5));
#6469 = VECTOR('',#6470,1.);
#6470 = DIRECTION('',(0.,1.,0.));
#6471 = PCURVE('',#6472,#6477);
#6472 = PLANE('',#6473);
#6473 = AXIS2_PLACEMENT_3D('',#6474,#6475,#6476);
#6474 = CARTESIAN_POINT('',(80.6,193.9,-30.5));
#6475 = DIRECTION('',(0.,0.,1.));
#6476 = DIRECTION('',(1.,0.,-0.));
#6477 = DEFINITIONAL_REPRESENTATION('',(#6478),#6481);
#6478 = B_SPLINE_CURVE_WITH_KNOTS('',1,(#6479,#6480),.UNSPECIFIED.,.F.,
  .F.,(2,2),(-6.000000070117E-07,12.9000006),.PIECEWISE_BEZIER_KNOTS.);
#6479 = CARTESIAN_POINT('',(-107.4676813853,-73.7000006));
#6480 = CARTESIAN_POINT('',(-107.4676813853,-60.7999994));
#6481 = ( GEOMETRIC_REPRESENTATION_CONTEXT(2) 
PARAMETRIC_REPRESENTATION_CONTEXT() REPRESENTATION_CONTEXT('2D SPACE',''
  ) );
#6482 = ORIENTED_EDGE('',*,*,#6483,.T.);
#6483 = EDGE_CURVE('',#6462,#6484,#6486,.T.);
#6484 = VERTEX_POINT('',#6485);
#6485 = CARTESIAN_POINT('',(-19.96362433464,120.2,-30.5));
#6486 = SURFACE_CURVE('',#6487,(#6491),.PCURVE_S1.);
#6487 = LINE('',#6488,#6489);
#6488 = CARTESIAN_POINT('',(57.8,120.2,-30.5));
#6489 = VECTOR('',#6490,1.);
#6490 = DIRECTION('',(1.,0.,0.));
#6491 = PCURVE('',#6472,#6492);
#6492 = DEFINITIONAL_REPRESENTATION('',(#6493),#6496);
#6493 = B_SPLINE_CURVE_WITH_KNOTS('',1,(#6494,#6495),.UNSPECIFIED.,.F.,
  .F.,(2,2),(-84.7,39.1),.PIECEWISE_BEZIER_KNOTS.);
#6494 = CARTESIAN_POINT('',(-107.5,-73.7));
#6495 = CARTESIAN_POINT('',(16.3,-73.7));
#6496 = ( GEOMETRIC_REPRESENTATION_CONTEXT(2) 
PARAMETRIC_REPRESENTATION_CONTEXT() REPRESENTATION_CONTEXT('2D SPACE',''
  ) );
#6497 = ORIENTED_EDGE('',*,*,#6498,.T.);
#6498 = EDGE_CURVE('',#6484,#6499,#6501,.T.);
#6499 = VERTEX_POINT('',#6500);
#6500 = CARTESIAN_POINT('',(-19.96362433464,133.1,-30.5));
#6501 = SURFACE_CURVE('',#6502,(#6506),.PCURVE_S1.);
#6502 = LINE('',#6503,#6504);
#6503 = CARTESIAN_POINT('',(-19.96362433464,120.2,-30.5));
#6504 = VECTOR('',#6505,1.);
#6505 = DIRECTION('',(0.,1.,0.));
#6506 = PCURVE('',#6472,#6507);
#6507 = DEFINITIONAL_REPRESENTATION('',(#6508),#6511);
#6508 = B_SPLINE_CURVE_WITH_KNOTS('',1,(#6509,#6510),.UNSPECIFIED.,.F.,
  .F.,(2,2),(-6.000000070117E-07,12.9000006),.PIECEWISE_BEZIER_KNOTS.);
#6509 = CARTESIAN_POINT('',(-100.5636243346,-73.7000006));
#6510 = CARTESIAN_POINT('',(-100.5636243346,-60.7999994));
#6511 = ( GEOMETRIC_REPRESENTATION_CONTEXT(2) 
PARAMETRIC_REPRESENTATION_CONTEXT() REPRESENTATION_CONTEXT('2D SPACE',''
  ) );
#6512 = ORIENTED_EDGE('',*,*,#6513,.F.);
#6513 = EDGE_CURVE('',#6464,#6499,#6514,.T.);
#6514 = SURFACE_CURVE('',#6515,(#6519),.PCURVE_S1.);
#6515 = LINE('',#6516,#6517);
#6516 = CARTESIAN_POINT('',(57.8,133.1,-30.5));
#6517 = VECTOR('',#6518,1.);
#6518 = DIRECTION('',(1.,0.,0.));
#6519 = PCURVE('',#6472,#6520);
#6520 = DEFINITIONAL_REPRESENTATION('',(#6521),#6524);
#6521 = B_SPLINE_CURVE_WITH_KNOTS('',1,(#6522,#6523),.UNSPECIFIED.,.F.,
  .F.,(2,2),(-84.7,39.1),.PIECEWISE_BEZIER_KNOTS.);
#6522 = CARTESIAN_POINT('',(-107.5,-60.8));
#6523 = CARTESIAN_POINT('',(16.3,-60.8));
#6524 = ( GEOMETRIC_REPRESENTATION_CONTEXT(2) 
PARAMETRIC_REPRESENTATION_CONTEXT() REPRESENTATION_CONTEXT('2D SPACE',''
  ) );
#6525 = SHELL_BASED_SURFACE_MODEL('',(#6526));
#6526 = OPEN_SHELL('',(#6527));
#6527 = ADVANCED_FACE('',(#6528),#6542,.T.);
#6528 = FACE_BOUND('',#6529,.T.);
#6529 = EDGE_LOOP('',(#6530,#6552,#6567,#6582));
#6530 = ORIENTED_EDGE('',*,*,#6531,.T.);
#6531 = EDGE_CURVE('',#6532,#6534,#6536,.T.);
#6532 = VERTEX_POINT('',#6533);
#6533 = CARTESIAN_POINT('',(89.963624334645,120.2,-30.5));
#6534 = VERTEX_POINT('',#6535);
#6535 = CARTESIAN_POINT('',(96.867681385357,120.2,-30.5));
#6536 = SURFACE_CURVE('',#6537,(#6541),.PCURVE_S1.);
#6537 = LINE('',#6538,#6539);
#6538 = CARTESIAN_POINT('',(57.8,120.2,-30.5));
#6539 = VECTOR('',#6540,1.);
#6540 = DIRECTION('',(1.,0.,0.));
#6541 = PCURVE('',#6542,#6547);
#6542 = PLANE('',#6543);
#6543 = AXIS2_PLACEMENT_3D('',#6544,#6545,#6546);
#6544 = CARTESIAN_POINT('',(80.6,193.9,-30.5));
#6545 = DIRECTION('',(0.,0.,1.));
#6546 = DIRECTION('',(1.,0.,-0.));
#6547 = DEFINITIONAL_REPRESENTATION('',(#6548),#6551);
#6548 = B_SPLINE_CURVE_WITH_KNOTS('',1,(#6549,#6550),.UNSPECIFIED.,.F.,
  .F.,(2,2),(-84.7,39.1),.PIECEWISE_BEZIER_KNOTS.);
#6549 = CARTESIAN_POINT('',(-107.5,-73.7));
#6550 = CARTESIAN_POINT('',(16.3,-73.7));
#6551 = ( GEOMETRIC_REPRESENTATION_CONTEXT(2) 
PARAMETRIC_REPRESENTATION_CONTEXT() REPRESENTATION_CONTEXT('2D SPACE',''
  ) );
#6552 = ORIENTED_EDGE('',*,*,#6553,.T.);
#6553 = EDGE_CURVE('',#6534,#6554,#6556,.T.);
#6554 = VERTEX_POINT('',#6555);
#6555 = CARTESIAN_POINT('',(96.867681385357,133.1,-30.5));
#6556 = SURFACE_CURVE('',#6557,(#6561),.PCURVE_S1.);
#6557 = LINE('',#6558,#6559);
#6558 = CARTESIAN_POINT('',(96.867681385357,120.2,-30.5));
#6559 = VECTOR('',#6560,1.);
#6560 = DIRECTION('',(0.,1.,0.));
#6561 = PCURVE('',#6542,#6562);
#6562 = DEFINITIONAL_REPRESENTATION('',(#6563),#6566);
#6563 = B_SPLINE_CURVE_WITH_KNOTS('',1,(#6564,#6565),.UNSPECIFIED.,.F.,
  .F.,(2,2),(-6.000000070117E-07,12.9000006),.PIECEWISE_BEZIER_KNOTS.);
#6564 = CARTESIAN_POINT('',(16.267681385357,-73.7000006));
#6565 = CARTESIAN_POINT('',(16.267681385357,-60.7999994));
#6566 = ( GEOMETRIC_REPRESENTATION_CONTEXT(2) 
PARAMETRIC_REPRESENTATION_CONTEXT() REPRESENTATION_CONTEXT('2D SPACE',''
  ) );
#6567 = ORIENTED_EDGE('',*,*,#6568,.F.);
#6568 = EDGE_CURVE('',#6569,#6554,#6571,.T.);
#6569 = VERTEX_POINT('',#6570);
#6570 = CARTESIAN_POINT('',(89.963624334645,133.1,-30.5));
#6571 = SURFACE_CURVE('',#6572,(#6576),.PCURVE_S1.);
#6572 = LINE('',#6573,#6574);
#6573 = CARTESIAN_POINT('',(57.8,133.1,-30.5));
#6574 = VECTOR('',#6575,1.);
#6575 = DIRECTION('',(1.,0.,0.));
#6576 = PCURVE('',#6542,#6577);
#6577 = DEFINITIONAL_REPRESENTATION('',(#6578),#6581);
#6578 = B_SPLINE_CURVE_WITH_KNOTS('',1,(#6579,#6580),.UNSPECIFIED.,.F.,
  .F.,(2,2),(-84.7,39.1),.PIECEWISE_BEZIER_KNOTS.);
#6579 = CARTESIAN_POINT('',(-107.5,-60.8));
#6580 = CARTESIAN_POINT('',(16.3,-60.8));
#6581 = ( GEOMETRIC_REPRESENTATION_CONTEXT(2) 
PARAMETRIC_REPRESENTATION_CONTEXT() REPRESENTATION_CONTEXT('2D SPACE',''
  ) );
#6582 = ORIENTED_EDGE('',*,*,#6583,.F.);
#6583 = EDGE_CURVE('',#6532,#6569,#6584,.T.);
#6584 = SURFACE_CURVE('',#6585,(#6589),.PCURVE_S1.);
#6585 = LINE('',#6586,#6587);
#6586 = CARTESIAN_POINT('',(89.963624334645,120.2,-30.5));
#6587 = VECTOR('',#6588,1.);
#6588 = DIRECTION('',(0.,1.,0.));
#6589 = PCURVE('',#6542,#6590);
#6590 = DEFINITIONAL_REPRESENTATION('',(#6591),#6594);
#6591 = B_SPLINE_CURVE_WITH_KNOTS('',1,(#6592,#6593),.UNSPECIFIED.,.F.,
  .F.,(2,2),(-6.000000070117E-07,12.9000006),.PIECEWISE_BEZIER_KNOTS.);
#6592 = CARTESIAN_POINT('',(9.363624334645,-73.7000006));
#6593 = CARTESIAN_POINT('',(9.363624334645,-60.7999994));
#6594 = ( GEOMETRIC_REPRESENTATION_CONTEXT(2) 
PARAMETRIC_REPRESENTATION_CONTEXT() REPRESENTATION_CONTEXT('2D SPACE',''
  ) );
#6595 = SHELL_BASED_SURFACE_MODEL('',(#6596));
#6596 = OPEN_SHELL('',(#6597));
#6597 = ADVANCED_FACE('',(#6598),#6612,.T.);
#6598 = FACE_BOUND('',#6599,.T.);
#6599 = EDGE_LOOP('',(#6600,#6622,#6637,#6652));
#6600 = ORIENTED_EDGE('',*,*,#6601,.F.);
#6601 = EDGE_CURVE('',#6602,#6604,#6606,.T.);
#6602 = VERTEX_POINT('',#6603);
#6603 = CARTESIAN_POINT('',(-26.86768138535,133.6,-30.5));
#6604 = VERTEX_POINT('',#6605);
#6605 = CARTESIAN_POINT('',(-26.86768138535,146.5,-30.5));
#6606 = SURFACE_CURVE('',#6607,(#6611),.PCURVE_S1.);
#6607 = LINE('',#6608,#6609);
#6608 = CARTESIAN_POINT('',(-26.86768138535,133.6,-30.5));
#6609 = VECTOR('',#6610,1.);
#6610 = DIRECTION('',(0.,1.,0.));
#6611 = PCURVE('',#6612,#6617);
#6612 = PLANE('',#6613);
#6613 = AXIS2_PLACEMENT_3D('',#6614,#6615,#6616);
#6614 = CARTESIAN_POINT('',(80.6,193.9,-30.5));
#6615 = DIRECTION('',(0.,0.,1.));
#6616 = DIRECTION('',(1.,0.,-0.));
#6617 = DEFINITIONAL_REPRESENTATION('',(#6618),#6621);
#6618 = B_SPLINE_CURVE_WITH_KNOTS('',1,(#6619,#6620),.UNSPECIFIED.,.F.,
  .F.,(2,2),(-5.999999928008E-07,12.9000006),.PIECEWISE_BEZIER_KNOTS.);
#6619 = CARTESIAN_POINT('',(-107.4676813853,-60.3000006));
#6620 = CARTESIAN_POINT('',(-107.4676813853,-47.3999994));
#6621 = ( GEOMETRIC_REPRESENTATION_CONTEXT(2) 
PARAMETRIC_REPRESENTATION_CONTEXT() REPRESENTATION_CONTEXT('2D SPACE',''
  ) );
#6622 = ORIENTED_EDGE('',*,*,#6623,.T.);
#6623 = EDGE_CURVE('',#6602,#6624,#6626,.T.);
#6624 = VERTEX_POINT('',#6625);
#6625 = CARTESIAN_POINT('',(-19.96362433464,133.6,-30.5));
#6626 = SURFACE_CURVE('',#6627,(#6631),.PCURVE_S1.);
#6627 = LINE('',#6628,#6629);
#6628 = CARTESIAN_POINT('',(57.8,133.6,-30.5));
#6629 = VECTOR('',#6630,1.);
#6630 = DIRECTION('',(1.,0.,0.));
#6631 = PCURVE('',#6612,#6632);
#6632 = DEFINITIONAL_REPRESENTATION('',(#6633),#6636);
#6633 = B_SPLINE_CURVE_WITH_KNOTS('',1,(#6634,#6635),.UNSPECIFIED.,.F.,
  .F.,(2,2),(-84.7,39.1),.PIECEWISE_BEZIER_KNOTS.);
#6634 = CARTESIAN_POINT('',(-107.5,-60.3));
#6635 = CARTESIAN_POINT('',(16.3,-60.3));
#6636 = ( GEOMETRIC_REPRESENTATION_CONTEXT(2) 
PARAMETRIC_REPRESENTATION_CONTEXT() REPRESENTATION_CONTEXT('2D SPACE',''
  ) );
#6637 = ORIENTED_EDGE('',*,*,#6638,.T.);
#6638 = EDGE_CURVE('',#6624,#6639,#6641,.T.);
#6639 = VERTEX_POINT('',#6640);
#6640 = CARTESIAN_POINT('',(-19.96362433464,146.5,-30.5));
#6641 = SURFACE_CURVE('',#6642,(#6646),.PCURVE_S1.);
#6642 = LINE('',#6643,#6644);
#6643 = CARTESIAN_POINT('',(-19.96362433464,133.6,-30.5));
#6644 = VECTOR('',#6645,1.);
#6645 = DIRECTION('',(0.,1.,0.));
#6646 = PCURVE('',#6612,#6647);
#6647 = DEFINITIONAL_REPRESENTATION('',(#6648),#6651);
#6648 = B_SPLINE_CURVE_WITH_KNOTS('',1,(#6649,#6650),.UNSPECIFIED.,.F.,
  .F.,(2,2),(-5.999999928008E-07,12.9000006),.PIECEWISE_BEZIER_KNOTS.);
#6649 = CARTESIAN_POINT('',(-100.5636243346,-60.3000006));
#6650 = CARTESIAN_POINT('',(-100.5636243346,-47.3999994));
#6651 = ( GEOMETRIC_REPRESENTATION_CONTEXT(2) 
PARAMETRIC_REPRESENTATION_CONTEXT() REPRESENTATION_CONTEXT('2D SPACE',''
  ) );
#6652 = ORIENTED_EDGE('',*,*,#6653,.F.);
#6653 = EDGE_CURVE('',#6604,#6639,#6654,.T.);
#6654 = SURFACE_CURVE('',#6655,(#6659),.PCURVE_S1.);
#6655 = LINE('',#6656,#6657);
#6656 = CARTESIAN_POINT('',(57.8,146.5,-30.5));
#6657 = VECTOR('',#6658,1.);
#6658 = DIRECTION('',(1.,0.,0.));
#6659 = PCURVE('',#6612,#6660);
#6660 = DEFINITIONAL_REPRESENTATION('',(#6661),#6664);
#6661 = B_SPLINE_CURVE_WITH_KNOTS('',1,(#6662,#6663),.UNSPECIFIED.,.F.,
  .F.,(2,2),(-84.7,39.1),.PIECEWISE_BEZIER_KNOTS.);
#6662 = CARTESIAN_POINT('',(-107.5,-47.4));
#6663 = CARTESIAN_POINT('',(16.3,-47.4));
#6664 = ( GEOMETRIC_REPRESENTATION_CONTEXT(2) 
PARAMETRIC_REPRESENTATION_CONTEXT() REPRESENTATION_CONTEXT('2D SPACE',''
  ) );
#6665 = SHELL_BASED_SURFACE_MODEL('',(#6666));
#6666 = OPEN_SHELL('',(#6667));
#6667 = ADVANCED_FACE('',(#6668),#6682,.T.);
#6668 = FACE_BOUND('',#6669,.T.);
#6669 = EDGE_LOOP('',(#6670,#6692,#6707,#6722));
#6670 = ORIENTED_EDGE('',*,*,#6671,.T.);
#6671 = EDGE_CURVE('',#6672,#6674,#6676,.T.);
#6672 = VERTEX_POINT('',#6673);
#6673 = CARTESIAN_POINT('',(89.963624334645,133.6,-30.5));
#6674 = VERTEX_POINT('',#6675);
#6675 = CARTESIAN_POINT('',(96.867681385357,133.6,-30.5));
#6676 = SURFACE_CURVE('',#6677,(#6681),.PCURVE_S1.);
#6677 = LINE('',#6678,#6679);
#6678 = CARTESIAN_POINT('',(57.8,133.6,-30.5));
#6679 = VECTOR('',#6680,1.);
#6680 = DIRECTION('',(1.,0.,0.));
#6681 = PCURVE('',#6682,#6687);
#6682 = PLANE('',#6683);
#6683 = AXIS2_PLACEMENT_3D('',#6684,#6685,#6686);
#6684 = CARTESIAN_POINT('',(80.6,193.9,-30.5));
#6685 = DIRECTION('',(0.,0.,1.));
#6686 = DIRECTION('',(1.,0.,-0.));
#6687 = DEFINITIONAL_REPRESENTATION('',(#6688),#6691);
#6688 = B_SPLINE_CURVE_WITH_KNOTS('',1,(#6689,#6690),.UNSPECIFIED.,.F.,
  .F.,(2,2),(-84.7,39.1),.PIECEWISE_BEZIER_KNOTS.);
#6689 = CARTESIAN_POINT('',(-107.5,-60.3));
#6690 = CARTESIAN_POINT('',(16.3,-60.3));
#6691 = ( GEOMETRIC_REPRESENTATION_CONTEXT(2) 
PARAMETRIC_REPRESENTATION_CONTEXT() REPRESENTATION_CONTEXT('2D SPACE',''
  ) );
#6692 = ORIENTED_EDGE('',*,*,#6693,.T.);
#6693 = EDGE_CURVE('',#6674,#6694,#6696,.T.);
#6694 = VERTEX_POINT('',#6695);
#6695 = CARTESIAN_POINT('',(96.867681385357,146.5,-30.5));
#6696 = SURFACE_CURVE('',#6697,(#6701),.PCURVE_S1.);
#6697 = LINE('',#6698,#6699);
#6698 = CARTESIAN_POINT('',(96.867681385357,133.6,-30.5));
#6699 = VECTOR('',#6700,1.);
#6700 = DIRECTION('',(0.,1.,0.));
#6701 = PCURVE('',#6682,#6702);
#6702 = DEFINITIONAL_REPRESENTATION('',(#6703),#6706);
#6703 = B_SPLINE_CURVE_WITH_KNOTS('',1,(#6704,#6705),.UNSPECIFIED.,.F.,
  .F.,(2,2),(-5.999999928008E-07,12.9000006),.PIECEWISE_BEZIER_KNOTS.);
#6704 = CARTESIAN_POINT('',(16.267681385357,-60.3000006));
#6705 = CARTESIAN_POINT('',(16.267681385357,-47.3999994));
#6706 = ( GEOMETRIC_REPRESENTATION_CONTEXT(2) 
PARAMETRIC_REPRESENTATION_CONTEXT() REPRESENTATION_CONTEXT('2D SPACE',''
  ) );
#6707 = ORIENTED_EDGE('',*,*,#6708,.F.);
#6708 = EDGE_CURVE('',#6709,#6694,#6711,.T.);
#6709 = VERTEX_POINT('',#6710);
#6710 = CARTESIAN_POINT('',(89.963624334645,146.5,-30.5));
#6711 = SURFACE_CURVE('',#6712,(#6716),.PCURVE_S1.);
#6712 = LINE('',#6713,#6714);
#6713 = CARTESIAN_POINT('',(57.8,146.5,-30.5));
#6714 = VECTOR('',#6715,1.);
#6715 = DIRECTION('',(1.,0.,0.));
#6716 = PCURVE('',#6682,#6717);
#6717 = DEFINITIONAL_REPRESENTATION('',(#6718),#6721);
#6718 = B_SPLINE_CURVE_WITH_KNOTS('',1,(#6719,#6720),.UNSPECIFIED.,.F.,
  .F.,(2,2),(-84.7,39.1),.PIECEWISE_BEZIER_KNOTS.);
#6719 = CARTESIAN_POINT('',(-107.5,-47.4));
#6720 = CARTESIAN_POINT('',(16.3,-47.4));
#6721 = ( GEOMETRIC_REPRESENTATION_CONTEXT(2) 
PARAMETRIC_REPRESENTATION_CONTEXT() REPRESENTATION_CONTEXT('2D SPACE',''
  ) );
#6722 = ORIENTED_EDGE('',*,*,#6723,.F.);
#6723 = EDGE_CURVE('',#6672,#6709,#6724,.T.);
#6724 = SURFACE_CURVE('',#6725,(#6729),.PCURVE_S1.);
#6725 = LINE('',#6726,#6727);
#6726 = CARTESIAN_POINT('',(89.963624334645,133.6,-30.5));
#6727 = VECTOR('',#6728,1.);
#6728 = DIRECTION('',(0.,1.,0.));
#6729 = PCURVE('',#6682,#6730);
#6730 = DEFINITIONAL_REPRESENTATION('',(#6731),#6734);
#6731 = B_SPLINE_CURVE_WITH_KNOTS('',1,(#6732,#6733),.UNSPECIFIED.,.F.,
  .F.,(2,2),(-5.999999928008E-07,12.9000006),.PIECEWISE_BEZIER_KNOTS.);
#6732 = CARTESIAN_POINT('',(9.363624334645,-60.3000006));
#6733 = CARTESIAN_POINT('',(9.363624334645,-47.3999994));
#6734 = ( GEOMETRIC_REPRESENTATION_CONTEXT(2) 
PARAMETRIC_REPRESENTATION_CONTEXT() REPRESENTATION_CONTEXT('2D SPACE',''
  ) );
#6735 = SHELL_BASED_SURFACE_MODEL('',(#6736));
#6736 = OPEN_SHELL('',(#6737));
#6737 = ADVANCED_FACE('',(#6738),#6752,.T.);
#6738 = FACE_BOUND('',#6739,.T.);
#6739 = EDGE_LOOP('',(#6740,#6762,#6777,#6792));
#6740 = ORIENTED_EDGE('',*,*,#6741,.F.);
#6741 = EDGE_CURVE('',#6742,#6744,#6746,.T.);
#6742 = VERTEX_POINT('',#6743);
#6743 = CARTESIAN_POINT('',(-26.86768138535,147.,-30.5));
#6744 = VERTEX_POINT('',#6745);
#6745 = CARTESIAN_POINT('',(-26.86768138535,159.9,-30.5));
#6746 = SURFACE_CURVE('',#6747,(#6751),.PCURVE_S1.);
#6747 = LINE('',#6748,#6749);
#6748 = CARTESIAN_POINT('',(-26.86768138535,147.,-30.5));
#6749 = VECTOR('',#6750,1.);
#6750 = DIRECTION('',(0.,1.,0.));
#6751 = PCURVE('',#6752,#6757);
#6752 = PLANE('',#6753);
#6753 = AXIS2_PLACEMENT_3D('',#6754,#6755,#6756);
#6754 = CARTESIAN_POINT('',(80.6,193.9,-30.5));
#6755 = DIRECTION('',(0.,0.,1.));
#6756 = DIRECTION('',(1.,0.,-0.));
#6757 = DEFINITIONAL_REPRESENTATION('',(#6758),#6761);
#6758 = B_SPLINE_CURVE_WITH_KNOTS('',1,(#6759,#6760),.UNSPECIFIED.,.F.,
  .F.,(2,2),(-5.999999928008E-07,12.9000006),.PIECEWISE_BEZIER_KNOTS.);
#6759 = CARTESIAN_POINT('',(-107.4676813853,-46.9000006));
#6760 = CARTESIAN_POINT('',(-107.4676813853,-33.9999994));
#6761 = ( GEOMETRIC_REPRESENTATION_CONTEXT(2) 
PARAMETRIC_REPRESENTATION_CONTEXT() REPRESENTATION_CONTEXT('2D SPACE',''
  ) );
#6762 = ORIENTED_EDGE('',*,*,#6763,.T.);
#6763 = EDGE_CURVE('',#6742,#6764,#6766,.T.);
#6764 = VERTEX_POINT('',#6765);
#6765 = CARTESIAN_POINT('',(-19.96362433464,147.,-30.5));
#6766 = SURFACE_CURVE('',#6767,(#6771),.PCURVE_S1.);
#6767 = LINE('',#6768,#6769);
#6768 = CARTESIAN_POINT('',(57.8,147.,-30.5));
#6769 = VECTOR('',#6770,1.);
#6770 = DIRECTION('',(1.,0.,0.));
#6771 = PCURVE('',#6752,#6772);
#6772 = DEFINITIONAL_REPRESENTATION('',(#6773),#6776);
#6773 = B_SPLINE_CURVE_WITH_KNOTS('',1,(#6774,#6775),.UNSPECIFIED.,.F.,
  .F.,(2,2),(-84.7,39.1),.PIECEWISE_BEZIER_KNOTS.);
#6774 = CARTESIAN_POINT('',(-107.5,-46.9));
#6775 = CARTESIAN_POINT('',(16.3,-46.9));
#6776 = ( GEOMETRIC_REPRESENTATION_CONTEXT(2) 
PARAMETRIC_REPRESENTATION_CONTEXT() REPRESENTATION_CONTEXT('2D SPACE',''
  ) );
#6777 = ORIENTED_EDGE('',*,*,#6778,.T.);
#6778 = EDGE_CURVE('',#6764,#6779,#6781,.T.);
#6779 = VERTEX_POINT('',#6780);
#6780 = CARTESIAN_POINT('',(-19.96362433464,159.9,-30.5));
#6781 = SURFACE_CURVE('',#6782,(#6786),.PCURVE_S1.);
#6782 = LINE('',#6783,#6784);
#6783 = CARTESIAN_POINT('',(-19.96362433464,147.,-30.5));
#6784 = VECTOR('',#6785,1.);
#6785 = DIRECTION('',(0.,1.,0.));
#6786 = PCURVE('',#6752,#6787);
#6787 = DEFINITIONAL_REPRESENTATION('',(#6788),#6791);
#6788 = B_SPLINE_CURVE_WITH_KNOTS('',1,(#6789,#6790),.UNSPECIFIED.,.F.,
  .F.,(2,2),(-5.999999928008E-07,12.9000006),.PIECEWISE_BEZIER_KNOTS.);
#6789 = CARTESIAN_POINT('',(-100.5636243346,-46.9000006));
#6790 = CARTESIAN_POINT('',(-100.5636243346,-33.9999994));
#6791 = ( GEOMETRIC_REPRESENTATION_CONTEXT(2) 
PARAMETRIC_REPRESENTATION_CONTEXT() REPRESENTATION_CONTEXT('2D SPACE',''
  ) );
#6792 = ORIENTED_EDGE('',*,*,#6793,.F.);
#6793 = EDGE_CURVE('',#6744,#6779,#6794,.T.);
#6794 = SURFACE_CURVE('',#6795,(#6799),.PCURVE_S1.);
#6795 = LINE('',#6796,#6797);
#6796 = CARTESIAN_POINT('',(57.8,159.9,-30.5));
#6797 = VECTOR('',#6798,1.);
#6798 = DIRECTION('',(1.,0.,0.));
#6799 = PCURVE('',#6752,#6800);
#6800 = DEFINITIONAL_REPRESENTATION('',(#6801),#6804);
#6801 = B_SPLINE_CURVE_WITH_KNOTS('',1,(#6802,#6803),.UNSPECIFIED.,.F.,
  .F.,(2,2),(-84.7,39.1),.PIECEWISE_BEZIER_KNOTS.);
#6802 = CARTESIAN_POINT('',(-107.5,-34.));
#6803 = CARTESIAN_POINT('',(16.3,-34.));
#6804 = ( GEOMETRIC_REPRESENTATION_CONTEXT(2) 
PARAMETRIC_REPRESENTATION_CONTEXT() REPRESENTATION_CONTEXT('2D SPACE',''
  ) );
#6805 = SHELL_BASED_SURFACE_MODEL('',(#6806));
#6806 = OPEN_SHELL('',(#6807));
#6807 = ADVANCED_FACE('',(#6808),#6822,.T.);
#6808 = FACE_BOUND('',#6809,.T.);
#6809 = EDGE_LOOP('',(#6810,#6832,#6847,#6862));
#6810 = ORIENTED_EDGE('',*,*,#6811,.T.);
#6811 = EDGE_CURVE('',#6812,#6814,#6816,.T.);
#6812 = VERTEX_POINT('',#6813);
#6813 = CARTESIAN_POINT('',(89.963624334645,147.,-30.5));
#6814 = VERTEX_POINT('',#6815);
#6815 = CARTESIAN_POINT('',(96.867681385357,147.,-30.5));
#6816 = SURFACE_CURVE('',#6817,(#6821),.PCURVE_S1.);
#6817 = LINE('',#6818,#6819);
#6818 = CARTESIAN_POINT('',(57.8,147.,-30.5));
#6819 = VECTOR('',#6820,1.);
#6820 = DIRECTION('',(1.,0.,0.));
#6821 = PCURVE('',#6822,#6827);
#6822 = PLANE('',#6823);
#6823 = AXIS2_PLACEMENT_3D('',#6824,#6825,#6826);
#6824 = CARTESIAN_POINT('',(80.6,193.9,-30.5));
#6825 = DIRECTION('',(0.,0.,1.));
#6826 = DIRECTION('',(1.,0.,-0.));
#6827 = DEFINITIONAL_REPRESENTATION('',(#6828),#6831);
#6828 = B_SPLINE_CURVE_WITH_KNOTS('',1,(#6829,#6830),.UNSPECIFIED.,.F.,
  .F.,(2,2),(-84.7,39.1),.PIECEWISE_BEZIER_KNOTS.);
#6829 = CARTESIAN_POINT('',(-107.5,-46.9));
#6830 = CARTESIAN_POINT('',(16.3,-46.9));
#6831 = ( GEOMETRIC_REPRESENTATION_CONTEXT(2) 
PARAMETRIC_REPRESENTATION_CONTEXT() REPRESENTATION_CONTEXT('2D SPACE',''
  ) );
#6832 = ORIENTED_EDGE('',*,*,#6833,.T.);
#6833 = EDGE_CURVE('',#6814,#6834,#6836,.T.);
#6834 = VERTEX_POINT('',#6835);
#6835 = CARTESIAN_POINT('',(96.867681385357,159.9,-30.5));
#6836 = SURFACE_CURVE('',#6837,(#6841),.PCURVE_S1.);
#6837 = LINE('',#6838,#6839);
#6838 = CARTESIAN_POINT('',(96.867681385357,147.,-30.5));
#6839 = VECTOR('',#6840,1.);
#6840 = DIRECTION('',(0.,1.,0.));
#6841 = PCURVE('',#6822,#6842);
#6842 = DEFINITIONAL_REPRESENTATION('',(#6843),#6846);
#6843 = B_SPLINE_CURVE_WITH_KNOTS('',1,(#6844,#6845),.UNSPECIFIED.,.F.,
  .F.,(2,2),(-5.999999928008E-07,12.9000006),.PIECEWISE_BEZIER_KNOTS.);
#6844 = CARTESIAN_POINT('',(16.267681385357,-46.9000006));
#6845 = CARTESIAN_POINT('',(16.267681385357,-33.9999994));
#6846 = ( GEOMETRIC_REPRESENTATION_CONTEXT(2) 
PARAMETRIC_REPRESENTATION_CONTEXT() REPRESENTATION_CONTEXT('2D SPACE',''
  ) );
#6847 = ORIENTED_EDGE('',*,*,#6848,.F.);
#6848 = EDGE_CURVE('',#6849,#6834,#6851,.T.);
#6849 = VERTEX_POINT('',#6850);
#6850 = CARTESIAN_POINT('',(89.963624334645,159.9,-30.5));
#6851 = SURFACE_CURVE('',#6852,(#6856),.PCURVE_S1.);
#6852 = LINE('',#6853,#6854);
#6853 = CARTESIAN_POINT('',(57.8,159.9,-30.5));
#6854 = VECTOR('',#6855,1.);
#6855 = DIRECTION('',(1.,0.,0.));
#6856 = PCURVE('',#6822,#6857);
#6857 = DEFINITIONAL_REPRESENTATION('',(#6858),#6861);
#6858 = B_SPLINE_CURVE_WITH_KNOTS('',1,(#6859,#6860),.UNSPECIFIED.,.F.,
  .F.,(2,2),(-84.7,39.1),.PIECEWISE_BEZIER_KNOTS.);
#6859 = CARTESIAN_POINT('',(-107.5,-34.));
#6860 = CARTESIAN_POINT('',(16.3,-34.));
#6861 = ( GEOMETRIC_REPRESENTATION_CONTEXT(2) 
PARAMETRIC_REPRESENTATION_CONTEXT() REPRESENTATION_CONTEXT('2D SPACE',''
  ) );
#6862 = ORIENTED_EDGE('',*,*,#6863,.F.);
#6863 = EDGE_CURVE('',#6812,#6849,#6864,.T.);
#6864 = SURFACE_CURVE('',#6865,(#6869),.PCURVE_S1.);
#6865 = LINE('',#6866,#6867);
#6866 = CARTESIAN_POINT('',(89.963624334645,147.,-30.5));
#6867 = VECTOR('',#6868,1.);
#6868 = DIRECTION('',(0.,1.,0.));
#6869 = PCURVE('',#6822,#6870);
#6870 = DEFINITIONAL_REPRESENTATION('',(#6871),#6874);
#6871 = B_SPLINE_CURVE_WITH_KNOTS('',1,(#6872,#6873),.UNSPECIFIED.,.F.,
  .F.,(2,2),(-5.999999928008E-07,12.9000006),.PIECEWISE_BEZIER_KNOTS.);
#6872 = CARTESIAN_POINT('',(9.363624334645,-46.9000006));
#6873 = CARTESIAN_POINT('',(9.363624334645,-33.9999994));
#6874 = ( GEOMETRIC_REPRESENTATION_CONTEXT(2) 
PARAMETRIC_REPRESENTATION_CONTEXT() REPRESENTATION_CONTEXT('2D SPACE',''
  ) );
#6875 = SHELL_BASED_SURFACE_MODEL('',(#6876));
#6876 = OPEN_SHELL('',(#6877));
#6877 = ADVANCED_FACE('',(#6878),#6892,.T.);
#6878 = FACE_BOUND('',#6879,.T.);
#6879 = EDGE_LOOP('',(#6880,#6902,#6917,#6932));
#6880 = ORIENTED_EDGE('',*,*,#6881,.F.);
#6881 = EDGE_CURVE('',#6882,#6884,#6886,.T.);
#6882 = VERTEX_POINT('',#6883);
#6883 = CARTESIAN_POINT('',(-26.86768138535,160.4,-30.5));
#6884 = VERTEX_POINT('',#6885);
#6885 = CARTESIAN_POINT('',(-26.86768138535,173.3,-30.5));
#6886 = SURFACE_CURVE('',#6887,(#6891),.PCURVE_S1.);
#6887 = LINE('',#6888,#6889);
#6888 = CARTESIAN_POINT('',(-26.86768138535,160.4,-30.5));
#6889 = VECTOR('',#6890,1.);
#6890 = DIRECTION('',(0.,1.,0.));
#6891 = PCURVE('',#6892,#6897);
#6892 = PLANE('',#6893);
#6893 = AXIS2_PLACEMENT_3D('',#6894,#6895,#6896);
#6894 = CARTESIAN_POINT('',(80.6,193.9,-30.5));
#6895 = DIRECTION('',(0.,0.,1.));
#6896 = DIRECTION('',(1.,0.,-0.));
#6897 = DEFINITIONAL_REPRESENTATION('',(#6898),#6901);
#6898 = B_SPLINE_CURVE_WITH_KNOTS('',1,(#6899,#6900),.UNSPECIFIED.,.F.,
  .F.,(2,2),(-5.999999928008E-07,12.9000006),.PIECEWISE_BEZIER_KNOTS.);
#6899 = CARTESIAN_POINT('',(-107.4676813853,-33.5000006));
#6900 = CARTESIAN_POINT('',(-107.4676813853,-20.5999994));
#6901 = ( GEOMETRIC_REPRESENTATION_CONTEXT(2) 
PARAMETRIC_REPRESENTATION_CONTEXT() REPRESENTATION_CONTEXT('2D SPACE',''
  ) );
#6902 = ORIENTED_EDGE('',*,*,#6903,.T.);
#6903 = EDGE_CURVE('',#6882,#6904,#6906,.T.);
#6904 = VERTEX_POINT('',#6905);
#6905 = CARTESIAN_POINT('',(-19.96362433464,160.4,-30.5));
#6906 = SURFACE_CURVE('',#6907,(#6911),.PCURVE_S1.);
#6907 = LINE('',#6908,#6909);
#6908 = CARTESIAN_POINT('',(57.8,160.4,-30.5));
#6909 = VECTOR('',#6910,1.);
#6910 = DIRECTION('',(1.,0.,0.));
#6911 = PCURVE('',#6892,#6912);
#6912 = DEFINITIONAL_REPRESENTATION('',(#6913),#6916);
#6913 = B_SPLINE_CURVE_WITH_KNOTS('',1,(#6914,#6915),.UNSPECIFIED.,.F.,
  .F.,(2,2),(-84.7,39.1),.PIECEWISE_BEZIER_KNOTS.);
#6914 = CARTESIAN_POINT('',(-107.5,-33.5));
#6915 = CARTESIAN_POINT('',(16.3,-33.5));
#6916 = ( GEOMETRIC_REPRESENTATION_CONTEXT(2) 
PARAMETRIC_REPRESENTATION_CONTEXT() REPRESENTATION_CONTEXT('2D SPACE',''
  ) );
#6917 = ORIENTED_EDGE('',*,*,#6918,.T.);
#6918 = EDGE_CURVE('',#6904,#6919,#6921,.T.);
#6919 = VERTEX_POINT('',#6920);
#6920 = CARTESIAN_POINT('',(-19.96362433464,173.3,-30.5));
#6921 = SURFACE_CURVE('',#6922,(#6926),.PCURVE_S1.);
#6922 = LINE('',#6923,#6924);
#6923 = CARTESIAN_POINT('',(-19.96362433464,160.4,-30.5));
#6924 = VECTOR('',#6925,1.);
#6925 = DIRECTION('',(0.,1.,0.));
#6926 = PCURVE('',#6892,#6927);
#6927 = DEFINITIONAL_REPRESENTATION('',(#6928),#6931);
#6928 = B_SPLINE_CURVE_WITH_KNOTS('',1,(#6929,#6930),.UNSPECIFIED.,.F.,
  .F.,(2,2),(-5.999999928008E-07,12.9000006),.PIECEWISE_BEZIER_KNOTS.);
#6929 = CARTESIAN_POINT('',(-100.5636243346,-33.5000006));
#6930 = CARTESIAN_POINT('',(-100.5636243346,-20.5999994));
#6931 = ( GEOMETRIC_REPRESENTATION_CONTEXT(2) 
PARAMETRIC_REPRESENTATION_CONTEXT() REPRESENTATION_CONTEXT('2D SPACE',''
  ) );
#6932 = ORIENTED_EDGE('',*,*,#6933,.F.);
#6933 = EDGE_CURVE('',#6884,#6919,#6934,.T.);
#6934 = SURFACE_CURVE('',#6935,(#6939),.PCURVE_S1.);
#6935 = LINE('',#6936,#6937);
#6936 = CARTESIAN_POINT('',(57.8,173.3,-30.5));
#6937 = VECTOR('',#6938,1.);
#6938 = DIRECTION('',(1.,0.,0.));
#6939 = PCURVE('',#6892,#6940);
#6940 = DEFINITIONAL_REPRESENTATION('',(#6941),#6944);
#6941 = B_SPLINE_CURVE_WITH_KNOTS('',1,(#6942,#6943),.UNSPECIFIED.,.F.,
  .F.,(2,2),(-84.7,39.1),.PIECEWISE_BEZIER_KNOTS.);
#6942 = CARTESIAN_POINT('',(-107.5,-20.6));
#6943 = CARTESIAN_POINT('',(16.3,-20.6));
#6944 = ( GEOMETRIC_REPRESENTATION_CONTEXT(2) 
PARAMETRIC_REPRESENTATION_CONTEXT() REPRESENTATION_CONTEXT('2D SPACE',''
  ) );
#6945 = SHELL_BASED_SURFACE_MODEL('',(#6946));
#6946 = OPEN_SHELL('',(#6947));
#6947 = ADVANCED_FACE('',(#6948),#6962,.T.);
#6948 = FACE_BOUND('',#6949,.T.);
#6949 = EDGE_LOOP('',(#6950,#6972,#6987,#7002));
#6950 = ORIENTED_EDGE('',*,*,#6951,.T.);
#6951 = EDGE_CURVE('',#6952,#6954,#6956,.T.);
#6952 = VERTEX_POINT('',#6953);
#6953 = CARTESIAN_POINT('',(89.963624334645,160.4,-30.5));
#6954 = VERTEX_POINT('',#6955);
#6955 = CARTESIAN_POINT('',(96.867681385357,160.4,-30.5));
#6956 = SURFACE_CURVE('',#6957,(#6961),.PCURVE_S1.);
#6957 = LINE('',#6958,#6959);
#6958 = CARTESIAN_POINT('',(57.8,160.4,-30.5));
#6959 = VECTOR('',#6960,1.);
#6960 = DIRECTION('',(1.,0.,0.));
#6961 = PCURVE('',#6962,#6967);
#6962 = PLANE('',#6963);
#6963 = AXIS2_PLACEMENT_3D('',#6964,#6965,#6966);
#6964 = CARTESIAN_POINT('',(80.6,193.9,-30.5));
#6965 = DIRECTION('',(0.,0.,1.));
#6966 = DIRECTION('',(1.,0.,-0.));
#6967 = DEFINITIONAL_REPRESENTATION('',(#6968),#6971);
#6968 = B_SPLINE_CURVE_WITH_KNOTS('',1,(#6969,#6970),.UNSPECIFIED.,.F.,
  .F.,(2,2),(-84.7,39.1),.PIECEWISE_BEZIER_KNOTS.);
#6969 = CARTESIAN_POINT('',(-107.5,-33.5));
#6970 = CARTESIAN_POINT('',(16.3,-33.5));
#6971 = ( GEOMETRIC_REPRESENTATION_CONTEXT(2) 
PARAMETRIC_REPRESENTATION_CONTEXT() REPRESENTATION_CONTEXT('2D SPACE',''
  ) );
#6972 = ORIENTED_EDGE('',*,*,#6973,.T.);
#6973 = EDGE_CURVE('',#6954,#6974,#6976,.T.);
#6974 = VERTEX_POINT('',#6975);
#6975 = CARTESIAN_POINT('',(96.867681385357,173.3,-30.5));
#6976 = SURFACE_CURVE('',#6977,(#6981),.PCURVE_S1.);
#6977 = LINE('',#6978,#6979);
#6978 = CARTESIAN_POINT('',(96.867681385357,160.4,-30.5));
#6979 = VECTOR('',#6980,1.);
#6980 = DIRECTION('',(0.,1.,0.));
#6981 = PCURVE('',#6962,#6982);
#6982 = DEFINITIONAL_REPRESENTATION('',(#6983),#6986);
#6983 = B_SPLINE_CURVE_WITH_KNOTS('',1,(#6984,#6985),.UNSPECIFIED.,.F.,
  .F.,(2,2),(-5.999999928008E-07,12.9000006),.PIECEWISE_BEZIER_KNOTS.);
#6984 = CARTESIAN_POINT('',(16.267681385357,-33.5000006));
#6985 = CARTESIAN_POINT('',(16.267681385357,-20.5999994));
#6986 = ( GEOMETRIC_REPRESENTATION_CONTEXT(2) 
PARAMETRIC_REPRESENTATION_CONTEXT() REPRESENTATION_CONTEXT('2D SPACE',''
  ) );
#6987 = ORIENTED_EDGE('',*,*,#6988,.F.);
#6988 = EDGE_CURVE('',#6989,#6974,#6991,.T.);
#6989 = VERTEX_POINT('',#6990);
#6990 = CARTESIAN_POINT('',(89.963624334645,173.3,-30.5));
#6991 = SURFACE_CURVE('',#6992,(#6996),.PCURVE_S1.);
#6992 = LINE('',#6993,#6994);
#6993 = CARTESIAN_POINT('',(57.8,173.3,-30.5));
#6994 = VECTOR('',#6995,1.);
#6995 = DIRECTION('',(1.,0.,0.));
#6996 = PCURVE('',#6962,#6997);
#6997 = DEFINITIONAL_REPRESENTATION('',(#6998),#7001);
#6998 = B_SPLINE_CURVE_WITH_KNOTS('',1,(#6999,#7000),.UNSPECIFIED.,.F.,
  .F.,(2,2),(-84.7,39.1),.PIECEWISE_BEZIER_KNOTS.);
#6999 = CARTESIAN_POINT('',(-107.5,-20.6));
#7000 = CARTESIAN_POINT('',(16.3,-20.6));
#7001 = ( GEOMETRIC_REPRESENTATION_CONTEXT(2) 
PARAMETRIC_REPRESENTATION_CONTEXT() REPRESENTATION_CONTEXT('2D SPACE',''
  ) );
#7002 = ORIENTED_EDGE('',*,*,#7003,.F.);
#7003 = EDGE_CURVE('',#6952,#6989,#7004,.T.);
#7004 = SURFACE_CURVE('',#7005,(#7009),.PCURVE_S1.);
#7005 = LINE('',#7006,#7007);
#7006 = CARTESIAN_POINT('',(89.963624334645,160.4,-30.5));
#7007 = VECTOR('',#7008,1.);
#7008 = DIRECTION('',(0.,1.,0.));
#7009 = PCURVE('',#6962,#7010);
#7010 = DEFINITIONAL_REPRESENTATION('',(#7011),#7014);
#7011 = B_SPLINE_CURVE_WITH_KNOTS('',1,(#7012,#7013),.UNSPECIFIED.,.F.,
  .F.,(2,2),(-5.999999928008E-07,12.9000006),.PIECEWISE_BEZIER_KNOTS.);
#7012 = CARTESIAN_POINT('',(9.363624334645,-33.5000006));
#7013 = CARTESIAN_POINT('',(9.363624334645,-20.5999994));
#7014 = ( GEOMETRIC_REPRESENTATION_CONTEXT(2) 
PARAMETRIC_REPRESENTATION_CONTEXT() REPRESENTATION_CONTEXT('2D SPACE',''
  ) );
#7015 = SHELL_BASED_SURFACE_MODEL('',(#7016));
#7016 = OPEN_SHELL('',(#7017));
#7017 = ADVANCED_FACE('',(#7018),#7032,.T.);
#7018 = FACE_BOUND('',#7019,.T.);
#7019 = EDGE_LOOP('',(#7020,#7042,#7057,#7072));
#7020 = ORIENTED_EDGE('',*,*,#7021,.F.);
#7021 = EDGE_CURVE('',#7022,#7024,#7026,.T.);
#7022 = VERTEX_POINT('',#7023);
#7023 = CARTESIAN_POINT('',(-26.86768138535,173.8,-30.5));
#7024 = VERTEX_POINT('',#7025);
#7025 = CARTESIAN_POINT('',(-26.86768138535,186.7,-30.5));
#7026 = SURFACE_CURVE('',#7027,(#7031),.PCURVE_S1.);
#7027 = LINE('',#7028,#7029);
#7028 = CARTESIAN_POINT('',(-26.86768138535,173.8,-30.5));
#7029 = VECTOR('',#7030,1.);
#7030 = DIRECTION('',(0.,1.,0.));
#7031 = PCURVE('',#7032,#7037);
#7032 = PLANE('',#7033);
#7033 = AXIS2_PLACEMENT_3D('',#7034,#7035,#7036);
#7034 = CARTESIAN_POINT('',(80.6,193.9,-30.5));
#7035 = DIRECTION('',(0.,0.,1.));
#7036 = DIRECTION('',(1.,0.,-0.));
#7037 = DEFINITIONAL_REPRESENTATION('',(#7038),#7041);
#7038 = B_SPLINE_CURVE_WITH_KNOTS('',1,(#7039,#7040),.UNSPECIFIED.,.F.,
  .F.,(2,2),(-5.999999928008E-07,12.9000006),.PIECEWISE_BEZIER_KNOTS.);
#7039 = CARTESIAN_POINT('',(-107.4676813853,-20.1000006));
#7040 = CARTESIAN_POINT('',(-107.4676813853,-7.1999994));
#7041 = ( GEOMETRIC_REPRESENTATION_CONTEXT(2) 
PARAMETRIC_REPRESENTATION_CONTEXT() REPRESENTATION_CONTEXT('2D SPACE',''
  ) );
#7042 = ORIENTED_EDGE('',*,*,#7043,.T.);
#7043 = EDGE_CURVE('',#7022,#7044,#7046,.T.);
#7044 = VERTEX_POINT('',#7045);
#7045 = CARTESIAN_POINT('',(-19.96362433464,173.8,-30.5));
#7046 = SURFACE_CURVE('',#7047,(#7051),.PCURVE_S1.);
#7047 = LINE('',#7048,#7049);
#7048 = CARTESIAN_POINT('',(57.8,173.8,-30.5));
#7049 = VECTOR('',#7050,1.);
#7050 = DIRECTION('',(1.,0.,0.));
#7051 = PCURVE('',#7032,#7052);
#7052 = DEFINITIONAL_REPRESENTATION('',(#7053),#7056);
#7053 = B_SPLINE_CURVE_WITH_KNOTS('',1,(#7054,#7055),.UNSPECIFIED.,.F.,
  .F.,(2,2),(-84.7,39.1),.PIECEWISE_BEZIER_KNOTS.);
#7054 = CARTESIAN_POINT('',(-107.5,-20.1));
#7055 = CARTESIAN_POINT('',(16.3,-20.1));
#7056 = ( GEOMETRIC_REPRESENTATION_CONTEXT(2) 
PARAMETRIC_REPRESENTATION_CONTEXT() REPRESENTATION_CONTEXT('2D SPACE',''
  ) );
#7057 = ORIENTED_EDGE('',*,*,#7058,.T.);
#7058 = EDGE_CURVE('',#7044,#7059,#7061,.T.);
#7059 = VERTEX_POINT('',#7060);
#7060 = CARTESIAN_POINT('',(-19.96362433464,186.7,-30.5));
#7061 = SURFACE_CURVE('',#7062,(#7066),.PCURVE_S1.);
#7062 = LINE('',#7063,#7064);
#7063 = CARTESIAN_POINT('',(-19.96362433464,173.8,-30.5));
#7064 = VECTOR('',#7065,1.);
#7065 = DIRECTION('',(0.,1.,0.));
#7066 = PCURVE('',#7032,#7067);
#7067 = DEFINITIONAL_REPRESENTATION('',(#7068),#7071);
#7068 = B_SPLINE_CURVE_WITH_KNOTS('',1,(#7069,#7070),.UNSPECIFIED.,.F.,
  .F.,(2,2),(-5.999999928008E-07,12.9000006),.PIECEWISE_BEZIER_KNOTS.);
#7069 = CARTESIAN_POINT('',(-100.5636243346,-20.1000006));
#7070 = CARTESIAN_POINT('',(-100.5636243346,-7.1999994));
#7071 = ( GEOMETRIC_REPRESENTATION_CONTEXT(2) 
PARAMETRIC_REPRESENTATION_CONTEXT() REPRESENTATION_CONTEXT('2D SPACE',''
  ) );
#7072 = ORIENTED_EDGE('',*,*,#7073,.F.);
#7073 = EDGE_CURVE('',#7024,#7059,#7074,.T.);
#7074 = SURFACE_CURVE('',#7075,(#7079),.PCURVE_S1.);
#7075 = LINE('',#7076,#7077);
#7076 = CARTESIAN_POINT('',(57.8,186.7,-30.5));
#7077 = VECTOR('',#7078,1.);
#7078 = DIRECTION('',(1.,0.,0.));
#7079 = PCURVE('',#7032,#7080);
#7080 = DEFINITIONAL_REPRESENTATION('',(#7081),#7084);
#7081 = B_SPLINE_CURVE_WITH_KNOTS('',1,(#7082,#7083),.UNSPECIFIED.,.F.,
  .F.,(2,2),(-84.7,39.1),.PIECEWISE_BEZIER_KNOTS.);
#7082 = CARTESIAN_POINT('',(-107.5,-7.2));
#7083 = CARTESIAN_POINT('',(16.3,-7.2));
#7084 = ( GEOMETRIC_REPRESENTATION_CONTEXT(2) 
PARAMETRIC_REPRESENTATION_CONTEXT() REPRESENTATION_CONTEXT('2D SPACE',''
  ) );
#7085 = SHELL_BASED_SURFACE_MODEL('',(#7086));
#7086 = OPEN_SHELL('',(#7087));
#7087 = ADVANCED_FACE('',(#7088),#7102,.T.);
#7088 = FACE_BOUND('',#7089,.T.);
#7089 = EDGE_LOOP('',(#7090,#7112,#7127,#7142));
#7090 = ORIENTED_EDGE('',*,*,#7091,.T.);
#7091 = EDGE_CURVE('',#7092,#7094,#7096,.T.);
#7092 = VERTEX_POINT('',#7093);
#7093 = CARTESIAN_POINT('',(89.963624334645,173.8,-30.5));
#7094 = VERTEX_POINT('',#7095);
#7095 = CARTESIAN_POINT('',(96.867681385357,173.8,-30.5));
#7096 = SURFACE_CURVE('',#7097,(#7101),.PCURVE_S1.);
#7097 = LINE('',#7098,#7099);
#7098 = CARTESIAN_POINT('',(57.8,173.8,-30.5));
#7099 = VECTOR('',#7100,1.);
#7100 = DIRECTION('',(1.,0.,0.));
#7101 = PCURVE('',#7102,#7107);
#7102 = PLANE('',#7103);
#7103 = AXIS2_PLACEMENT_3D('',#7104,#7105,#7106);
#7104 = CARTESIAN_POINT('',(80.6,193.9,-30.5));
#7105 = DIRECTION('',(0.,0.,1.));
#7106 = DIRECTION('',(1.,0.,-0.));
#7107 = DEFINITIONAL_REPRESENTATION('',(#7108),#7111);
#7108 = B_SPLINE_CURVE_WITH_KNOTS('',1,(#7109,#7110),.UNSPECIFIED.,.F.,
  .F.,(2,2),(-84.7,39.1),.PIECEWISE_BEZIER_KNOTS.);
#7109 = CARTESIAN_POINT('',(-107.5,-20.1));
#7110 = CARTESIAN_POINT('',(16.3,-20.1));
#7111 = ( GEOMETRIC_REPRESENTATION_CONTEXT(2) 
PARAMETRIC_REPRESENTATION_CONTEXT() REPRESENTATION_CONTEXT('2D SPACE',''
  ) );
#7112 = ORIENTED_EDGE('',*,*,#7113,.T.);
#7113 = EDGE_CURVE('',#7094,#7114,#7116,.T.);
#7114 = VERTEX_POINT('',#7115);
#7115 = CARTESIAN_POINT('',(96.867681385357,186.7,-30.5));
#7116 = SURFACE_CURVE('',#7117,(#7121),.PCURVE_S1.);
#7117 = LINE('',#7118,#7119);
#7118 = CARTESIAN_POINT('',(96.867681385357,173.8,-30.5));
#7119 = VECTOR('',#7120,1.);
#7120 = DIRECTION('',(0.,1.,0.));
#7121 = PCURVE('',#7102,#7122);
#7122 = DEFINITIONAL_REPRESENTATION('',(#7123),#7126);
#7123 = B_SPLINE_CURVE_WITH_KNOTS('',1,(#7124,#7125),.UNSPECIFIED.,.F.,
  .F.,(2,2),(-5.999999928008E-07,12.9000006),.PIECEWISE_BEZIER_KNOTS.);
#7124 = CARTESIAN_POINT('',(16.267681385357,-20.1000006));
#7125 = CARTESIAN_POINT('',(16.267681385357,-7.1999994));
#7126 = ( GEOMETRIC_REPRESENTATION_CONTEXT(2) 
PARAMETRIC_REPRESENTATION_CONTEXT() REPRESENTATION_CONTEXT('2D SPACE',''
  ) );
#7127 = ORIENTED_EDGE('',*,*,#7128,.F.);
#7128 = EDGE_CURVE('',#7129,#7114,#7131,.T.);
#7129 = VERTEX_POINT('',#7130);
#7130 = CARTESIAN_POINT('',(89.963624334645,186.7,-30.5));
#7131 = SURFACE_CURVE('',#7132,(#7136),.PCURVE_S1.);
#7132 = LINE('',#7133,#7134);
#7133 = CARTESIAN_POINT('',(57.8,186.7,-30.5));
#7134 = VECTOR('',#7135,1.);
#7135 = DIRECTION('',(1.,0.,0.));
#7136 = PCURVE('',#7102,#7137);
#7137 = DEFINITIONAL_REPRESENTATION('',(#7138),#7141);
#7138 = B_SPLINE_CURVE_WITH_KNOTS('',1,(#7139,#7140),.UNSPECIFIED.,.F.,
  .F.,(2,2),(-84.7,39.1),.PIECEWISE_BEZIER_KNOTS.);
#7139 = CARTESIAN_POINT('',(-107.5,-7.2));
#7140 = CARTESIAN_POINT('',(16.3,-7.2));
#7141 = ( GEOMETRIC_REPRESENTATION_CONTEXT(2) 
PARAMETRIC_REPRESENTATION_CONTEXT() REPRESENTATION_CONTEXT('2D SPACE',''
  ) );
#7142 = ORIENTED_EDGE('',*,*,#7143,.F.);
#7143 = EDGE_CURVE('',#7092,#7129,#7144,.T.);
#7144 = SURFACE_CURVE('',#7145,(#7149),.PCURVE_S1.);
#7145 = LINE('',#7146,#7147);
#7146 = CARTESIAN_POINT('',(89.963624334645,173.8,-30.5));
#7147 = VECTOR('',#7148,1.);
#7148 = DIRECTION('',(0.,1.,0.));
#7149 = PCURVE('',#7102,#7150);
#7150 = DEFINITIONAL_REPRESENTATION('',(#7151),#7154);
#7151 = B_SPLINE_CURVE_WITH_KNOTS('',1,(#7152,#7153),.UNSPECIFIED.,.F.,
  .F.,(2,2),(-5.999999928008E-07,12.9000006),.PIECEWISE_BEZIER_KNOTS.);
#7152 = CARTESIAN_POINT('',(9.363624334645,-20.1000006));
#7153 = CARTESIAN_POINT('',(9.363624334645,-7.1999994));
#7154 = ( GEOMETRIC_REPRESENTATION_CONTEXT(2) 
PARAMETRIC_REPRESENTATION_CONTEXT() REPRESENTATION_CONTEXT('2D SPACE',''
  ) );
#7155 = SHELL_BASED_SURFACE_MODEL('',(#7156));
#7156 = OPEN_SHELL('',(#7157));
#7157 = ADVANCED_FACE('',(#7158),#7172,.T.);
#7158 = FACE_BOUND('',#7159,.T.);
#7159 = EDGE_LOOP('',(#7160,#7182,#7197,#7212));
#7160 = ORIENTED_EDGE('',*,*,#7161,.F.);
#7161 = EDGE_CURVE('',#7162,#7164,#7166,.T.);
#7162 = VERTEX_POINT('',#7163);
#7163 = CARTESIAN_POINT('',(-26.86768138535,187.2,-30.5));
#7164 = VERTEX_POINT('',#7165);
#7165 = CARTESIAN_POINT('',(-26.86768138535,200.1,-30.5));
#7166 = SURFACE_CURVE('',#7167,(#7171),.PCURVE_S1.);
#7167 = LINE('',#7168,#7169);
#7168 = CARTESIAN_POINT('',(-26.86768138535,187.2,-30.5));
#7169 = VECTOR('',#7170,1.);
#7170 = DIRECTION('',(0.,1.,0.));
#7171 = PCURVE('',#7172,#7177);
#7172 = PLANE('',#7173);
#7173 = AXIS2_PLACEMENT_3D('',#7174,#7175,#7176);
#7174 = CARTESIAN_POINT('',(80.6,193.9,-30.5));
#7175 = DIRECTION('',(0.,0.,1.));
#7176 = DIRECTION('',(1.,0.,-0.));
#7177 = DEFINITIONAL_REPRESENTATION('',(#7178),#7181);
#7178 = B_SPLINE_CURVE_WITH_KNOTS('',1,(#7179,#7180),.UNSPECIFIED.,.F.,
  .F.,(2,2),(-5.999999928008E-07,12.9000006),.PIECEWISE_BEZIER_KNOTS.);
#7179 = CARTESIAN_POINT('',(-107.4676813853,-6.7000006));
#7180 = CARTESIAN_POINT('',(-107.4676813853,6.2000006));
#7181 = ( GEOMETRIC_REPRESENTATION_CONTEXT(2) 
PARAMETRIC_REPRESENTATION_CONTEXT() REPRESENTATION_CONTEXT('2D SPACE',''
  ) );
#7182 = ORIENTED_EDGE('',*,*,#7183,.T.);
#7183 = EDGE_CURVE('',#7162,#7184,#7186,.T.);
#7184 = VERTEX_POINT('',#7185);
#7185 = CARTESIAN_POINT('',(-19.96362433464,187.2,-30.5));
#7186 = SURFACE_CURVE('',#7187,(#7191),.PCURVE_S1.);
#7187 = LINE('',#7188,#7189);
#7188 = CARTESIAN_POINT('',(57.8,187.2,-30.5));
#7189 = VECTOR('',#7190,1.);
#7190 = DIRECTION('',(1.,0.,0.));
#7191 = PCURVE('',#7172,#7192);
#7192 = DEFINITIONAL_REPRESENTATION('',(#7193),#7196);
#7193 = B_SPLINE_CURVE_WITH_KNOTS('',1,(#7194,#7195),.UNSPECIFIED.,.F.,
  .F.,(2,2),(-84.7,39.1),.PIECEWISE_BEZIER_KNOTS.);
#7194 = CARTESIAN_POINT('',(-107.5,-6.7));
#7195 = CARTESIAN_POINT('',(16.3,-6.7));
#7196 = ( GEOMETRIC_REPRESENTATION_CONTEXT(2) 
PARAMETRIC_REPRESENTATION_CONTEXT() REPRESENTATION_CONTEXT('2D SPACE',''
  ) );
#7197 = ORIENTED_EDGE('',*,*,#7198,.T.);
#7198 = EDGE_CURVE('',#7184,#7199,#7201,.T.);
#7199 = VERTEX_POINT('',#7200);
#7200 = CARTESIAN_POINT('',(-19.96362433464,200.1,-30.5));
#7201 = SURFACE_CURVE('',#7202,(#7206),.PCURVE_S1.);
#7202 = LINE('',#7203,#7204);
#7203 = CARTESIAN_POINT('',(-19.96362433464,187.2,-30.5));
#7204 = VECTOR('',#7205,1.);
#7205 = DIRECTION('',(0.,1.,0.));
#7206 = PCURVE('',#7172,#7207);
#7207 = DEFINITIONAL_REPRESENTATION('',(#7208),#7211);
#7208 = B_SPLINE_CURVE_WITH_KNOTS('',1,(#7209,#7210),.UNSPECIFIED.,.F.,
  .F.,(2,2),(-5.999999928008E-07,12.9000006),.PIECEWISE_BEZIER_KNOTS.);
#7209 = CARTESIAN_POINT('',(-100.5636243346,-6.7000006));
#7210 = CARTESIAN_POINT('',(-100.5636243346,6.2000006));
#7211 = ( GEOMETRIC_REPRESENTATION_CONTEXT(2) 
PARAMETRIC_REPRESENTATION_CONTEXT() REPRESENTATION_CONTEXT('2D SPACE',''
  ) );
#7212 = ORIENTED_EDGE('',*,*,#7213,.F.);
#7213 = EDGE_CURVE('',#7164,#7199,#7214,.T.);
#7214 = SURFACE_CURVE('',#7215,(#7219),.PCURVE_S1.);
#7215 = LINE('',#7216,#7217);
#7216 = CARTESIAN_POINT('',(57.8,200.1,-30.5));
#7217 = VECTOR('',#7218,1.);
#7218 = DIRECTION('',(1.,0.,0.));
#7219 = PCURVE('',#7172,#7220);
#7220 = DEFINITIONAL_REPRESENTATION('',(#7221),#7224);
#7221 = B_SPLINE_CURVE_WITH_KNOTS('',1,(#7222,#7223),.UNSPECIFIED.,.F.,
  .F.,(2,2),(-84.7,39.1),.PIECEWISE_BEZIER_KNOTS.);
#7222 = CARTESIAN_POINT('',(-107.5,6.2));
#7223 = CARTESIAN_POINT('',(16.3,6.2));
#7224 = ( GEOMETRIC_REPRESENTATION_CONTEXT(2) 
PARAMETRIC_REPRESENTATION_CONTEXT() REPRESENTATION_CONTEXT('2D SPACE',''
  ) );
#7225 = SHELL_BASED_SURFACE_MODEL('',(#7226));
#7226 = OPEN_SHELL('',(#7227));
#7227 = ADVANCED_FACE('',(#7228),#7242,.T.);
#7228 = FACE_BOUND('',#7229,.T.);
#7229 = EDGE_LOOP('',(#7230,#7252,#7267,#7282));
#7230 = ORIENTED_EDGE('',*,*,#7231,.T.);
#7231 = EDGE_CURVE('',#7232,#7234,#7236,.T.);
#7232 = VERTEX_POINT('',#7233);
#7233 = CARTESIAN_POINT('',(89.963624334645,187.2,-30.5));
#7234 = VERTEX_POINT('',#7235);
#7235 = CARTESIAN_POINT('',(96.867681385357,187.2,-30.5));
#7236 = SURFACE_CURVE('',#7237,(#7241),.PCURVE_S1.);
#7237 = LINE('',#7238,#7239);
#7238 = CARTESIAN_POINT('',(57.8,187.2,-30.5));
#7239 = VECTOR('',#7240,1.);
#7240 = DIRECTION('',(1.,0.,0.));
#7241 = PCURVE('',#7242,#7247);
#7242 = PLANE('',#7243);
#7243 = AXIS2_PLACEMENT_3D('',#7244,#7245,#7246);
#7244 = CARTESIAN_POINT('',(80.6,193.9,-30.5));
#7245 = DIRECTION('',(0.,0.,1.));
#7246 = DIRECTION('',(1.,0.,-0.));
#7247 = DEFINITIONAL_REPRESENTATION('',(#7248),#7251);
#7248 = B_SPLINE_CURVE_WITH_KNOTS('',1,(#7249,#7250),.UNSPECIFIED.,.F.,
  .F.,(2,2),(-84.7,39.1),.PIECEWISE_BEZIER_KNOTS.);
#7249 = CARTESIAN_POINT('',(-107.5,-6.7));
#7250 = CARTESIAN_POINT('',(16.3,-6.7));
#7251 = ( GEOMETRIC_REPRESENTATION_CONTEXT(2) 
PARAMETRIC_REPRESENTATION_CONTEXT() REPRESENTATION_CONTEXT('2D SPACE',''
  ) );
#7252 = ORIENTED_EDGE('',*,*,#7253,.T.);
#7253 = EDGE_CURVE('',#7234,#7254,#7256,.T.);
#7254 = VERTEX_POINT('',#7255);
#7255 = CARTESIAN_POINT('',(96.867681385357,200.1,-30.5));
#7256 = SURFACE_CURVE('',#7257,(#7261),.PCURVE_S1.);
#7257 = LINE('',#7258,#7259);
#7258 = CARTESIAN_POINT('',(96.867681385357,187.2,-30.5));
#7259 = VECTOR('',#7260,1.);
#7260 = DIRECTION('',(0.,1.,0.));
#7261 = PCURVE('',#7242,#7262);
#7262 = DEFINITIONAL_REPRESENTATION('',(#7263),#7266);
#7263 = B_SPLINE_CURVE_WITH_KNOTS('',1,(#7264,#7265),.UNSPECIFIED.,.F.,
  .F.,(2,2),(-5.999999928008E-07,12.9000006),.PIECEWISE_BEZIER_KNOTS.);
#7264 = CARTESIAN_POINT('',(16.267681385357,-6.7000006));
#7265 = CARTESIAN_POINT('',(16.267681385357,6.2000006));
#7266 = ( GEOMETRIC_REPRESENTATION_CONTEXT(2) 
PARAMETRIC_REPRESENTATION_CONTEXT() REPRESENTATION_CONTEXT('2D SPACE',''
  ) );
#7267 = ORIENTED_EDGE('',*,*,#7268,.F.);
#7268 = EDGE_CURVE('',#7269,#7254,#7271,.T.);
#7269 = VERTEX_POINT('',#7270);
#7270 = CARTESIAN_POINT('',(89.963624334645,200.1,-30.5));
#7271 = SURFACE_CURVE('',#7272,(#7276),.PCURVE_S1.);
#7272 = LINE('',#7273,#7274);
#7273 = CARTESIAN_POINT('',(57.8,200.1,-30.5));
#7274 = VECTOR('',#7275,1.);
#7275 = DIRECTION('',(1.,0.,0.));
#7276 = PCURVE('',#7242,#7277);
#7277 = DEFINITIONAL_REPRESENTATION('',(#7278),#7281);
#7278 = B_SPLINE_CURVE_WITH_KNOTS('',1,(#7279,#7280),.UNSPECIFIED.,.F.,
  .F.,(2,2),(-84.7,39.1),.PIECEWISE_BEZIER_KNOTS.);
#7279 = CARTESIAN_POINT('',(-107.5,6.2));
#7280 = CARTESIAN_POINT('',(16.3,6.2));
#7281 = ( GEOMETRIC_REPRESENTATION_CONTEXT(2) 
PARAMETRIC_REPRESENTATION_CONTEXT() REPRESENTATION_CONTEXT('2D SPACE',''
  ) );
#7282 = ORIENTED_EDGE('',*,*,#7283,.F.);
#7283 = EDGE_CURVE('',#7232,#7269,#7284,.T.);
#7284 = SURFACE_CURVE('',#7285,(#7289),.PCURVE_S1.);
#7285 = LINE('',#7286,#7287);
#7286 = CARTESIAN_POINT('',(89.963624334645,187.2,-30.5));
#7287 = VECTOR('',#7288,1.);
#7288 = DIRECTION('',(0.,1.,0.));
#7289 = PCURVE('',#7242,#7290);
#7290 = DEFINITIONAL_REPRESENTATION('',(#7291),#7294);
#7291 = B_SPLINE_CURVE_WITH_KNOTS('',1,(#7292,#7293),.UNSPECIFIED.,.F.,
  .F.,(2,2),(-5.999999928008E-07,12.9000006),.PIECEWISE_BEZIER_KNOTS.);
#7292 = CARTESIAN_POINT('',(9.363624334645,-6.7000006));
#7293 = CARTESIAN_POINT('',(9.363624334645,6.2000006));
#7294 = ( GEOMETRIC_REPRESENTATION_CONTEXT(2) 
PARAMETRIC_REPRESENTATION_CONTEXT() REPRESENTATION_CONTEXT('2D SPACE',''
  ) );
#7295 = SHELL_BASED_SURFACE_MODEL('',(#7296));
#7296 = OPEN_SHELL('',(#7297));
#7297 = ADVANCED_FACE('',(#7298),#7312,.T.);
#7298 = FACE_BOUND('',#7299,.T.);
#7299 = EDGE_LOOP('',(#7300,#7322,#7337,#7352));
#7300 = ORIENTED_EDGE('',*,*,#7301,.F.);
#7301 = EDGE_CURVE('',#7302,#7304,#7306,.T.);
#7302 = VERTEX_POINT('',#7303);
#7303 = CARTESIAN_POINT('',(-26.86768138535,200.6,-30.5));
#7304 = VERTEX_POINT('',#7305);
#7305 = CARTESIAN_POINT('',(-26.86768138535,213.5,-30.5));
#7306 = SURFACE_CURVE('',#7307,(#7311),.PCURVE_S1.);
#7307 = LINE('',#7308,#7309);
#7308 = CARTESIAN_POINT('',(-26.86768138535,200.6,-30.5));
#7309 = VECTOR('',#7310,1.);
#7310 = DIRECTION('',(0.,1.,0.));
#7311 = PCURVE('',#7312,#7317);
#7312 = PLANE('',#7313);
#7313 = AXIS2_PLACEMENT_3D('',#7314,#7315,#7316);
#7314 = CARTESIAN_POINT('',(80.6,193.9,-30.5));
#7315 = DIRECTION('',(0.,0.,1.));
#7316 = DIRECTION('',(1.,0.,-0.));
#7317 = DEFINITIONAL_REPRESENTATION('',(#7318),#7321);
#7318 = B_SPLINE_CURVE_WITH_KNOTS('',1,(#7319,#7320),.UNSPECIFIED.,.F.,
  .F.,(2,2),(-5.999999928008E-07,12.9000006),.PIECEWISE_BEZIER_KNOTS.);
#7319 = CARTESIAN_POINT('',(-107.4676813853,6.6999994));
#7320 = CARTESIAN_POINT('',(-107.4676813853,19.6000006));
#7321 = ( GEOMETRIC_REPRESENTATION_CONTEXT(2) 
PARAMETRIC_REPRESENTATION_CONTEXT() REPRESENTATION_CONTEXT('2D SPACE',''
  ) );
#7322 = ORIENTED_EDGE('',*,*,#7323,.T.);
#7323 = EDGE_CURVE('',#7302,#7324,#7326,.T.);
#7324 = VERTEX_POINT('',#7325);
#7325 = CARTESIAN_POINT('',(-19.96362433464,200.6,-30.5));
#7326 = SURFACE_CURVE('',#7327,(#7331),.PCURVE_S1.);
#7327 = LINE('',#7328,#7329);
#7328 = CARTESIAN_POINT('',(57.8,200.6,-30.5));
#7329 = VECTOR('',#7330,1.);
#7330 = DIRECTION('',(1.,0.,0.));
#7331 = PCURVE('',#7312,#7332);
#7332 = DEFINITIONAL_REPRESENTATION('',(#7333),#7336);
#7333 = B_SPLINE_CURVE_WITH_KNOTS('',1,(#7334,#7335),.UNSPECIFIED.,.F.,
  .F.,(2,2),(-84.7,39.1),.PIECEWISE_BEZIER_KNOTS.);
#7334 = CARTESIAN_POINT('',(-107.5,6.7));
#7335 = CARTESIAN_POINT('',(16.3,6.7));
#7336 = ( GEOMETRIC_REPRESENTATION_CONTEXT(2) 
PARAMETRIC_REPRESENTATION_CONTEXT() REPRESENTATION_CONTEXT('2D SPACE',''
  ) );
#7337 = ORIENTED_EDGE('',*,*,#7338,.T.);
#7338 = EDGE_CURVE('',#7324,#7339,#7341,.T.);
#7339 = VERTEX_POINT('',#7340);
#7340 = CARTESIAN_POINT('',(-19.96362433464,213.5,-30.5));
#7341 = SURFACE_CURVE('',#7342,(#7346),.PCURVE_S1.);
#7342 = LINE('',#7343,#7344);
#7343 = CARTESIAN_POINT('',(-19.96362433464,200.6,-30.5));
#7344 = VECTOR('',#7345,1.);
#7345 = DIRECTION('',(0.,1.,0.));
#7346 = PCURVE('',#7312,#7347);
#7347 = DEFINITIONAL_REPRESENTATION('',(#7348),#7351);
#7348 = B_SPLINE_CURVE_WITH_KNOTS('',1,(#7349,#7350),.UNSPECIFIED.,.F.,
  .F.,(2,2),(-5.999999928008E-07,12.9000006),.PIECEWISE_BEZIER_KNOTS.);
#7349 = CARTESIAN_POINT('',(-100.5636243346,6.6999994));
#7350 = CARTESIAN_POINT('',(-100.5636243346,19.6000006));
#7351 = ( GEOMETRIC_REPRESENTATION_CONTEXT(2) 
PARAMETRIC_REPRESENTATION_CONTEXT() REPRESENTATION_CONTEXT('2D SPACE',''
  ) );
#7352 = ORIENTED_EDGE('',*,*,#7353,.F.);
#7353 = EDGE_CURVE('',#7304,#7339,#7354,.T.);
#7354 = SURFACE_CURVE('',#7355,(#7359),.PCURVE_S1.);
#7355 = LINE('',#7356,#7357);
#7356 = CARTESIAN_POINT('',(57.8,213.5,-30.5));
#7357 = VECTOR('',#7358,1.);
#7358 = DIRECTION('',(1.,0.,0.));
#7359 = PCURVE('',#7312,#7360);
#7360 = DEFINITIONAL_REPRESENTATION('',(#7361),#7364);
#7361 = B_SPLINE_CURVE_WITH_KNOTS('',1,(#7362,#7363),.UNSPECIFIED.,.F.,
  .F.,(2,2),(-84.7,39.1),.PIECEWISE_BEZIER_KNOTS.);
#7362 = CARTESIAN_POINT('',(-107.5,19.6));
#7363 = CARTESIAN_POINT('',(16.3,19.6));
#7364 = ( GEOMETRIC_REPRESENTATION_CONTEXT(2) 
PARAMETRIC_REPRESENTATION_CONTEXT() REPRESENTATION_CONTEXT('2D SPACE',''
  ) );
#7365 = SHELL_BASED_SURFACE_MODEL('',(#7366));
#7366 = OPEN_SHELL('',(#7367));
#7367 = ADVANCED_FACE('',(#7368),#7382,.T.);
#7368 = FACE_BOUND('',#7369,.T.);
#7369 = EDGE_LOOP('',(#7370,#7392,#7407,#7422));
#7370 = ORIENTED_EDGE('',*,*,#7371,.T.);
#7371 = EDGE_CURVE('',#7372,#7374,#7376,.T.);
#7372 = VERTEX_POINT('',#7373);
#7373 = CARTESIAN_POINT('',(89.963624334645,200.6,-30.5));
#7374 = VERTEX_POINT('',#7375);
#7375 = CARTESIAN_POINT('',(96.867681385357,200.6,-30.5));
#7376 = SURFACE_CURVE('',#7377,(#7381),.PCURVE_S1.);
#7377 = LINE('',#7378,#7379);
#7378 = CARTESIAN_POINT('',(57.8,200.6,-30.5));
#7379 = VECTOR('',#7380,1.);
#7380 = DIRECTION('',(1.,0.,0.));
#7381 = PCURVE('',#7382,#7387);
#7382 = PLANE('',#7383);
#7383 = AXIS2_PLACEMENT_3D('',#7384,#7385,#7386);
#7384 = CARTESIAN_POINT('',(80.6,193.9,-30.5));
#7385 = DIRECTION('',(0.,0.,1.));
#7386 = DIRECTION('',(1.,0.,-0.));
#7387 = DEFINITIONAL_REPRESENTATION('',(#7388),#7391);
#7388 = B_SPLINE_CURVE_WITH_KNOTS('',1,(#7389,#7390),.UNSPECIFIED.,.F.,
  .F.,(2,2),(-84.7,39.1),.PIECEWISE_BEZIER_KNOTS.);
#7389 = CARTESIAN_POINT('',(-107.5,6.7));
#7390 = CARTESIAN_POINT('',(16.3,6.7));
#7391 = ( GEOMETRIC_REPRESENTATION_CONTEXT(2) 
PARAMETRIC_REPRESENTATION_CONTEXT() REPRESENTATION_CONTEXT('2D SPACE',''
  ) );
#7392 = ORIENTED_EDGE('',*,*,#7393,.T.);
#7393 = EDGE_CURVE('',#7374,#7394,#7396,.T.);
#7394 = VERTEX_POINT('',#7395);
#7395 = CARTESIAN_POINT('',(96.867681385357,213.5,-30.5));
#7396 = SURFACE_CURVE('',#7397,(#7401),.PCURVE_S1.);
#7397 = LINE('',#7398,#7399);
#7398 = CARTESIAN_POINT('',(96.867681385357,200.6,-30.5));
#7399 = VECTOR('',#7400,1.);
#7400 = DIRECTION('',(0.,1.,0.));
#7401 = PCURVE('',#7382,#7402);
#7402 = DEFINITIONAL_REPRESENTATION('',(#7403),#7406);
#7403 = B_SPLINE_CURVE_WITH_KNOTS('',1,(#7404,#7405),.UNSPECIFIED.,.F.,
  .F.,(2,2),(-5.999999928008E-07,12.9000006),.PIECEWISE_BEZIER_KNOTS.);
#7404 = CARTESIAN_POINT('',(16.267681385357,6.6999994));
#7405 = CARTESIAN_POINT('',(16.267681385357,19.6000006));
#7406 = ( GEOMETRIC_REPRESENTATION_CONTEXT(2) 
PARAMETRIC_REPRESENTATION_CONTEXT() REPRESENTATION_CONTEXT('2D SPACE',''
  ) );
#7407 = ORIENTED_EDGE('',*,*,#7408,.F.);
#7408 = EDGE_CURVE('',#7409,#7394,#7411,.T.);
#7409 = VERTEX_POINT('',#7410);
#7410 = CARTESIAN_POINT('',(89.963624334645,213.5,-30.5));
#7411 = SURFACE_CURVE('',#7412,(#7416),.PCURVE_S1.);
#7412 = LINE('',#7413,#7414);
#7413 = CARTESIAN_POINT('',(57.8,213.5,-30.5));
#7414 = VECTOR('',#7415,1.);
#7415 = DIRECTION('',(1.,0.,0.));
#7416 = PCURVE('',#7382,#7417);
#7417 = DEFINITIONAL_REPRESENTATION('',(#7418),#7421);
#7418 = B_SPLINE_CURVE_WITH_KNOTS('',1,(#7419,#7420),.UNSPECIFIED.,.F.,
  .F.,(2,2),(-84.7,39.1),.PIECEWISE_BEZIER_KNOTS.);
#7419 = CARTESIAN_POINT('',(-107.5,19.6));
#7420 = CARTESIAN_POINT('',(16.3,19.6));
#7421 = ( GEOMETRIC_REPRESENTATION_CONTEXT(2) 
PARAMETRIC_REPRESENTATION_CONTEXT() REPRESENTATION_CONTEXT('2D SPACE',''
  ) );
#7422 = ORIENTED_EDGE('',*,*,#7423,.F.);
#7423 = EDGE_CURVE('',#7372,#7409,#7424,.T.);
#7424 = SURFACE_CURVE('',#7425,(#7429),.PCURVE_S1.);
#7425 = LINE('',#7426,#7427);
#7426 = CARTESIAN_POINT('',(89.963624334645,200.6,-30.5));
#7427 = VECTOR('',#7428,1.);
#7428 = DIRECTION('',(0.,1.,0.));
#7429 = PCURVE('',#7382,#7430);
#7430 = DEFINITIONAL_REPRESENTATION('',(#7431),#7434);
#7431 = B_SPLINE_CURVE_WITH_KNOTS('',1,(#7432,#7433),.UNSPECIFIED.,.F.,
  .F.,(2,2),(-5.999999928008E-07,12.9000006),.PIECEWISE_BEZIER_KNOTS.);
#7432 = CARTESIAN_POINT('',(9.363624334645,6.6999994));
#7433 = CARTESIAN_POINT('',(9.363624334645,19.6000006));
#7434 = ( GEOMETRIC_REPRESENTATION_CONTEXT(2) 
PARAMETRIC_REPRESENTATION_CONTEXT() REPRESENTATION_CONTEXT('2D SPACE',''
  ) );
#7435 = SHELL_BASED_SURFACE_MODEL('',(#7436));
#7436 = OPEN_SHELL('',(#7437));
#7437 = ADVANCED_FACE('',(#7438),#7452,.T.);
#7438 = FACE_BOUND('',#7439,.T.);
#7439 = EDGE_LOOP('',(#7440,#7462,#7477,#7492));
#7440 = ORIENTED_EDGE('',*,*,#7441,.F.);
#7441 = EDGE_CURVE('',#7442,#7444,#7446,.T.);
#7442 = VERTEX_POINT('',#7443);
#7443 = CARTESIAN_POINT('',(-26.86768138535,214.,-30.5));
#7444 = VERTEX_POINT('',#7445);
#7445 = CARTESIAN_POINT('',(-26.86768138535,226.9,-30.5));
#7446 = SURFACE_CURVE('',#7447,(#7451),.PCURVE_S1.);
#7447 = LINE('',#7448,#7449);
#7448 = CARTESIAN_POINT('',(-26.86768138535,214.,-30.5));
#7449 = VECTOR('',#7450,1.);
#7450 = DIRECTION('',(0.,1.,0.));
#7451 = PCURVE('',#7452,#7457);
#7452 = PLANE('',#7453);
#7453 = AXIS2_PLACEMENT_3D('',#7454,#7455,#7456);
#7454 = CARTESIAN_POINT('',(80.6,193.9,-30.5));
#7455 = DIRECTION('',(0.,0.,1.));
#7456 = DIRECTION('',(1.,0.,-0.));
#7457 = DEFINITIONAL_REPRESENTATION('',(#7458),#7461);
#7458 = B_SPLINE_CURVE_WITH_KNOTS('',1,(#7459,#7460),.UNSPECIFIED.,.F.,
  .F.,(2,2),(-5.999999928008E-07,12.9000006),.PIECEWISE_BEZIER_KNOTS.);
#7459 = CARTESIAN_POINT('',(-107.4676813853,20.0999994));
#7460 = CARTESIAN_POINT('',(-107.4676813853,33.0000006));
#7461 = ( GEOMETRIC_REPRESENTATION_CONTEXT(2) 
PARAMETRIC_REPRESENTATION_CONTEXT() REPRESENTATION_CONTEXT('2D SPACE',''
  ) );
#7462 = ORIENTED_EDGE('',*,*,#7463,.T.);
#7463 = EDGE_CURVE('',#7442,#7464,#7466,.T.);
#7464 = VERTEX_POINT('',#7465);
#7465 = CARTESIAN_POINT('',(-19.96362433464,214.,-30.5));
#7466 = SURFACE_CURVE('',#7467,(#7471),.PCURVE_S1.);
#7467 = LINE('',#7468,#7469);
#7468 = CARTESIAN_POINT('',(57.8,214.,-30.5));
#7469 = VECTOR('',#7470,1.);
#7470 = DIRECTION('',(1.,0.,0.));
#7471 = PCURVE('',#7452,#7472);
#7472 = DEFINITIONAL_REPRESENTATION('',(#7473),#7476);
#7473 = B_SPLINE_CURVE_WITH_KNOTS('',1,(#7474,#7475),.UNSPECIFIED.,.F.,
  .F.,(2,2),(-84.7,39.1),.PIECEWISE_BEZIER_KNOTS.);
#7474 = CARTESIAN_POINT('',(-107.5,20.1));
#7475 = CARTESIAN_POINT('',(16.3,20.1));
#7476 = ( GEOMETRIC_REPRESENTATION_CONTEXT(2) 
PARAMETRIC_REPRESENTATION_CONTEXT() REPRESENTATION_CONTEXT('2D SPACE',''
  ) );
#7477 = ORIENTED_EDGE('',*,*,#7478,.T.);
#7478 = EDGE_CURVE('',#7464,#7479,#7481,.T.);
#7479 = VERTEX_POINT('',#7480);
#7480 = CARTESIAN_POINT('',(-19.96362433464,226.9,-30.5));
#7481 = SURFACE_CURVE('',#7482,(#7486),.PCURVE_S1.);
#7482 = LINE('',#7483,#7484);
#7483 = CARTESIAN_POINT('',(-19.96362433464,214.,-30.5));
#7484 = VECTOR('',#7485,1.);
#7485 = DIRECTION('',(0.,1.,0.));
#7486 = PCURVE('',#7452,#7487);
#7487 = DEFINITIONAL_REPRESENTATION('',(#7488),#7491);
#7488 = B_SPLINE_CURVE_WITH_KNOTS('',1,(#7489,#7490),.UNSPECIFIED.,.F.,
  .F.,(2,2),(-5.999999928008E-07,12.9000006),.PIECEWISE_BEZIER_KNOTS.);
#7489 = CARTESIAN_POINT('',(-100.5636243346,20.0999994));
#7490 = CARTESIAN_POINT('',(-100.5636243346,33.0000006));
#7491 = ( GEOMETRIC_REPRESENTATION_CONTEXT(2) 
PARAMETRIC_REPRESENTATION_CONTEXT() REPRESENTATION_CONTEXT('2D SPACE',''
  ) );
#7492 = ORIENTED_EDGE('',*,*,#7493,.F.);
#7493 = EDGE_CURVE('',#7444,#7479,#7494,.T.);
#7494 = SURFACE_CURVE('',#7495,(#7499),.PCURVE_S1.);
#7495 = LINE('',#7496,#7497);
#7496 = CARTESIAN_POINT('',(57.8,226.9,-30.5));
#7497 = VECTOR('',#7498,1.);
#7498 = DIRECTION('',(1.,0.,0.));
#7499 = PCURVE('',#7452,#7500);
#7500 = DEFINITIONAL_REPRESENTATION('',(#7501),#7504);
#7501 = B_SPLINE_CURVE_WITH_KNOTS('',1,(#7502,#7503),.UNSPECIFIED.,.F.,
  .F.,(2,2),(-84.7,39.1),.PIECEWISE_BEZIER_KNOTS.);
#7502 = CARTESIAN_POINT('',(-107.5,33.));
#7503 = CARTESIAN_POINT('',(16.3,33.));
#7504 = ( GEOMETRIC_REPRESENTATION_CONTEXT(2) 
PARAMETRIC_REPRESENTATION_CONTEXT() REPRESENTATION_CONTEXT('2D SPACE',''
  ) );
#7505 = SHELL_BASED_SURFACE_MODEL('',(#7506));
#7506 = OPEN_SHELL('',(#7507));
#7507 = ADVANCED_FACE('',(#7508),#7522,.T.);
#7508 = FACE_BOUND('',#7509,.T.);
#7509 = EDGE_LOOP('',(#7510,#7532,#7547,#7562));
#7510 = ORIENTED_EDGE('',*,*,#7511,.T.);
#7511 = EDGE_CURVE('',#7512,#7514,#7516,.T.);
#7512 = VERTEX_POINT('',#7513);
#7513 = CARTESIAN_POINT('',(89.963624334645,214.,-30.5));
#7514 = VERTEX_POINT('',#7515);
#7515 = CARTESIAN_POINT('',(96.867681385357,214.,-30.5));
#7516 = SURFACE_CURVE('',#7517,(#7521),.PCURVE_S1.);
#7517 = LINE('',#7518,#7519);
#7518 = CARTESIAN_POINT('',(57.8,214.,-30.5));
#7519 = VECTOR('',#7520,1.);
#7520 = DIRECTION('',(1.,0.,0.));
#7521 = PCURVE('',#7522,#7527);
#7522 = PLANE('',#7523);
#7523 = AXIS2_PLACEMENT_3D('',#7524,#7525,#7526);
#7524 = CARTESIAN_POINT('',(80.6,193.9,-30.5));
#7525 = DIRECTION('',(0.,0.,1.));
#7526 = DIRECTION('',(1.,0.,-0.));
#7527 = DEFINITIONAL_REPRESENTATION('',(#7528),#7531);
#7528 = B_SPLINE_CURVE_WITH_KNOTS('',1,(#7529,#7530),.UNSPECIFIED.,.F.,
  .F.,(2,2),(-84.7,39.1),.PIECEWISE_BEZIER_KNOTS.);
#7529 = CARTESIAN_POINT('',(-107.5,20.1));
#7530 = CARTESIAN_POINT('',(16.3,20.1));
#7531 = ( GEOMETRIC_REPRESENTATION_CONTEXT(2) 
PARAMETRIC_REPRESENTATION_CONTEXT() REPRESENTATION_CONTEXT('2D SPACE',''
  ) );
#7532 = ORIENTED_EDGE('',*,*,#7533,.T.);
#7533 = EDGE_CURVE('',#7514,#7534,#7536,.T.);
#7534 = VERTEX_POINT('',#7535);
#7535 = CARTESIAN_POINT('',(96.867681385357,226.9,-30.5));
#7536 = SURFACE_CURVE('',#7537,(#7541),.PCURVE_S1.);
#7537 = LINE('',#7538,#7539);
#7538 = CARTESIAN_POINT('',(96.867681385357,214.,-30.5));
#7539 = VECTOR('',#7540,1.);
#7540 = DIRECTION('',(0.,1.,0.));
#7541 = PCURVE('',#7522,#7542);
#7542 = DEFINITIONAL_REPRESENTATION('',(#7543),#7546);
#7543 = B_SPLINE_CURVE_WITH_KNOTS('',1,(#7544,#7545),.UNSPECIFIED.,.F.,
  .F.,(2,2),(-5.999999928008E-07,12.9000006),.PIECEWISE_BEZIER_KNOTS.);
#7544 = CARTESIAN_POINT('',(16.267681385357,20.0999994));
#7545 = CARTESIAN_POINT('',(16.267681385357,33.0000006));
#7546 = ( GEOMETRIC_REPRESENTATION_CONTEXT(2) 
PARAMETRIC_REPRESENTATION_CONTEXT() REPRESENTATION_CONTEXT('2D SPACE',''
  ) );
#7547 = ORIENTED_EDGE('',*,*,#7548,.F.);
#7548 = EDGE_CURVE('',#7549,#7534,#7551,.T.);
#7549 = VERTEX_POINT('',#7550);
#7550 = CARTESIAN_POINT('',(89.963624334645,226.9,-30.5));
#7551 = SURFACE_CURVE('',#7552,(#7556),.PCURVE_S1.);
#7552 = LINE('',#7553,#7554);
#7553 = CARTESIAN_POINT('',(57.8,226.9,-30.5));
#7554 = VECTOR('',#7555,1.);
#7555 = DIRECTION('',(1.,0.,0.));
#7556 = PCURVE('',#7522,#7557);
#7557 = DEFINITIONAL_REPRESENTATION('',(#7558),#7561);
#7558 = B_SPLINE_CURVE_WITH_KNOTS('',1,(#7559,#7560),.UNSPECIFIED.,.F.,
  .F.,(2,2),(-84.7,39.1),.PIECEWISE_BEZIER_KNOTS.);
#7559 = CARTESIAN_POINT('',(-107.5,33.));
#7560 = CARTESIAN_POINT('',(16.3,33.));
#7561 = ( GEOMETRIC_REPRESENTATION_CONTEXT(2) 
PARAMETRIC_REPRESENTATION_CONTEXT() REPRESENTATION_CONTEXT('2D SPACE',''
  ) );
#7562 = ORIENTED_EDGE('',*,*,#7563,.F.);
#7563 = EDGE_CURVE('',#7512,#7549,#7564,.T.);
#7564 = SURFACE_CURVE('',#7565,(#7569),.PCURVE_S1.);
#7565 = LINE('',#7566,#7567);
#7566 = CARTESIAN_POINT('',(89.963624334645,214.,-30.5));
#7567 = VECTOR('',#7568,1.);
#7568 = DIRECTION('',(0.,1.,0.));
#7569 = PCURVE('',#7522,#7570);
#7570 = DEFINITIONAL_REPRESENTATION('',(#7571),#7574);
#7571 = B_SPLINE_CURVE_WITH_KNOTS('',1,(#7572,#7573),.UNSPECIFIED.,.F.,
  .F.,(2,2),(-5.999999928008E-07,12.9000006),.PIECEWISE_BEZIER_KNOTS.);
#7572 = CARTESIAN_POINT('',(9.363624334645,20.0999994));
#7573 = CARTESIAN_POINT('',(9.363624334645,33.0000006));
#7574 = ( GEOMETRIC_REPRESENTATION_CONTEXT(2) 
PARAMETRIC_REPRESENTATION_CONTEXT() REPRESENTATION_CONTEXT('2D SPACE',''
  ) );
#7575 = SHELL_BASED_SURFACE_MODEL('',(#7576));
#7576 = OPEN_SHELL('',(#7577));
#7577 = ADVANCED_FACE('',(#7578),#7592,.T.);
#7578 = FACE_BOUND('',#7579,.T.);
#7579 = EDGE_LOOP('',(#7580,#7602,#7617,#7632));
#7580 = ORIENTED_EDGE('',*,*,#7581,.F.);
#7581 = EDGE_CURVE('',#7582,#7584,#7586,.T.);
#7582 = VERTEX_POINT('',#7583);
#7583 = CARTESIAN_POINT('',(-26.86768138535,227.4,-30.5));
#7584 = VERTEX_POINT('',#7585);
#7585 = CARTESIAN_POINT('',(-26.86768138535,240.3,-30.5));
#7586 = SURFACE_CURVE('',#7587,(#7591),.PCURVE_S1.);
#7587 = LINE('',#7588,#7589);
#7588 = CARTESIAN_POINT('',(-26.86768138535,227.4,-30.5));
#7589 = VECTOR('',#7590,1.);
#7590 = DIRECTION('',(0.,1.,0.));
#7591 = PCURVE('',#7592,#7597);
#7592 = PLANE('',#7593);
#7593 = AXIS2_PLACEMENT_3D('',#7594,#7595,#7596);
#7594 = CARTESIAN_POINT('',(80.6,193.9,-30.5));
#7595 = DIRECTION('',(0.,0.,1.));
#7596 = DIRECTION('',(1.,0.,-0.));
#7597 = DEFINITIONAL_REPRESENTATION('',(#7598),#7601);
#7598 = B_SPLINE_CURVE_WITH_KNOTS('',1,(#7599,#7600),.UNSPECIFIED.,.F.,
  .F.,(2,2),(-5.999999928008E-07,12.9000006),.PIECEWISE_BEZIER_KNOTS.);
#7599 = CARTESIAN_POINT('',(-107.4676813853,33.4999994));
#7600 = CARTESIAN_POINT('',(-107.4676813853,46.4000006));
#7601 = ( GEOMETRIC_REPRESENTATION_CONTEXT(2) 
PARAMETRIC_REPRESENTATION_CONTEXT() REPRESENTATION_CONTEXT('2D SPACE',''
  ) );
#7602 = ORIENTED_EDGE('',*,*,#7603,.T.);
#7603 = EDGE_CURVE('',#7582,#7604,#7606,.T.);
#7604 = VERTEX_POINT('',#7605);
#7605 = CARTESIAN_POINT('',(-19.96362433464,227.4,-30.5));
#7606 = SURFACE_CURVE('',#7607,(#7611),.PCURVE_S1.);
#7607 = LINE('',#7608,#7609);
#7608 = CARTESIAN_POINT('',(57.8,227.4,-30.5));
#7609 = VECTOR('',#7610,1.);
#7610 = DIRECTION('',(1.,0.,0.));
#7611 = PCURVE('',#7592,#7612);
#7612 = DEFINITIONAL_REPRESENTATION('',(#7613),#7616);
#7613 = B_SPLINE_CURVE_WITH_KNOTS('',1,(#7614,#7615),.UNSPECIFIED.,.F.,
  .F.,(2,2),(-84.7,39.1),.PIECEWISE_BEZIER_KNOTS.);
#7614 = CARTESIAN_POINT('',(-107.5,33.5));
#7615 = CARTESIAN_POINT('',(16.3,33.5));
#7616 = ( GEOMETRIC_REPRESENTATION_CONTEXT(2) 
PARAMETRIC_REPRESENTATION_CONTEXT() REPRESENTATION_CONTEXT('2D SPACE',''
  ) );
#7617 = ORIENTED_EDGE('',*,*,#7618,.T.);
#7618 = EDGE_CURVE('',#7604,#7619,#7621,.T.);
#7619 = VERTEX_POINT('',#7620);
#7620 = CARTESIAN_POINT('',(-19.96362433464,240.3,-30.5));
#7621 = SURFACE_CURVE('',#7622,(#7626),.PCURVE_S1.);
#7622 = LINE('',#7623,#7624);
#7623 = CARTESIAN_POINT('',(-19.96362433464,227.4,-30.5));
#7624 = VECTOR('',#7625,1.);
#7625 = DIRECTION('',(0.,1.,0.));
#7626 = PCURVE('',#7592,#7627);
#7627 = DEFINITIONAL_REPRESENTATION('',(#7628),#7631);
#7628 = B_SPLINE_CURVE_WITH_KNOTS('',1,(#7629,#7630),.UNSPECIFIED.,.F.,
  .F.,(2,2),(-5.999999928008E-07,12.9000006),.PIECEWISE_BEZIER_KNOTS.);
#7629 = CARTESIAN_POINT('',(-100.5636243346,33.4999994));
#7630 = CARTESIAN_POINT('',(-100.5636243346,46.4000006));
#7631 = ( GEOMETRIC_REPRESENTATION_CONTEXT(2) 
PARAMETRIC_REPRESENTATION_CONTEXT() REPRESENTATION_CONTEXT('2D SPACE',''
  ) );
#7632 = ORIENTED_EDGE('',*,*,#7633,.F.);
#7633 = EDGE_CURVE('',#7584,#7619,#7634,.T.);
#7634 = SURFACE_CURVE('',#7635,(#7639),.PCURVE_S1.);
#7635 = LINE('',#7636,#7637);
#7636 = CARTESIAN_POINT('',(57.8,240.3,-30.5));
#7637 = VECTOR('',#7638,1.);
#7638 = DIRECTION('',(1.,0.,0.));
#7639 = PCURVE('',#7592,#7640);
#7640 = DEFINITIONAL_REPRESENTATION('',(#7641),#7644);
#7641 = B_SPLINE_CURVE_WITH_KNOTS('',1,(#7642,#7643),.UNSPECIFIED.,.F.,
  .F.,(2,2),(-84.7,39.1),.PIECEWISE_BEZIER_KNOTS.);
#7642 = CARTESIAN_POINT('',(-107.5,46.4));
#7643 = CARTESIAN_POINT('',(16.3,46.4));
#7644 = ( GEOMETRIC_REPRESENTATION_CONTEXT(2) 
PARAMETRIC_REPRESENTATION_CONTEXT() REPRESENTATION_CONTEXT('2D SPACE',''
  ) );
#7645 = SHELL_BASED_SURFACE_MODEL('',(#7646));
#7646 = OPEN_SHELL('',(#7647));
#7647 = ADVANCED_FACE('',(#7648),#7662,.T.);
#7648 = FACE_BOUND('',#7649,.T.);
#7649 = EDGE_LOOP('',(#7650,#7672,#7687,#7702));
#7650 = ORIENTED_EDGE('',*,*,#7651,.T.);
#7651 = EDGE_CURVE('',#7652,#7654,#7656,.T.);
#7652 = VERTEX_POINT('',#7653);
#7653 = CARTESIAN_POINT('',(89.963624334645,227.4,-30.5));
#7654 = VERTEX_POINT('',#7655);
#7655 = CARTESIAN_POINT('',(96.867681385357,227.4,-30.5));
#7656 = SURFACE_CURVE('',#7657,(#7661),.PCURVE_S1.);
#7657 = LINE('',#7658,#7659);
#7658 = CARTESIAN_POINT('',(57.8,227.4,-30.5));
#7659 = VECTOR('',#7660,1.);
#7660 = DIRECTION('',(1.,0.,0.));
#7661 = PCURVE('',#7662,#7667);
#7662 = PLANE('',#7663);
#7663 = AXIS2_PLACEMENT_3D('',#7664,#7665,#7666);
#7664 = CARTESIAN_POINT('',(80.6,193.9,-30.5));
#7665 = DIRECTION('',(0.,0.,1.));
#7666 = DIRECTION('',(1.,0.,-0.));
#7667 = DEFINITIONAL_REPRESENTATION('',(#7668),#7671);
#7668 = B_SPLINE_CURVE_WITH_KNOTS('',1,(#7669,#7670),.UNSPECIFIED.,.F.,
  .F.,(2,2),(-84.7,39.1),.PIECEWISE_BEZIER_KNOTS.);
#7669 = CARTESIAN_POINT('',(-107.5,33.5));
#7670 = CARTESIAN_POINT('',(16.3,33.5));
#7671 = ( GEOMETRIC_REPRESENTATION_CONTEXT(2) 
PARAMETRIC_REPRESENTATION_CONTEXT() REPRESENTATION_CONTEXT('2D SPACE',''
  ) );
#7672 = ORIENTED_EDGE('',*,*,#7673,.T.);
#7673 = EDGE_CURVE('',#7654,#7674,#7676,.T.);
#7674 = VERTEX_POINT('',#7675);
#7675 = CARTESIAN_POINT('',(96.867681385357,240.3,-30.5));
#7676 = SURFACE_CURVE('',#7677,(#7681),.PCURVE_S1.);
#7677 = LINE('',#7678,#7679);
#7678 = CARTESIAN_POINT('',(96.867681385357,227.4,-30.5));
#7679 = VECTOR('',#7680,1.);
#7680 = DIRECTION('',(0.,1.,0.));
#7681 = PCURVE('',#7662,#7682);
#7682 = DEFINITIONAL_REPRESENTATION('',(#7683),#7686);
#7683 = B_SPLINE_CURVE_WITH_KNOTS('',1,(#7684,#7685),.UNSPECIFIED.,.F.,
  .F.,(2,2),(-5.999999928008E-07,12.9000006),.PIECEWISE_BEZIER_KNOTS.);
#7684 = CARTESIAN_POINT('',(16.267681385357,33.4999994));
#7685 = CARTESIAN_POINT('',(16.267681385357,46.4000006));
#7686 = ( GEOMETRIC_REPRESENTATION_CONTEXT(2) 
PARAMETRIC_REPRESENTATION_CONTEXT() REPRESENTATION_CONTEXT('2D SPACE',''
  ) );
#7687 = ORIENTED_EDGE('',*,*,#7688,.F.);
#7688 = EDGE_CURVE('',#7689,#7674,#7691,.T.);
#7689 = VERTEX_POINT('',#7690);
#7690 = CARTESIAN_POINT('',(89.963624334645,240.3,-30.5));
#7691 = SURFACE_CURVE('',#7692,(#7696),.PCURVE_S1.);
#7692 = LINE('',#7693,#7694);
#7693 = CARTESIAN_POINT('',(57.8,240.3,-30.5));
#7694 = VECTOR('',#7695,1.);
#7695 = DIRECTION('',(1.,0.,0.));
#7696 = PCURVE('',#7662,#7697);
#7697 = DEFINITIONAL_REPRESENTATION('',(#7698),#7701);
#7698 = B_SPLINE_CURVE_WITH_KNOTS('',1,(#7699,#7700),.UNSPECIFIED.,.F.,
  .F.,(2,2),(-84.7,39.1),.PIECEWISE_BEZIER_KNOTS.);
#7699 = CARTESIAN_POINT('',(-107.5,46.4));
#7700 = CARTESIAN_POINT('',(16.3,46.4));
#7701 = ( GEOMETRIC_REPRESENTATION_CONTEXT(2) 
PARAMETRIC_REPRESENTATION_CONTEXT() REPRESENTATION_CONTEXT('2D SPACE',''
  ) );
#7702 = ORIENTED_EDGE('',*,*,#7703,.F.);
#7703 = EDGE_CURVE('',#7652,#7689,#7704,.T.);
#7704 = SURFACE_CURVE('',#7705,(#7709),.PCURVE_S1.);
#7705 = LINE('',#7706,#7707);
#7706 = CARTESIAN_POINT('',(89.963624334645,227.4,-30.5));
#7707 = VECTOR('',#7708,1.);
#7708 = DIRECTION('',(0.,1.,0.));
#7709 = PCURVE('',#7662,#7710);
#7710 = DEFINITIONAL_REPRESENTATION('',(#7711),#7714);
#7711 = B_SPLINE_CURVE_WITH_KNOTS('',1,(#7712,#7713),.UNSPECIFIED.,.F.,
  .F.,(2,2),(-5.999999928008E-07,12.9000006),.PIECEWISE_BEZIER_KNOTS.);
#7712 = CARTESIAN_POINT('',(9.363624334645,33.4999994));
#7713 = CARTESIAN_POINT('',(9.363624334645,46.4000006));
#7714 = ( GEOMETRIC_REPRESENTATION_CONTEXT(2) 
PARAMETRIC_REPRESENTATION_CONTEXT() REPRESENTATION_CONTEXT('2D SPACE',''
  ) );
#7715 = SHELL_BASED_SURFACE_MODEL('',(#7716));
#7716 = OPEN_SHELL('',(#7717));
#7717 = ADVANCED_FACE('',(#7718),#7732,.T.);
#7718 = FACE_BOUND('',#7719,.T.);
#7719 = EDGE_LOOP('',(#7720,#7742,#7757,#7772));
#7720 = ORIENTED_EDGE('',*,*,#7721,.F.);
#7721 = EDGE_CURVE('',#7722,#7724,#7726,.T.);
#7722 = VERTEX_POINT('',#7723);
#7723 = CARTESIAN_POINT('',(-26.86768138535,240.8,-30.5));
#7724 = VERTEX_POINT('',#7725);
#7725 = CARTESIAN_POINT('',(-26.86768138535,253.7,-30.5));
#7726 = SURFACE_CURVE('',#7727,(#7731),.PCURVE_S1.);
#7727 = LINE('',#7728,#7729);
#7728 = CARTESIAN_POINT('',(-26.86768138535,240.8,-30.5));
#7729 = VECTOR('',#7730,1.);
#7730 = DIRECTION('',(0.,1.,0.));
#7731 = PCURVE('',#7732,#7737);
#7732 = PLANE('',#7733);
#7733 = AXIS2_PLACEMENT_3D('',#7734,#7735,#7736);
#7734 = CARTESIAN_POINT('',(80.6,193.9,-30.5));
#7735 = DIRECTION('',(0.,0.,1.));
#7736 = DIRECTION('',(1.,0.,-0.));
#7737 = DEFINITIONAL_REPRESENTATION('',(#7738),#7741);
#7738 = B_SPLINE_CURVE_WITH_KNOTS('',1,(#7739,#7740),.UNSPECIFIED.,.F.,
  .F.,(2,2),(-5.999999928008E-07,12.9000006),.PIECEWISE_BEZIER_KNOTS.);
#7739 = CARTESIAN_POINT('',(-107.4676813853,46.8999994));
#7740 = CARTESIAN_POINT('',(-107.4676813853,59.8000006));
#7741 = ( GEOMETRIC_REPRESENTATION_CONTEXT(2) 
PARAMETRIC_REPRESENTATION_CONTEXT() REPRESENTATION_CONTEXT('2D SPACE',''
  ) );
#7742 = ORIENTED_EDGE('',*,*,#7743,.T.);
#7743 = EDGE_CURVE('',#7722,#7744,#7746,.T.);
#7744 = VERTEX_POINT('',#7745);
#7745 = CARTESIAN_POINT('',(-19.96362433464,240.8,-30.5));
#7746 = SURFACE_CURVE('',#7747,(#7751),.PCURVE_S1.);
#7747 = LINE('',#7748,#7749);
#7748 = CARTESIAN_POINT('',(57.8,240.8,-30.5));
#7749 = VECTOR('',#7750,1.);
#7750 = DIRECTION('',(1.,0.,0.));
#7751 = PCURVE('',#7732,#7752);
#7752 = DEFINITIONAL_REPRESENTATION('',(#7753),#7756);
#7753 = B_SPLINE_CURVE_WITH_KNOTS('',1,(#7754,#7755),.UNSPECIFIED.,.F.,
  .F.,(2,2),(-84.7,39.1),.PIECEWISE_BEZIER_KNOTS.);
#7754 = CARTESIAN_POINT('',(-107.5,46.9));
#7755 = CARTESIAN_POINT('',(16.3,46.9));
#7756 = ( GEOMETRIC_REPRESENTATION_CONTEXT(2) 
PARAMETRIC_REPRESENTATION_CONTEXT() REPRESENTATION_CONTEXT('2D SPACE',''
  ) );
#7757 = ORIENTED_EDGE('',*,*,#7758,.T.);
#7758 = EDGE_CURVE('',#7744,#7759,#7761,.T.);
#7759 = VERTEX_POINT('',#7760);
#7760 = CARTESIAN_POINT('',(-19.96362433464,253.7,-30.5));
#7761 = SURFACE_CURVE('',#7762,(#7766),.PCURVE_S1.);
#7762 = LINE('',#7763,#7764);
#7763 = CARTESIAN_POINT('',(-19.96362433464,240.8,-30.5));
#7764 = VECTOR('',#7765,1.);
#7765 = DIRECTION('',(0.,1.,0.));
#7766 = PCURVE('',#7732,#7767);
#7767 = DEFINITIONAL_REPRESENTATION('',(#7768),#7771);
#7768 = B_SPLINE_CURVE_WITH_KNOTS('',1,(#7769,#7770),.UNSPECIFIED.,.F.,
  .F.,(2,2),(-5.999999928008E-07,12.9000006),.PIECEWISE_BEZIER_KNOTS.);
#7769 = CARTESIAN_POINT('',(-100.5636243346,46.8999994));
#7770 = CARTESIAN_POINT('',(-100.5636243346,59.8000006));
#7771 = ( GEOMETRIC_REPRESENTATION_CONTEXT(2) 
PARAMETRIC_REPRESENTATION_CONTEXT() REPRESENTATION_CONTEXT('2D SPACE',''
  ) );
#7772 = ORIENTED_EDGE('',*,*,#7773,.F.);
#7773 = EDGE_CURVE('',#7724,#7759,#7774,.T.);
#7774 = SURFACE_CURVE('',#7775,(#7779),.PCURVE_S1.);
#7775 = LINE('',#7776,#7777);
#7776 = CARTESIAN_POINT('',(57.8,253.7,-30.5));
#7777 = VECTOR('',#7778,1.);
#7778 = DIRECTION('',(1.,0.,0.));
#7779 = PCURVE('',#7732,#7780);
#7780 = DEFINITIONAL_REPRESENTATION('',(#7781),#7784);
#7781 = B_SPLINE_CURVE_WITH_KNOTS('',1,(#7782,#7783),.UNSPECIFIED.,.F.,
  .F.,(2,2),(-84.7,39.1),.PIECEWISE_BEZIER_KNOTS.);
#7782 = CARTESIAN_POINT('',(-107.5,59.8));
#7783 = CARTESIAN_POINT('',(16.3,59.8));
#7784 = ( GEOMETRIC_REPRESENTATION_CONTEXT(2) 
PARAMETRIC_REPRESENTATION_CONTEXT() REPRESENTATION_CONTEXT('2D SPACE',''
  ) );
#7785 = SHELL_BASED_SURFACE_MODEL('',(#7786));
#7786 = OPEN_SHELL('',(#7787));
#7787 = ADVANCED_FACE('',(#7788),#7802,.T.);
#7788 = FACE_BOUND('',#7789,.T.);
#7789 = EDGE_LOOP('',(#7790,#7812,#7827,#7842));
#7790 = ORIENTED_EDGE('',*,*,#7791,.T.);
#7791 = EDGE_CURVE('',#7792,#7794,#7796,.T.);
#7792 = VERTEX_POINT('',#7793);
#7793 = CARTESIAN_POINT('',(89.963624334645,240.8,-30.5));
#7794 = VERTEX_POINT('',#7795);
#7795 = CARTESIAN_POINT('',(96.867681385357,240.8,-30.5));
#7796 = SURFACE_CURVE('',#7797,(#7801),.PCURVE_S1.);
#7797 = LINE('',#7798,#7799);
#7798 = CARTESIAN_POINT('',(57.8,240.8,-30.5));
#7799 = VECTOR('',#7800,1.);
#7800 = DIRECTION('',(1.,0.,0.));
#7801 = PCURVE('',#7802,#7807);
#7802 = PLANE('',#7803);
#7803 = AXIS2_PLACEMENT_3D('',#7804,#7805,#7806);
#7804 = CARTESIAN_POINT('',(80.6,193.9,-30.5));
#7805 = DIRECTION('',(0.,0.,1.));
#7806 = DIRECTION('',(1.,0.,-0.));
#7807 = DEFINITIONAL_REPRESENTATION('',(#7808),#7811);
#7808 = B_SPLINE_CURVE_WITH_KNOTS('',1,(#7809,#7810),.UNSPECIFIED.,.F.,
  .F.,(2,2),(-84.7,39.1),.PIECEWISE_BEZIER_KNOTS.);
#7809 = CARTESIAN_POINT('',(-107.5,46.9));
#7810 = CARTESIAN_POINT('',(16.3,46.9));
#7811 = ( GEOMETRIC_REPRESENTATION_CONTEXT(2) 
PARAMETRIC_REPRESENTATION_CONTEXT() REPRESENTATION_CONTEXT('2D SPACE',''
  ) );
#7812 = ORIENTED_EDGE('',*,*,#7813,.T.);
#7813 = EDGE_CURVE('',#7794,#7814,#7816,.T.);
#7814 = VERTEX_POINT('',#7815);
#7815 = CARTESIAN_POINT('',(96.867681385357,253.7,-30.5));
#7816 = SURFACE_CURVE('',#7817,(#7821),.PCURVE_S1.);
#7817 = LINE('',#7818,#7819);
#7818 = CARTESIAN_POINT('',(96.867681385357,240.8,-30.5));
#7819 = VECTOR('',#7820,1.);
#7820 = DIRECTION('',(0.,1.,0.));
#7821 = PCURVE('',#7802,#7822);
#7822 = DEFINITIONAL_REPRESENTATION('',(#7823),#7826);
#7823 = B_SPLINE_CURVE_WITH_KNOTS('',1,(#7824,#7825),.UNSPECIFIED.,.F.,
  .F.,(2,2),(-5.999999928008E-07,12.9000006),.PIECEWISE_BEZIER_KNOTS.);
#7824 = CARTESIAN_POINT('',(16.267681385357,46.8999994));
#7825 = CARTESIAN_POINT('',(16.267681385357,59.8000006));
#7826 = ( GEOMETRIC_REPRESENTATION_CONTEXT(2) 
PARAMETRIC_REPRESENTATION_CONTEXT() REPRESENTATION_CONTEXT('2D SPACE',''
  ) );
#7827 = ORIENTED_EDGE('',*,*,#7828,.F.);
#7828 = EDGE_CURVE('',#7829,#7814,#7831,.T.);
#7829 = VERTEX_POINT('',#7830);
#7830 = CARTESIAN_POINT('',(89.963624334645,253.7,-30.5));
#7831 = SURFACE_CURVE('',#7832,(#7836),.PCURVE_S1.);
#7832 = LINE('',#7833,#7834);
#7833 = CARTESIAN_POINT('',(57.8,253.7,-30.5));
#7834 = VECTOR('',#7835,1.);
#7835 = DIRECTION('',(1.,0.,0.));
#7836 = PCURVE('',#7802,#7837);
#7837 = DEFINITIONAL_REPRESENTATION('',(#7838),#7841);
#7838 = B_SPLINE_CURVE_WITH_KNOTS('',1,(#7839,#7840),.UNSPECIFIED.,.F.,
  .F.,(2,2),(-84.7,39.1),.PIECEWISE_BEZIER_KNOTS.);
#7839 = CARTESIAN_POINT('',(-107.5,59.8));
#7840 = CARTESIAN_POINT('',(16.3,59.8));
#7841 = ( GEOMETRIC_REPRESENTATION_CONTEXT(2) 
PARAMETRIC_REPRESENTATION_CONTEXT() REPRESENTATION_CONTEXT('2D SPACE',''
  ) );
#7842 = ORIENTED_EDGE('',*,*,#7843,.F.);
#7843 = EDGE_CURVE('',#7792,#7829,#7844,.T.);
#7844 = SURFACE_CURVE('',#7845,(#7849),.PCURVE_S1.);
#7845 = LINE('',#7846,#7847);
#7846 = CARTESIAN_POINT('',(89.963624334645,240.8,-30.5));
#7847 = VECTOR('',#7848,1.);
#7848 = DIRECTION('',(0.,1.,0.));
#7849 = PCURVE('',#7802,#7850);
#7850 = DEFINITIONAL_REPRESENTATION('',(#7851),#7854);
#7851 = B_SPLINE_CURVE_WITH_KNOTS('',1,(#7852,#7853),.UNSPECIFIED.,.F.,
  .F.,(2,2),(-5.999999928008E-07,12.9000006),.PIECEWISE_BEZIER_KNOTS.);
#7852 = CARTESIAN_POINT('',(9.363624334645,46.8999994));
#7853 = CARTESIAN_POINT('',(9.363624334645,59.8000006));
#7854 = ( GEOMETRIC_REPRESENTATION_CONTEXT(2) 
PARAMETRIC_REPRESENTATION_CONTEXT() REPRESENTATION_CONTEXT('2D SPACE',''
  ) );
#7855 = SHELL_BASED_SURFACE_MODEL('',(#7856));
#7856 = OPEN_SHELL('',(#7857));
#7857 = ADVANCED_FACE('',(#7858),#7872,.T.);
#7858 = FACE_BOUND('',#7859,.T.);
#7859 = EDGE_LOOP('',(#7860,#7882,#7897,#7912));
#7860 = ORIENTED_EDGE('',*,*,#7861,.F.);
#7861 = EDGE_CURVE('',#7862,#7864,#7866,.T.);
#7862 = VERTEX_POINT('',#7863);
#7863 = CARTESIAN_POINT('',(-26.86768138535,254.2,-30.5));
#7864 = VERTEX_POINT('',#7865);
#7865 = CARTESIAN_POINT('',(-26.86768138535,267.1,-30.5));
#7866 = SURFACE_CURVE('',#7867,(#7871),.PCURVE_S1.);
#7867 = LINE('',#7868,#7869);
#7868 = CARTESIAN_POINT('',(-26.86768138535,254.2,-30.5));
#7869 = VECTOR('',#7870,1.);
#7870 = DIRECTION('',(0.,1.,0.));
#7871 = PCURVE('',#7872,#7877);
#7872 = PLANE('',#7873);
#7873 = AXIS2_PLACEMENT_3D('',#7874,#7875,#7876);
#7874 = CARTESIAN_POINT('',(80.6,193.9,-30.5));
#7875 = DIRECTION('',(0.,0.,1.));
#7876 = DIRECTION('',(1.,0.,-0.));
#7877 = DEFINITIONAL_REPRESENTATION('',(#7878),#7881);
#7878 = B_SPLINE_CURVE_WITH_KNOTS('',1,(#7879,#7880),.UNSPECIFIED.,.F.,
  .F.,(2,2),(-5.999999928008E-07,12.9000006),.PIECEWISE_BEZIER_KNOTS.);
#7879 = CARTESIAN_POINT('',(-107.4676813853,60.2999994));
#7880 = CARTESIAN_POINT('',(-107.4676813853,73.2000006));
#7881 = ( GEOMETRIC_REPRESENTATION_CONTEXT(2) 
PARAMETRIC_REPRESENTATION_CONTEXT() REPRESENTATION_CONTEXT('2D SPACE',''
  ) );
#7882 = ORIENTED_EDGE('',*,*,#7883,.T.);
#7883 = EDGE_CURVE('',#7862,#7884,#7886,.T.);
#7884 = VERTEX_POINT('',#7885);
#7885 = CARTESIAN_POINT('',(-19.96362433464,254.2,-30.5));
#7886 = SURFACE_CURVE('',#7887,(#7891),.PCURVE_S1.);
#7887 = LINE('',#7888,#7889);
#7888 = CARTESIAN_POINT('',(57.8,254.2,-30.5));
#7889 = VECTOR('',#7890,1.);
#7890 = DIRECTION('',(1.,0.,0.));
#7891 = PCURVE('',#7872,#7892);
#7892 = DEFINITIONAL_REPRESENTATION('',(#7893),#7896);
#7893 = B_SPLINE_CURVE_WITH_KNOTS('',1,(#7894,#7895),.UNSPECIFIED.,.F.,
  .F.,(2,2),(-84.7,39.1),.PIECEWISE_BEZIER_KNOTS.);
#7894 = CARTESIAN_POINT('',(-107.5,60.3));
#7895 = CARTESIAN_POINT('',(16.3,60.3));
#7896 = ( GEOMETRIC_REPRESENTATION_CONTEXT(2) 
PARAMETRIC_REPRESENTATION_CONTEXT() REPRESENTATION_CONTEXT('2D SPACE',''
  ) );
#7897 = ORIENTED_EDGE('',*,*,#7898,.T.);
#7898 = EDGE_CURVE('',#7884,#7899,#7901,.T.);
#7899 = VERTEX_POINT('',#7900);
#7900 = CARTESIAN_POINT('',(-19.96362433464,267.1,-30.5));
#7901 = SURFACE_CURVE('',#7902,(#7906),.PCURVE_S1.);
#7902 = LINE('',#7903,#7904);
#7903 = CARTESIAN_POINT('',(-19.96362433464,254.2,-30.5));
#7904 = VECTOR('',#7905,1.);
#7905 = DIRECTION('',(0.,1.,0.));
#7906 = PCURVE('',#7872,#7907);
#7907 = DEFINITIONAL_REPRESENTATION('',(#7908),#7911);
#7908 = B_SPLINE_CURVE_WITH_KNOTS('',1,(#7909,#7910),.UNSPECIFIED.,.F.,
  .F.,(2,2),(-5.999999928008E-07,12.9000006),.PIECEWISE_BEZIER_KNOTS.);
#7909 = CARTESIAN_POINT('',(-100.5636243346,60.2999994));
#7910 = CARTESIAN_POINT('',(-100.5636243346,73.2000006));
#7911 = ( GEOMETRIC_REPRESENTATION_CONTEXT(2) 
PARAMETRIC_REPRESENTATION_CONTEXT() REPRESENTATION_CONTEXT('2D SPACE',''
  ) );
#7912 = ORIENTED_EDGE('',*,*,#7913,.F.);
#7913 = EDGE_CURVE('',#7864,#7899,#7914,.T.);
#7914 = SURFACE_CURVE('',#7915,(#7919),.PCURVE_S1.);
#7915 = LINE('',#7916,#7917);
#7916 = CARTESIAN_POINT('',(57.8,267.1,-30.5));
#7917 = VECTOR('',#7918,1.);
#7918 = DIRECTION('',(1.,0.,0.));
#7919 = PCURVE('',#7872,#7920);
#7920 = DEFINITIONAL_REPRESENTATION('',(#7921),#7924);
#7921 = B_SPLINE_CURVE_WITH_KNOTS('',1,(#7922,#7923),.UNSPECIFIED.,.F.,
  .F.,(2,2),(-84.7,39.1),.PIECEWISE_BEZIER_KNOTS.);
#7922 = CARTESIAN_POINT('',(-107.5,73.2));
#7923 = CARTESIAN_POINT('',(16.3,73.2));
#7924 = ( GEOMETRIC_REPRESENTATION_CONTEXT(2) 
PARAMETRIC_REPRESENTATION_CONTEXT() REPRESENTATION_CONTEXT('2D SPACE',''
  ) );
#7925 = SHELL_BASED_SURFACE_MODEL('',(#7926));
#7926 = OPEN_SHELL('',(#7927));
#7927 = ADVANCED_FACE('',(#7928),#7942,.T.);
#7928 = FACE_BOUND('',#7929,.T.);
#7929 = EDGE_LOOP('',(#7930,#7952,#7967,#7982));
#7930 = ORIENTED_EDGE('',*,*,#7931,.T.);
#7931 = EDGE_CURVE('',#7932,#7934,#7936,.T.);
#7932 = VERTEX_POINT('',#7933);
#7933 = CARTESIAN_POINT('',(89.963624334645,254.2,-30.5));
#7934 = VERTEX_POINT('',#7935);
#7935 = CARTESIAN_POINT('',(96.867681385357,254.2,-30.5));
#7936 = SURFACE_CURVE('',#7937,(#7941),.PCURVE_S1.);
#7937 = LINE('',#7938,#7939);
#7938 = CARTESIAN_POINT('',(57.8,254.2,-30.5));
#7939 = VECTOR('',#7940,1.);
#7940 = DIRECTION('',(1.,0.,0.));
#7941 = PCURVE('',#7942,#7947);
#7942 = PLANE('',#7943);
#7943 = AXIS2_PLACEMENT_3D('',#7944,#7945,#7946);
#7944 = CARTESIAN_POINT('',(80.6,193.9,-30.5));
#7945 = DIRECTION('',(0.,0.,1.));
#7946 = DIRECTION('',(1.,0.,-0.));
#7947 = DEFINITIONAL_REPRESENTATION('',(#7948),#7951);
#7948 = B_SPLINE_CURVE_WITH_KNOTS('',1,(#7949,#7950),.UNSPECIFIED.,.F.,
  .F.,(2,2),(-84.7,39.1),.PIECEWISE_BEZIER_KNOTS.);
#7949 = CARTESIAN_POINT('',(-107.5,60.3));
#7950 = CARTESIAN_POINT('',(16.3,60.3));
#7951 = ( GEOMETRIC_REPRESENTATION_CONTEXT(2) 
PARAMETRIC_REPRESENTATION_CONTEXT() REPRESENTATION_CONTEXT('2D SPACE',''
  ) );
#7952 = ORIENTED_EDGE('',*,*,#7953,.T.);
#7953 = EDGE_CURVE('',#7934,#7954,#7956,.T.);
#7954 = VERTEX_POINT('',#7955);
#7955 = CARTESIAN_POINT('',(96.867681385357,267.1,-30.5));
#7956 = SURFACE_CURVE('',#7957,(#7961),.PCURVE_S1.);
#7957 = LINE('',#7958,#7959);
#7958 = CARTESIAN_POINT('',(96.867681385357,254.2,-30.5));
#7959 = VECTOR('',#7960,1.);
#7960 = DIRECTION('',(0.,1.,0.));
#7961 = PCURVE('',#7942,#7962);
#7962 = DEFINITIONAL_REPRESENTATION('',(#7963),#7966);
#7963 = B_SPLINE_CURVE_WITH_KNOTS('',1,(#7964,#7965),.UNSPECIFIED.,.F.,
  .F.,(2,2),(-5.999999928008E-07,12.9000006),.PIECEWISE_BEZIER_KNOTS.);
#7964 = CARTESIAN_POINT('',(16.267681385357,60.2999994));
#7965 = CARTESIAN_POINT('',(16.267681385357,73.2000006));
#7966 = ( GEOMETRIC_REPRESENTATION_CONTEXT(2) 
PARAMETRIC_REPRESENTATION_CONTEXT() REPRESENTATION_CONTEXT('2D SPACE',''
  ) );
#7967 = ORIENTED_EDGE('',*,*,#7968,.F.);
#7968 = EDGE_CURVE('',#7969,#7954,#7971,.T.);
#7969 = VERTEX_POINT('',#7970);
#7970 = CARTESIAN_POINT('',(89.963624334645,267.1,-30.5));
#7971 = SURFACE_CURVE('',#7972,(#7976),.PCURVE_S1.);
#7972 = LINE('',#7973,#7974);
#7973 = CARTESIAN_POINT('',(57.8,267.1,-30.5));
#7974 = VECTOR('',#7975,1.);
#7975 = DIRECTION('',(1.,0.,0.));
#7976 = PCURVE('',#7942,#7977);
#7977 = DEFINITIONAL_REPRESENTATION('',(#7978),#7981);
#7978 = B_SPLINE_CURVE_WITH_KNOTS('',1,(#7979,#7980),.UNSPECIFIED.,.F.,
  .F.,(2,2),(-84.7,39.1),.PIECEWISE_BEZIER_KNOTS.);
#7979 = CARTESIAN_POINT('',(-107.5,73.2));
#7980 = CARTESIAN_POINT('',(16.3,73.2));
#7981 = ( GEOMETRIC_REPRESENTATION_CONTEXT(2) 
PARAMETRIC_REPRESENTATION_CONTEXT() REPRESENTATION_CONTEXT('2D SPACE',''
  ) );
#7982 = ORIENTED_EDGE('',*,*,#7983,.F.);
#7983 = EDGE_CURVE('',#7932,#7969,#7984,.T.);
#7984 = SURFACE_CURVE('',#7985,(#7989),.PCURVE_S1.);
#7985 = LINE('',#7986,#7987);
#7986 = CARTESIAN_POINT('',(89.963624334645,254.2,-30.5));
#7987 = VECTOR('',#7988,1.);
#7988 = DIRECTION('',(0.,1.,0.));
#7989 = PCURVE('',#7942,#7990);
#7990 = DEFINITIONAL_REPRESENTATION('',(#7991),#7994);
#7991 = B_SPLINE_CURVE_WITH_KNOTS('',1,(#7992,#7993),.UNSPECIFIED.,.F.,
  .F.,(2,2),(-5.999999928008E-07,12.9000006),.PIECEWISE_BEZIER_KNOTS.);
#7992 = CARTESIAN_POINT('',(9.363624334645,60.2999994));
#7993 = CARTESIAN_POINT('',(9.363624334645,73.2000006));
#7994 = ( GEOMETRIC_REPRESENTATION_CONTEXT(2) 
PARAMETRIC_REPRESENTATION_CONTEXT() REPRESENTATION_CONTEXT('2D SPACE',''
  ) );
#7995 = SHELL_BASED_SURFACE_MODEL('',(#7996));
#7996 = OPEN_SHELL('',(#7997));
#7997 = ADVANCED_FACE('',(#7998),#8012,.T.);
#7998 = FACE_BOUND('',#7999,.T.);
#7999 = EDGE_LOOP('',(#8000,#8022,#8037,#8052));
#8000 = ORIENTED_EDGE('',*,*,#8001,.F.);
#8001 = EDGE_CURVE('',#8002,#8004,#8006,.T.);
#8002 = VERTEX_POINT('',#8003);
#8003 = CARTESIAN_POINT('',(-26.86768138535,267.6,-30.5));
#8004 = VERTEX_POINT('',#8005);
#8005 = CARTESIAN_POINT('',(-26.86768138535,280.5,-30.5));
#8006 = SURFACE_CURVE('',#8007,(#8011),.PCURVE_S1.);
#8007 = LINE('',#8008,#8009);
#8008 = CARTESIAN_POINT('',(-26.86768138535,267.6,-30.5));
#8009 = VECTOR('',#8010,1.);
#8010 = DIRECTION('',(0.,1.,0.));
#8011 = PCURVE('',#8012,#8017);
#8012 = PLANE('',#8013);
#8013 = AXIS2_PLACEMENT_3D('',#8014,#8015,#8016);
#8014 = CARTESIAN_POINT('',(80.6,193.9,-30.5));
#8015 = DIRECTION('',(0.,0.,1.));
#8016 = DIRECTION('',(1.,0.,-0.));
#8017 = DEFINITIONAL_REPRESENTATION('',(#8018),#8021);
#8018 = B_SPLINE_CURVE_WITH_KNOTS('',1,(#8019,#8020),.UNSPECIFIED.,.F.,
  .F.,(2,2),(-6.000000212225E-07,12.9000006),.PIECEWISE_BEZIER_KNOTS.);
#8019 = CARTESIAN_POINT('',(-107.4676813853,73.6999994));
#8020 = CARTESIAN_POINT('',(-107.4676813853,86.6000006));
#8021 = ( GEOMETRIC_REPRESENTATION_CONTEXT(2) 
PARAMETRIC_REPRESENTATION_CONTEXT() REPRESENTATION_CONTEXT('2D SPACE',''
  ) );
#8022 = ORIENTED_EDGE('',*,*,#8023,.T.);
#8023 = EDGE_CURVE('',#8002,#8024,#8026,.T.);
#8024 = VERTEX_POINT('',#8025);
#8025 = CARTESIAN_POINT('',(-19.96362433464,267.6,-30.5));
#8026 = SURFACE_CURVE('',#8027,(#8031),.PCURVE_S1.);
#8027 = LINE('',#8028,#8029);
#8028 = CARTESIAN_POINT('',(57.8,267.6,-30.5));
#8029 = VECTOR('',#8030,1.);
#8030 = DIRECTION('',(1.,0.,0.));
#8031 = PCURVE('',#8012,#8032);
#8032 = DEFINITIONAL_REPRESENTATION('',(#8033),#8036);
#8033 = B_SPLINE_CURVE_WITH_KNOTS('',1,(#8034,#8035),.UNSPECIFIED.,.F.,
  .F.,(2,2),(-84.7,39.1),.PIECEWISE_BEZIER_KNOTS.);
#8034 = CARTESIAN_POINT('',(-107.5,73.7));
#8035 = CARTESIAN_POINT('',(16.3,73.7));
#8036 = ( GEOMETRIC_REPRESENTATION_CONTEXT(2) 
PARAMETRIC_REPRESENTATION_CONTEXT() REPRESENTATION_CONTEXT('2D SPACE',''
  ) );
#8037 = ORIENTED_EDGE('',*,*,#8038,.T.);
#8038 = EDGE_CURVE('',#8024,#8039,#8041,.T.);
#8039 = VERTEX_POINT('',#8040);
#8040 = CARTESIAN_POINT('',(-19.96362433464,280.5,-30.5));
#8041 = SURFACE_CURVE('',#8042,(#8046),.PCURVE_S1.);
#8042 = LINE('',#8043,#8044);
#8043 = CARTESIAN_POINT('',(-19.96362433464,267.6,-30.5));
#8044 = VECTOR('',#8045,1.);
#8045 = DIRECTION('',(0.,1.,0.));
#8046 = PCURVE('',#8012,#8047);
#8047 = DEFINITIONAL_REPRESENTATION('',(#8048),#8051);
#8048 = B_SPLINE_CURVE_WITH_KNOTS('',1,(#8049,#8050),.UNSPECIFIED.,.F.,
  .F.,(2,2),(-6.000000212225E-07,12.9000006),.PIECEWISE_BEZIER_KNOTS.);
#8049 = CARTESIAN_POINT('',(-100.5636243346,73.6999994));
#8050 = CARTESIAN_POINT('',(-100.5636243346,86.6000006));
#8051 = ( GEOMETRIC_REPRESENTATION_CONTEXT(2) 
PARAMETRIC_REPRESENTATION_CONTEXT() REPRESENTATION_CONTEXT('2D SPACE',''
  ) );
#8052 = ORIENTED_EDGE('',*,*,#8053,.F.);
#8053 = EDGE_CURVE('',#8004,#8039,#8054,.T.);
#8054 = SURFACE_CURVE('',#8055,(#8059),.PCURVE_S1.);
#8055 = LINE('',#8056,#8057);
#8056 = CARTESIAN_POINT('',(57.8,280.5,-30.5));
#8057 = VECTOR('',#8058,1.);
#8058 = DIRECTION('',(1.,0.,0.));
#8059 = PCURVE('',#8012,#8060);
#8060 = DEFINITIONAL_REPRESENTATION('',(#8061),#8064);
#8061 = B_SPLINE_CURVE_WITH_KNOTS('',1,(#8062,#8063),.UNSPECIFIED.,.F.,
  .F.,(2,2),(-84.7,39.1),.PIECEWISE_BEZIER_KNOTS.);
#8062 = CARTESIAN_POINT('',(-107.5,86.6));
#8063 = CARTESIAN_POINT('',(16.3,86.6));
#8064 = ( GEOMETRIC_REPRESENTATION_CONTEXT(2) 
PARAMETRIC_REPRESENTATION_CONTEXT() REPRESENTATION_CONTEXT('2D SPACE',''
  ) );
#8065 = SHELL_BASED_SURFACE_MODEL('',(#8066));
#8066 = OPEN_SHELL('',(#8067));
#8067 = ADVANCED_FACE('',(#8068),#8082,.T.);
#8068 = FACE_BOUND('',#8069,.T.);
#8069 = EDGE_LOOP('',(#8070,#8092,#8107,#8122));
#8070 = ORIENTED_EDGE('',*,*,#8071,.T.);
#8071 = EDGE_CURVE('',#8072,#8074,#8076,.T.);
#8072 = VERTEX_POINT('',#8073);
#8073 = CARTESIAN_POINT('',(89.963624334645,267.6,-30.5));
#8074 = VERTEX_POINT('',#8075);
#8075 = CARTESIAN_POINT('',(96.867681385357,267.6,-30.5));
#8076 = SURFACE_CURVE('',#8077,(#8081),.PCURVE_S1.);
#8077 = LINE('',#8078,#8079);
#8078 = CARTESIAN_POINT('',(57.8,267.6,-30.5));
#8079 = VECTOR('',#8080,1.);
#8080 = DIRECTION('',(1.,0.,0.));
#8081 = PCURVE('',#8082,#8087);
#8082 = PLANE('',#8083);
#8083 = AXIS2_PLACEMENT_3D('',#8084,#8085,#8086);
#8084 = CARTESIAN_POINT('',(80.6,193.9,-30.5));
#8085 = DIRECTION('',(0.,0.,1.));
#8086 = DIRECTION('',(1.,0.,-0.));
#8087 = DEFINITIONAL_REPRESENTATION('',(#8088),#8091);
#8088 = B_SPLINE_CURVE_WITH_KNOTS('',1,(#8089,#8090),.UNSPECIFIED.,.F.,
  .F.,(2,2),(-84.7,39.1),.PIECEWISE_BEZIER_KNOTS.);
#8089 = CARTESIAN_POINT('',(-107.5,73.7));
#8090 = CARTESIAN_POINT('',(16.3,73.7));
#8091 = ( GEOMETRIC_REPRESENTATION_CONTEXT(2) 
PARAMETRIC_REPRESENTATION_CONTEXT() REPRESENTATION_CONTEXT('2D SPACE',''
  ) );
#8092 = ORIENTED_EDGE('',*,*,#8093,.T.);
#8093 = EDGE_CURVE('',#8074,#8094,#8096,.T.);
#8094 = VERTEX_POINT('',#8095);
#8095 = CARTESIAN_POINT('',(96.867681385357,280.5,-30.5));
#8096 = SURFACE_CURVE('',#8097,(#8101),.PCURVE_S1.);
#8097 = LINE('',#8098,#8099);
#8098 = CARTESIAN_POINT('',(96.867681385357,267.6,-30.5));
#8099 = VECTOR('',#8100,1.);
#8100 = DIRECTION('',(0.,1.,0.));
#8101 = PCURVE('',#8082,#8102);
#8102 = DEFINITIONAL_REPRESENTATION('',(#8103),#8106);
#8103 = B_SPLINE_CURVE_WITH_KNOTS('',1,(#8104,#8105),.UNSPECIFIED.,.F.,
  .F.,(2,2),(-6.000000212225E-07,12.9000006),.PIECEWISE_BEZIER_KNOTS.);
#8104 = CARTESIAN_POINT('',(16.267681385357,73.6999994));
#8105 = CARTESIAN_POINT('',(16.267681385357,86.6000006));
#8106 = ( GEOMETRIC_REPRESENTATION_CONTEXT(2) 
PARAMETRIC_REPRESENTATION_CONTEXT() REPRESENTATION_CONTEXT('2D SPACE',''
  ) );
#8107 = ORIENTED_EDGE('',*,*,#8108,.F.);
#8108 = EDGE_CURVE('',#8109,#8094,#8111,.T.);
#8109 = VERTEX_POINT('',#8110);
#8110 = CARTESIAN_POINT('',(89.963624334645,280.5,-30.5));
#8111 = SURFACE_CURVE('',#8112,(#8116),.PCURVE_S1.);
#8112 = LINE('',#8113,#8114);
#8113 = CARTESIAN_POINT('',(57.8,280.5,-30.5));
#8114 = VECTOR('',#8115,1.);
#8115 = DIRECTION('',(1.,0.,0.));
#8116 = PCURVE('',#8082,#8117);
#8117 = DEFINITIONAL_REPRESENTATION('',(#8118),#8121);
#8118 = B_SPLINE_CURVE_WITH_KNOTS('',1,(#8119,#8120),.UNSPECIFIED.,.F.,
  .F.,(2,2),(-84.7,39.1),.PIECEWISE_BEZIER_KNOTS.);
#8119 = CARTESIAN_POINT('',(-107.5,86.6));
#8120 = CARTESIAN_POINT('',(16.3,86.6));
#8121 = ( GEOMETRIC_REPRESENTATION_CONTEXT(2) 
PARAMETRIC_REPRESENTATION_CONTEXT() REPRESENTATION_CONTEXT('2D SPACE',''
  ) );
#8122 = ORIENTED_EDGE('',*,*,#8123,.F.);
#8123 = EDGE_CURVE('',#8072,#8109,#8124,.T.);
#8124 = SURFACE_CURVE('',#8125,(#8129),.PCURVE_S1.);
#8125 = LINE('',#8126,#8127);
#8126 = CARTESIAN_POINT('',(89.963624334645,267.6,-30.5));
#8127 = VECTOR('',#8128,1.);
#8128 = DIRECTION('',(0.,1.,0.));
#8129 = PCURVE('',#8082,#8130);
#8130 = DEFINITIONAL_REPRESENTATION('',(#8131),#8134);
#8131 = B_SPLINE_CURVE_WITH_KNOTS('',1,(#8132,#8133),.UNSPECIFIED.,.F.,
  .F.,(2,2),(-6.000000212225E-07,12.9000006),.PIECEWISE_BEZIER_KNOTS.);
#8132 = CARTESIAN_POINT('',(9.363624334645,73.6999994));
#8133 = CARTESIAN_POINT('',(9.363624334645,86.6000006));
#8134 = ( GEOMETRIC_REPRESENTATION_CONTEXT(2) 
PARAMETRIC_REPRESENTATION_CONTEXT() REPRESENTATION_CONTEXT('2D SPACE',''
  ) );
#8135 = SHELL_BASED_SURFACE_MODEL('',(#8136));
#8136 = OPEN_SHELL('',(#8137));
#8137 = ADVANCED_FACE('',(#8138),#8152,.T.);
#8138 = FACE_BOUND('',#8139,.T.);
#8139 = EDGE_LOOP('',(#8140,#8162,#8177,#8192));
#8140 = ORIENTED_EDGE('',*,*,#8141,.F.);
#8141 = EDGE_CURVE('',#8142,#8144,#8146,.T.);
#8142 = VERTEX_POINT('',#8143);
#8143 = CARTESIAN_POINT('',(-26.86768138535,281.,-30.5));
#8144 = VERTEX_POINT('',#8145);
#8145 = CARTESIAN_POINT('',(-26.86768138535,293.9,-30.5));
#8146 = SURFACE_CURVE('',#8147,(#8151),.PCURVE_S1.);
#8147 = LINE('',#8148,#8149);
#8148 = CARTESIAN_POINT('',(-26.86768138535,281.,-30.5));
#8149 = VECTOR('',#8150,1.);
#8150 = DIRECTION('',(0.,1.,0.));
#8151 = PCURVE('',#8152,#8157);
#8152 = PLANE('',#8153);
#8153 = AXIS2_PLACEMENT_3D('',#8154,#8155,#8156);
#8154 = CARTESIAN_POINT('',(80.6,193.9,-30.5));
#8155 = DIRECTION('',(0.,0.,1.));
#8156 = DIRECTION('',(1.,0.,-0.));
#8157 = DEFINITIONAL_REPRESENTATION('',(#8158),#8161);
#8158 = B_SPLINE_CURVE_WITH_KNOTS('',1,(#8159,#8160),.UNSPECIFIED.,.F.,
  .F.,(2,2),(-6.000000212225E-07,12.9000006),.PIECEWISE_BEZIER_KNOTS.);
#8159 = CARTESIAN_POINT('',(-107.4676813853,87.0999994));
#8160 = CARTESIAN_POINT('',(-107.4676813853,100.0000006));
#8161 = ( GEOMETRIC_REPRESENTATION_CONTEXT(2) 
PARAMETRIC_REPRESENTATION_CONTEXT() REPRESENTATION_CONTEXT('2D SPACE',''
  ) );
#8162 = ORIENTED_EDGE('',*,*,#8163,.T.);
#8163 = EDGE_CURVE('',#8142,#8164,#8166,.T.);
#8164 = VERTEX_POINT('',#8165);
#8165 = CARTESIAN_POINT('',(-19.96362433464,281.,-30.5));
#8166 = SURFACE_CURVE('',#8167,(#8171),.PCURVE_S1.);
#8167 = LINE('',#8168,#8169);
#8168 = CARTESIAN_POINT('',(57.8,281.,-30.5));
#8169 = VECTOR('',#8170,1.);
#8170 = DIRECTION('',(1.,0.,0.));
#8171 = PCURVE('',#8152,#8172);
#8172 = DEFINITIONAL_REPRESENTATION('',(#8173),#8176);
#8173 = B_SPLINE_CURVE_WITH_KNOTS('',1,(#8174,#8175),.UNSPECIFIED.,.F.,
  .F.,(2,2),(-84.7,39.1),.PIECEWISE_BEZIER_KNOTS.);
#8174 = CARTESIAN_POINT('',(-107.5,87.1));
#8175 = CARTESIAN_POINT('',(16.3,87.1));
#8176 = ( GEOMETRIC_REPRESENTATION_CONTEXT(2) 
PARAMETRIC_REPRESENTATION_CONTEXT() REPRESENTATION_CONTEXT('2D SPACE',''
  ) );
#8177 = ORIENTED_EDGE('',*,*,#8178,.T.);
#8178 = EDGE_CURVE('',#8164,#8179,#8181,.T.);
#8179 = VERTEX_POINT('',#8180);
#8180 = CARTESIAN_POINT('',(-19.96362433464,293.9,-30.5));
#8181 = SURFACE_CURVE('',#8182,(#8186),.PCURVE_S1.);
#8182 = LINE('',#8183,#8184);
#8183 = CARTESIAN_POINT('',(-19.96362433464,281.,-30.5));
#8184 = VECTOR('',#8185,1.);
#8185 = DIRECTION('',(0.,1.,0.));
#8186 = PCURVE('',#8152,#8187);
#8187 = DEFINITIONAL_REPRESENTATION('',(#8188),#8191);
#8188 = B_SPLINE_CURVE_WITH_KNOTS('',1,(#8189,#8190),.UNSPECIFIED.,.F.,
  .F.,(2,2),(-6.000000212225E-07,12.9000006),.PIECEWISE_BEZIER_KNOTS.);
#8189 = CARTESIAN_POINT('',(-100.5636243346,87.0999994));
#8190 = CARTESIAN_POINT('',(-100.5636243346,100.0000006));
#8191 = ( GEOMETRIC_REPRESENTATION_CONTEXT(2) 
PARAMETRIC_REPRESENTATION_CONTEXT() REPRESENTATION_CONTEXT('2D SPACE',''
  ) );
#8192 = ORIENTED_EDGE('',*,*,#8193,.F.);
#8193 = EDGE_CURVE('',#8144,#8179,#8194,.T.);
#8194 = SURFACE_CURVE('',#8195,(#8199),.PCURVE_S1.);
#8195 = LINE('',#8196,#8197);
#8196 = CARTESIAN_POINT('',(57.8,293.9,-30.5));
#8197 = VECTOR('',#8198,1.);
#8198 = DIRECTION('',(1.,0.,0.));
#8199 = PCURVE('',#8152,#8200);
#8200 = DEFINITIONAL_REPRESENTATION('',(#8201),#8204);
#8201 = B_SPLINE_CURVE_WITH_KNOTS('',1,(#8202,#8203),.UNSPECIFIED.,.F.,
  .F.,(2,2),(-84.7,39.1),.PIECEWISE_BEZIER_KNOTS.);
#8202 = CARTESIAN_POINT('',(-107.5,100.));
#8203 = CARTESIAN_POINT('',(16.3,100.));
#8204 = ( GEOMETRIC_REPRESENTATION_CONTEXT(2) 
PARAMETRIC_REPRESENTATION_CONTEXT() REPRESENTATION_CONTEXT('2D SPACE',''
  ) );
#8205 = SHELL_BASED_SURFACE_MODEL('',(#8206));
#8206 = OPEN_SHELL('',(#8207));
#8207 = ADVANCED_FACE('',(#8208),#8222,.T.);
#8208 = FACE_BOUND('',#8209,.T.);
#8209 = EDGE_LOOP('',(#8210,#8232,#8247,#8262));
#8210 = ORIENTED_EDGE('',*,*,#8211,.T.);
#8211 = EDGE_CURVE('',#8212,#8214,#8216,.T.);
#8212 = VERTEX_POINT('',#8213);
#8213 = CARTESIAN_POINT('',(89.963624334645,281.,-30.5));
#8214 = VERTEX_POINT('',#8215);
#8215 = CARTESIAN_POINT('',(96.867681385357,281.,-30.5));
#8216 = SURFACE_CURVE('',#8217,(#8221),.PCURVE_S1.);
#8217 = LINE('',#8218,#8219);
#8218 = CARTESIAN_POINT('',(57.8,281.,-30.5));
#8219 = VECTOR('',#8220,1.);
#8220 = DIRECTION('',(1.,0.,0.));
#8221 = PCURVE('',#8222,#8227);
#8222 = PLANE('',#8223);
#8223 = AXIS2_PLACEMENT_3D('',#8224,#8225,#8226);
#8224 = CARTESIAN_POINT('',(80.6,193.9,-30.5));
#8225 = DIRECTION('',(0.,0.,1.));
#8226 = DIRECTION('',(1.,0.,-0.));
#8227 = DEFINITIONAL_REPRESENTATION('',(#8228),#8231);
#8228 = B_SPLINE_CURVE_WITH_KNOTS('',1,(#8229,#8230),.UNSPECIFIED.,.F.,
  .F.,(2,2),(-84.7,39.1),.PIECEWISE_BEZIER_KNOTS.);
#8229 = CARTESIAN_POINT('',(-107.5,87.1));
#8230 = CARTESIAN_POINT('',(16.3,87.1));
#8231 = ( GEOMETRIC_REPRESENTATION_CONTEXT(2) 
PARAMETRIC_REPRESENTATION_CONTEXT() REPRESENTATION_CONTEXT('2D SPACE',''
  ) );
#8232 = ORIENTED_EDGE('',*,*,#8233,.T.);
#8233 = EDGE_CURVE('',#8214,#8234,#8236,.T.);
#8234 = VERTEX_POINT('',#8235);
#8235 = CARTESIAN_POINT('',(96.867681385357,293.9,-30.5));
#8236 = SURFACE_CURVE('',#8237,(#8241),.PCURVE_S1.);
#8237 = LINE('',#8238,#8239);
#8238 = CARTESIAN_POINT('',(96.867681385357,281.,-30.5));
#8239 = VECTOR('',#8240,1.);
#8240 = DIRECTION('',(0.,1.,0.));
#8241 = PCURVE('',#8222,#8242);
#8242 = DEFINITIONAL_REPRESENTATION('',(#8243),#8246);
#8243 = B_SPLINE_CURVE_WITH_KNOTS('',1,(#8244,#8245),.UNSPECIFIED.,.F.,
  .F.,(2,2),(-6.000000212225E-07,12.9000006),.PIECEWISE_BEZIER_KNOTS.);
#8244 = CARTESIAN_POINT('',(16.267681385357,87.0999994));
#8245 = CARTESIAN_POINT('',(16.267681385357,100.0000006));
#8246 = ( GEOMETRIC_REPRESENTATION_CONTEXT(2) 
PARAMETRIC_REPRESENTATION_CONTEXT() REPRESENTATION_CONTEXT('2D SPACE',''
  ) );
#8247 = ORIENTED_EDGE('',*,*,#8248,.F.);
#8248 = EDGE_CURVE('',#8249,#8234,#8251,.T.);
#8249 = VERTEX_POINT('',#8250);
#8250 = CARTESIAN_POINT('',(89.963624334645,293.9,-30.5));
#8251 = SURFACE_CURVE('',#8252,(#8256),.PCURVE_S1.);
#8252 = LINE('',#8253,#8254);
#8253 = CARTESIAN_POINT('',(57.8,293.9,-30.5));
#8254 = VECTOR('',#8255,1.);
#8255 = DIRECTION('',(1.,0.,0.));
#8256 = PCURVE('',#8222,#8257);
#8257 = DEFINITIONAL_REPRESENTATION('',(#8258),#8261);
#8258 = B_SPLINE_CURVE_WITH_KNOTS('',1,(#8259,#8260),.UNSPECIFIED.,.F.,
  .F.,(2,2),(-84.7,39.1),.PIECEWISE_BEZIER_KNOTS.);
#8259 = CARTESIAN_POINT('',(-107.5,100.));
#8260 = CARTESIAN_POINT('',(16.3,100.));
#8261 = ( GEOMETRIC_REPRESENTATION_CONTEXT(2) 
PARAMETRIC_REPRESENTATION_CONTEXT() REPRESENTATION_CONTEXT('2D SPACE',''
  ) );
#8262 = ORIENTED_EDGE('',*,*,#8263,.F.);
#8263 = EDGE_CURVE('',#8212,#8249,#8264,.T.);
#8264 = SURFACE_CURVE('',#8265,(#8269),.PCURVE_S1.);
#8265 = LINE('',#8266,#8267);
#8266 = CARTESIAN_POINT('',(89.963624334645,281.,-30.5));
#8267 = VECTOR('',#8268,1.);
#8268 = DIRECTION('',(0.,1.,0.));
#8269 = PCURVE('',#8222,#8270);
#8270 = DEFINITIONAL_REPRESENTATION('',(#8271),#8274);
#8271 = B_SPLINE_CURVE_WITH_KNOTS('',1,(#8272,#8273),.UNSPECIFIED.,.F.,
  .F.,(2,2),(-6.000000212225E-07,12.9000006),.PIECEWISE_BEZIER_KNOTS.);
#8272 = CARTESIAN_POINT('',(9.363624334645,87.0999994));
#8273 = CARTESIAN_POINT('',(9.363624334645,100.0000006));
#8274 = ( GEOMETRIC_REPRESENTATION_CONTEXT(2) 
PARAMETRIC_REPRESENTATION_CONTEXT() REPRESENTATION_CONTEXT('2D SPACE',''
  ) );
#8275 = SHELL_BASED_SURFACE_MODEL('',(#8276));
#8276 = OPEN_SHELL('',(#8277));
#8277 = ADVANCED_FACE('',(#8278),#8292,.T.);
#8278 = FACE_BOUND('',#8279,.T.);
#8279 = EDGE_LOOP('',(#8280,#8302,#8317,#8332));
#8280 = ORIENTED_EDGE('',*,*,#8281,.F.);
#8281 = EDGE_CURVE('',#8282,#8284,#8286,.T.);
#8282 = VERTEX_POINT('',#8283);
#8283 = CARTESIAN_POINT('',(-26.86768138535,294.4,-30.5));
#8284 = VERTEX_POINT('',#8285);
#8285 = CARTESIAN_POINT('',(-26.86768138535,307.3,-30.5));
#8286 = SURFACE_CURVE('',#8287,(#8291),.PCURVE_S1.);
#8287 = LINE('',#8288,#8289);
#8288 = CARTESIAN_POINT('',(-26.86768138535,294.4,-30.5));
#8289 = VECTOR('',#8290,1.);
#8290 = DIRECTION('',(0.,1.,0.));
#8291 = PCURVE('',#8292,#8297);
#8292 = PLANE('',#8293);
#8293 = AXIS2_PLACEMENT_3D('',#8294,#8295,#8296);
#8294 = CARTESIAN_POINT('',(80.6,193.9,-30.5));
#8295 = DIRECTION('',(0.,0.,1.));
#8296 = DIRECTION('',(1.,0.,-0.));
#8297 = DEFINITIONAL_REPRESENTATION('',(#8298),#8301);
#8298 = B_SPLINE_CURVE_WITH_KNOTS('',1,(#8299,#8300),.UNSPECIFIED.,.F.,
  .F.,(2,2),(-6.000000212225E-07,12.9000006),.PIECEWISE_BEZIER_KNOTS.);
#8299 = CARTESIAN_POINT('',(-107.4676813853,100.4999994));
#8300 = CARTESIAN_POINT('',(-107.4676813853,113.4000006));
#8301 = ( GEOMETRIC_REPRESENTATION_CONTEXT(2) 
PARAMETRIC_REPRESENTATION_CONTEXT() REPRESENTATION_CONTEXT('2D SPACE',''
  ) );
#8302 = ORIENTED_EDGE('',*,*,#8303,.T.);
#8303 = EDGE_CURVE('',#8282,#8304,#8306,.T.);
#8304 = VERTEX_POINT('',#8305);
#8305 = CARTESIAN_POINT('',(-19.96362433464,294.4,-30.5));
#8306 = SURFACE_CURVE('',#8307,(#8311),.PCURVE_S1.);
#8307 = LINE('',#8308,#8309);
#8308 = CARTESIAN_POINT('',(57.8,294.4,-30.5));
#8309 = VECTOR('',#8310,1.);
#8310 = DIRECTION('',(1.,0.,0.));
#8311 = PCURVE('',#8292,#8312);
#8312 = DEFINITIONAL_REPRESENTATION('',(#8313),#8316);
#8313 = B_SPLINE_CURVE_WITH_KNOTS('',1,(#8314,#8315),.UNSPECIFIED.,.F.,
  .F.,(2,2),(-84.7,39.1),.PIECEWISE_BEZIER_KNOTS.);
#8314 = CARTESIAN_POINT('',(-107.5,100.5));
#8315 = CARTESIAN_POINT('',(16.3,100.5));
#8316 = ( GEOMETRIC_REPRESENTATION_CONTEXT(2) 
PARAMETRIC_REPRESENTATION_CONTEXT() REPRESENTATION_CONTEXT('2D SPACE',''
  ) );
#8317 = ORIENTED_EDGE('',*,*,#8318,.T.);
#8318 = EDGE_CURVE('',#8304,#8319,#8321,.T.);
#8319 = VERTEX_POINT('',#8320);
#8320 = CARTESIAN_POINT('',(-19.96362433464,307.3,-30.5));
#8321 = SURFACE_CURVE('',#8322,(#8326),.PCURVE_S1.);
#8322 = LINE('',#8323,#8324);
#8323 = CARTESIAN_POINT('',(-19.96362433464,294.4,-30.5));
#8324 = VECTOR('',#8325,1.);
#8325 = DIRECTION('',(0.,1.,0.));
#8326 = PCURVE('',#8292,#8327);
#8327 = DEFINITIONAL_REPRESENTATION('',(#8328),#8331);
#8328 = B_SPLINE_CURVE_WITH_KNOTS('',1,(#8329,#8330),.UNSPECIFIED.,.F.,
  .F.,(2,2),(-6.000000212225E-07,12.9000006),.PIECEWISE_BEZIER_KNOTS.);
#8329 = CARTESIAN_POINT('',(-100.5636243346,100.4999994));
#8330 = CARTESIAN_POINT('',(-100.5636243346,113.4000006));
#8331 = ( GEOMETRIC_REPRESENTATION_CONTEXT(2) 
PARAMETRIC_REPRESENTATION_CONTEXT() REPRESENTATION_CONTEXT('2D SPACE',''
  ) );
#8332 = ORIENTED_EDGE('',*,*,#8333,.F.);
#8333 = EDGE_CURVE('',#8284,#8319,#8334,.T.);
#8334 = SURFACE_CURVE('',#8335,(#8339),.PCURVE_S1.);
#8335 = LINE('',#8336,#8337);
#8336 = CARTESIAN_POINT('',(57.8,307.3,-30.5));
#8337 = VECTOR('',#8338,1.);
#8338 = DIRECTION('',(1.,0.,0.));
#8339 = PCURVE('',#8292,#8340);
#8340 = DEFINITIONAL_REPRESENTATION('',(#8341),#8344);
#8341 = B_SPLINE_CURVE_WITH_KNOTS('',1,(#8342,#8343),.UNSPECIFIED.,.F.,
  .F.,(2,2),(-84.7,39.1),.PIECEWISE_BEZIER_KNOTS.);
#8342 = CARTESIAN_POINT('',(-107.5,113.4));
#8343 = CARTESIAN_POINT('',(16.3,113.4));
#8344 = ( GEOMETRIC_REPRESENTATION_CONTEXT(2) 
PARAMETRIC_REPRESENTATION_CONTEXT() REPRESENTATION_CONTEXT('2D SPACE',''
  ) );
#8345 = SHELL_BASED_SURFACE_MODEL('',(#8346));
#8346 = OPEN_SHELL('',(#8347));
#8347 = ADVANCED_FACE('',(#8348),#8362,.T.);
#8348 = FACE_BOUND('',#8349,.T.);
#8349 = EDGE_LOOP('',(#8350,#8372,#8387,#8402));
#8350 = ORIENTED_EDGE('',*,*,#8351,.T.);
#8351 = EDGE_CURVE('',#8352,#8354,#8356,.T.);
#8352 = VERTEX_POINT('',#8353);
#8353 = CARTESIAN_POINT('',(89.963624334645,294.4,-30.5));
#8354 = VERTEX_POINT('',#8355);
#8355 = CARTESIAN_POINT('',(96.867681385357,294.4,-30.5));
#8356 = SURFACE_CURVE('',#8357,(#8361),.PCURVE_S1.);
#8357 = LINE('',#8358,#8359);
#8358 = CARTESIAN_POINT('',(57.8,294.4,-30.5));
#8359 = VECTOR('',#8360,1.);
#8360 = DIRECTION('',(1.,0.,0.));
#8361 = PCURVE('',#8362,#8367);
#8362 = PLANE('',#8363);
#8363 = AXIS2_PLACEMENT_3D('',#8364,#8365,#8366);
#8364 = CARTESIAN_POINT('',(80.6,193.9,-30.5));
#8365 = DIRECTION('',(0.,0.,1.));
#8366 = DIRECTION('',(1.,0.,-0.));
#8367 = DEFINITIONAL_REPRESENTATION('',(#8368),#8371);
#8368 = B_SPLINE_CURVE_WITH_KNOTS('',1,(#8369,#8370),.UNSPECIFIED.,.F.,
  .F.,(2,2),(-84.7,39.1),.PIECEWISE_BEZIER_KNOTS.);
#8369 = CARTESIAN_POINT('',(-107.5,100.5));
#8370 = CARTESIAN_POINT('',(16.3,100.5));
#8371 = ( GEOMETRIC_REPRESENTATION_CONTEXT(2) 
PARAMETRIC_REPRESENTATION_CONTEXT() REPRESENTATION_CONTEXT('2D SPACE',''
  ) );
#8372 = ORIENTED_EDGE('',*,*,#8373,.T.);
#8373 = EDGE_CURVE('',#8354,#8374,#8376,.T.);
#8374 = VERTEX_POINT('',#8375);
#8375 = CARTESIAN_POINT('',(96.867681385357,307.3,-30.5));
#8376 = SURFACE_CURVE('',#8377,(#8381),.PCURVE_S1.);
#8377 = LINE('',#8378,#8379);
#8378 = CARTESIAN_POINT('',(96.867681385357,294.4,-30.5));
#8379 = VECTOR('',#8380,1.);
#8380 = DIRECTION('',(0.,1.,0.));
#8381 = PCURVE('',#8362,#8382);
#8382 = DEFINITIONAL_REPRESENTATION('',(#8383),#8386);
#8383 = B_SPLINE_CURVE_WITH_KNOTS('',1,(#8384,#8385),.UNSPECIFIED.,.F.,
  .F.,(2,2),(-6.000000212225E-07,12.9000006),.PIECEWISE_BEZIER_KNOTS.);
#8384 = CARTESIAN_POINT('',(16.267681385357,100.4999994));
#8385 = CARTESIAN_POINT('',(16.267681385357,113.4000006));
#8386 = ( GEOMETRIC_REPRESENTATION_CONTEXT(2) 
PARAMETRIC_REPRESENTATION_CONTEXT() REPRESENTATION_CONTEXT('2D SPACE',''
  ) );
#8387 = ORIENTED_EDGE('',*,*,#8388,.F.);
#8388 = EDGE_CURVE('',#8389,#8374,#8391,.T.);
#8389 = VERTEX_POINT('',#8390);
#8390 = CARTESIAN_POINT('',(89.963624334645,307.3,-30.5));
#8391 = SURFACE_CURVE('',#8392,(#8396),.PCURVE_S1.);
#8392 = LINE('',#8393,#8394);
#8393 = CARTESIAN_POINT('',(57.8,307.3,-30.5));
#8394 = VECTOR('',#8395,1.);
#8395 = DIRECTION('',(1.,0.,0.));
#8396 = PCURVE('',#8362,#8397);
#8397 = DEFINITIONAL_REPRESENTATION('',(#8398),#8401);
#8398 = B_SPLINE_CURVE_WITH_KNOTS('',1,(#8399,#8400),.UNSPECIFIED.,.F.,
  .F.,(2,2),(-84.7,39.1),.PIECEWISE_BEZIER_KNOTS.);
#8399 = CARTESIAN_POINT('',(-107.5,113.4));
#8400 = CARTESIAN_POINT('',(16.3,113.4));
#8401 = ( GEOMETRIC_REPRESENTATION_CONTEXT(2) 
PARAMETRIC_REPRESENTATION_CONTEXT() REPRESENTATION_CONTEXT('2D SPACE',''
  ) );
#8402 = ORIENTED_EDGE('',*,*,#8403,.F.);
#8403 = EDGE_CURVE('',#8352,#8389,#8404,.T.);
#8404 = SURFACE_CURVE('',#8405,(#8409),.PCURVE_S1.);
#8405 = LINE('',#8406,#8407);
#8406 = CARTESIAN_POINT('',(89.963624334645,294.4,-30.5));
#8407 = VECTOR('',#8408,1.);
#8408 = DIRECTION('',(0.,1.,0.));
#8409 = PCURVE('',#8362,#8410);
#8410 = DEFINITIONAL_REPRESENTATION('',(#8411),#8414);
#8411 = B_SPLINE_CURVE_WITH_KNOTS('',1,(#8412,#8413),.UNSPECIFIED.,.F.,
  .F.,(2,2),(-6.000000212225E-07,12.9000006),.PIECEWISE_BEZIER_KNOTS.);
#8412 = CARTESIAN_POINT('',(9.363624334645,100.4999994));
#8413 = CARTESIAN_POINT('',(9.363624334645,113.4000006));
#8414 = ( GEOMETRIC_REPRESENTATION_CONTEXT(2) 
PARAMETRIC_REPRESENTATION_CONTEXT() REPRESENTATION_CONTEXT('2D SPACE',''
  ) );
#8415 = SHELL_BASED_SURFACE_MODEL('',(#8416));
#8416 = OPEN_SHELL('',(#8417));
#8417 = ADVANCED_FACE('',(#8418),#8432,.T.);
#8418 = FACE_BOUND('',#8419,.T.);
#8419 = EDGE_LOOP('',(#8420,#8442,#8457,#8472,#8487,#8502,#8517,#8532));
#8420 = ORIENTED_EDGE('',*,*,#8421,.F.);
#8421 = EDGE_CURVE('',#8422,#8424,#8426,.T.);
#8422 = VERTEX_POINT('',#8423);
#8423 = CARTESIAN_POINT('',(0.,193.9,-30.5));
#8424 = VERTEX_POINT('',#8425);
#8425 = CARTESIAN_POINT('',(70.,193.9,-30.5));
#8426 = SURFACE_CURVE('',#8427,(#8431),.PCURVE_S1.);
#8427 = LINE('',#8428,#8429);
#8428 = CARTESIAN_POINT('',(40.3,193.9,-30.5));
#8429 = VECTOR('',#8430,1.);
#8430 = DIRECTION('',(1.,0.,-0.));
#8431 = PCURVE('',#8432,#8437);
#8432 = PLANE('',#8433);
#8433 = AXIS2_PLACEMENT_3D('',#8434,#8435,#8436);
#8434 = CARTESIAN_POINT('',(80.6,193.9,-30.5));
#8435 = DIRECTION('',(0.,0.,1.));
#8436 = DIRECTION('',(1.,0.,-0.));
#8437 = DEFINITIONAL_REPRESENTATION('',(#8438),#8441);
#8438 = B_SPLINE_CURVE_WITH_KNOTS('',1,(#8439,#8440),.UNSPECIFIED.,.F.,
  .F.,(2,2),(-40.3,29.7),.PIECEWISE_BEZIER_KNOTS.);
#8439 = CARTESIAN_POINT('',(-80.6,0.));
#8440 = CARTESIAN_POINT('',(-10.6,0.));
#8441 = ( GEOMETRIC_REPRESENTATION_CONTEXT(2) 
PARAMETRIC_REPRESENTATION_CONTEXT() REPRESENTATION_CONTEXT('2D SPACE',''
  ) );
#8442 = ORIENTED_EDGE('',*,*,#8443,.T.);
#8443 = EDGE_CURVE('',#8422,#8444,#8446,.T.);
#8444 = VERTEX_POINT('',#8445);
#8445 = CARTESIAN_POINT('',(0.,0.,-30.5));
#8446 = SURFACE_CURVE('',#8447,(#8451),.PCURVE_S1.);
#8447 = LINE('',#8448,#8449);
#8448 = CARTESIAN_POINT('',(0.,96.95,-30.5));
#8449 = VECTOR('',#8450,1.);
#8450 = DIRECTION('',(0.,-1.,0.));
#8451 = PCURVE('',#8432,#8452);
#8452 = DEFINITIONAL_REPRESENTATION('',(#8453),#8456);
#8453 = B_SPLINE_CURVE_WITH_KNOTS('',1,(#8454,#8455),.UNSPECIFIED.,.F.,
  .F.,(2,2),(-96.95,96.95),.PIECEWISE_BEZIER_KNOTS.);
#8454 = CARTESIAN_POINT('',(-80.6,0.));
#8455 = CARTESIAN_POINT('',(-80.6,-193.9));
#8456 = ( GEOMETRIC_REPRESENTATION_CONTEXT(2) 
PARAMETRIC_REPRESENTATION_CONTEXT() REPRESENTATION_CONTEXT('2D SPACE',''
  ) );
#8457 = ORIENTED_EDGE('',*,*,#8458,.T.);
#8458 = EDGE_CURVE('',#8444,#8459,#8461,.T.);
#8459 = VERTEX_POINT('',#8460);
#8460 = CARTESIAN_POINT('',(241.2,0.,-30.5));
#8461 = SURFACE_CURVE('',#8462,(#8466),.PCURVE_S1.);
#8462 = LINE('',#8463,#8464);
#8463 = CARTESIAN_POINT('',(40.3,0.,-30.5));
#8464 = VECTOR('',#8465,1.);
#8465 = DIRECTION('',(1.,0.,-0.));
#8466 = PCURVE('',#8432,#8467);
#8467 = DEFINITIONAL_REPRESENTATION('',(#8468),#8471);
#8468 = B_SPLINE_CURVE_WITH_KNOTS('',1,(#8469,#8470),.UNSPECIFIED.,.F.,
  .F.,(2,2),(-40.3,200.9),.PIECEWISE_BEZIER_KNOTS.);
#8469 = CARTESIAN_POINT('',(-80.6,-193.9));
#8470 = CARTESIAN_POINT('',(160.6,-193.9));
#8471 = ( GEOMETRIC_REPRESENTATION_CONTEXT(2) 
PARAMETRIC_REPRESENTATION_CONTEXT() REPRESENTATION_CONTEXT('2D SPACE',''
  ) );
#8472 = ORIENTED_EDGE('',*,*,#8473,.F.);
#8473 = EDGE_CURVE('',#8474,#8459,#8476,.T.);
#8474 = VERTEX_POINT('',#8475);
#8475 = CARTESIAN_POINT('',(241.2,193.9,-30.5));
#8476 = SURFACE_CURVE('',#8477,(#8481),.PCURVE_S1.);
#8477 = LINE('',#8478,#8479);
#8478 = CARTESIAN_POINT('',(241.2,96.95,-30.5));
#8479 = VECTOR('',#8480,1.);
#8480 = DIRECTION('',(0.,-1.,0.));
#8481 = PCURVE('',#8432,#8482);
#8482 = DEFINITIONAL_REPRESENTATION('',(#8483),#8486);
#8483 = B_SPLINE_CURVE_WITH_KNOTS('',1,(#8484,#8485),.UNSPECIFIED.,.F.,
  .F.,(2,2),(-96.95,96.95),.PIECEWISE_BEZIER_KNOTS.);
#8484 = CARTESIAN_POINT('',(160.6,0.));
#8485 = CARTESIAN_POINT('',(160.6,-193.9));
#8486 = ( GEOMETRIC_REPRESENTATION_CONTEXT(2) 
PARAMETRIC_REPRESENTATION_CONTEXT() REPRESENTATION_CONTEXT('2D SPACE',''
  ) );
#8487 = ORIENTED_EDGE('',*,*,#8488,.F.);
#8488 = EDGE_CURVE('',#8489,#8474,#8491,.T.);
#8489 = VERTEX_POINT('',#8490);
#8490 = CARTESIAN_POINT('',(171.2,193.9,-30.5));
#8491 = SURFACE_CURVE('',#8492,(#8496),.PCURVE_S1.);
#8492 = LINE('',#8493,#8494);
#8493 = CARTESIAN_POINT('',(125.9,193.9,-30.5));
#8494 = VECTOR('',#8495,1.);
#8495 = DIRECTION('',(1.,0.,-0.));
#8496 = PCURVE('',#8432,#8497);
#8497 = DEFINITIONAL_REPRESENTATION('',(#8498),#8501);
#8498 = B_SPLINE_CURVE_WITH_KNOTS('',1,(#8499,#8500),.UNSPECIFIED.,.F.,
  .F.,(2,2),(45.3,115.3),.PIECEWISE_BEZIER_KNOTS.);
#8499 = CARTESIAN_POINT('',(90.6,0.));
#8500 = CARTESIAN_POINT('',(160.6,0.));
#8501 = ( GEOMETRIC_REPRESENTATION_CONTEXT(2) 
PARAMETRIC_REPRESENTATION_CONTEXT() REPRESENTATION_CONTEXT('2D SPACE',''
  ) );
#8502 = ORIENTED_EDGE('',*,*,#8503,.T.);
#8503 = EDGE_CURVE('',#8489,#8504,#8506,.T.);
#8504 = VERTEX_POINT('',#8505);
#8505 = CARTESIAN_POINT('',(171.2,70.,-30.5));
#8506 = SURFACE_CURVE('',#8507,(#8511),.PCURVE_S1.);
#8507 = LINE('',#8508,#8509);
#8508 = CARTESIAN_POINT('',(171.2,131.95,-30.5));
#8509 = VECTOR('',#8510,1.);
#8510 = DIRECTION('',(0.,-1.,0.));
#8511 = PCURVE('',#8432,#8512);
#8512 = DEFINITIONAL_REPRESENTATION('',(#8513),#8516);
#8513 = B_SPLINE_CURVE_WITH_KNOTS('',1,(#8514,#8515),.UNSPECIFIED.,.F.,
  .F.,(2,2),(-61.95,61.95),.PIECEWISE_BEZIER_KNOTS.);
#8514 = CARTESIAN_POINT('',(90.6,0.));
#8515 = CARTESIAN_POINT('',(90.6,-123.9));
#8516 = ( GEOMETRIC_REPRESENTATION_CONTEXT(2) 
PARAMETRIC_REPRESENTATION_CONTEXT() REPRESENTATION_CONTEXT('2D SPACE',''
  ) );
#8517 = ORIENTED_EDGE('',*,*,#8518,.F.);
#8518 = EDGE_CURVE('',#8519,#8504,#8521,.T.);
#8519 = VERTEX_POINT('',#8520);
#8520 = CARTESIAN_POINT('',(70.,70.,-30.5));
#8521 = SURFACE_CURVE('',#8522,(#8526),.PCURVE_S1.);
#8522 = LINE('',#8523,#8524);
#8523 = CARTESIAN_POINT('',(75.3,70.,-30.5));
#8524 = VECTOR('',#8525,1.);
#8525 = DIRECTION('',(1.,0.,-0.));
#8526 = PCURVE('',#8432,#8527);
#8527 = DEFINITIONAL_REPRESENTATION('',(#8528),#8531);
#8528 = B_SPLINE_CURVE_WITH_KNOTS('',1,(#8529,#8530),.UNSPECIFIED.,.F.,
  .F.,(2,2),(-5.3,95.9),.PIECEWISE_BEZIER_KNOTS.);
#8529 = CARTESIAN_POINT('',(-10.6,-123.9));
#8530 = CARTESIAN_POINT('',(90.6,-123.9));
#8531 = ( GEOMETRIC_REPRESENTATION_CONTEXT(2) 
PARAMETRIC_REPRESENTATION_CONTEXT() REPRESENTATION_CONTEXT('2D SPACE',''
  ) );
#8532 = ORIENTED_EDGE('',*,*,#8533,.F.);
#8533 = EDGE_CURVE('',#8424,#8519,#8534,.T.);
#8534 = SURFACE_CURVE('',#8535,(#8539),.PCURVE_S1.);
#8535 = LINE('',#8536,#8537);
#8536 = CARTESIAN_POINT('',(70.,131.95,-30.5));
#8537 = VECTOR('',#8538,1.);
#8538 = DIRECTION('',(0.,-1.,0.));
#8539 = PCURVE('',#8432,#8540);
#8540 = DEFINITIONAL_REPRESENTATION('',(#8541),#8544);
#8541 = B_SPLINE_CURVE_WITH_KNOTS('',1,(#8542,#8543),.UNSPECIFIED.,.F.,
  .F.,(2,2),(-61.95,61.95),.PIECEWISE_BEZIER_KNOTS.);
#8542 = CARTESIAN_POINT('',(-10.6,0.));
#8543 = CARTESIAN_POINT('',(-10.6,-123.9));
#8544 = ( GEOMETRIC_REPRESENTATION_CONTEXT(2) 
PARAMETRIC_REPRESENTATION_CONTEXT() REPRESENTATION_CONTEXT('2D SPACE',''
  ) );
#8545 = SHELL_BASED_SURFACE_MODEL('',(#8546));
#8546 = OPEN_SHELL('',(#8547));
#8547 = ADVANCED_FACE('',(#8548),#8562,.T.);
#8548 = FACE_BOUND('',#8549,.T.);
#8549 = EDGE_LOOP('',(#8550,#8572,#8587,#8602,#8617,#8632,#8647,#8662));
#8550 = ORIENTED_EDGE('',*,*,#8551,.F.);
#8551 = EDGE_CURVE('',#8552,#8554,#8556,.T.);
#8552 = VERTEX_POINT('',#8553);
#8553 = CARTESIAN_POINT('',(0.,387.8,-30.5));
#8554 = VERTEX_POINT('',#8555);
#8555 = CARTESIAN_POINT('',(241.2,387.8,-30.5));
#8556 = SURFACE_CURVE('',#8557,(#8561),.PCURVE_S1.);
#8557 = LINE('',#8558,#8559);
#8558 = CARTESIAN_POINT('',(40.3,387.8,-30.5));
#8559 = VECTOR('',#8560,1.);
#8560 = DIRECTION('',(1.,0.,-0.));
#8561 = PCURVE('',#8562,#8567);
#8562 = PLANE('',#8563);
#8563 = AXIS2_PLACEMENT_3D('',#8564,#8565,#8566);
#8564 = CARTESIAN_POINT('',(80.6,193.9,-30.5));
#8565 = DIRECTION('',(0.,0.,1.));
#8566 = DIRECTION('',(1.,0.,-0.));
#8567 = DEFINITIONAL_REPRESENTATION('',(#8568),#8571);
#8568 = B_SPLINE_CURVE_WITH_KNOTS('',1,(#8569,#8570),.UNSPECIFIED.,.F.,
  .F.,(2,2),(-40.3,200.9),.PIECEWISE_BEZIER_KNOTS.);
#8569 = CARTESIAN_POINT('',(-80.6,193.9));
#8570 = CARTESIAN_POINT('',(160.6,193.9));
#8571 = ( GEOMETRIC_REPRESENTATION_CONTEXT(2) 
PARAMETRIC_REPRESENTATION_CONTEXT() REPRESENTATION_CONTEXT('2D SPACE',''
  ) );
#8572 = ORIENTED_EDGE('',*,*,#8573,.T.);
#8573 = EDGE_CURVE('',#8552,#8574,#8576,.T.);
#8574 = VERTEX_POINT('',#8575);
#8575 = CARTESIAN_POINT('',(0.,194.05,-30.5));
#8576 = SURFACE_CURVE('',#8577,(#8581),.PCURVE_S1.);
#8577 = LINE('',#8578,#8579);
#8578 = CARTESIAN_POINT('',(0.,96.95,-30.5));
#8579 = VECTOR('',#8580,1.);
#8580 = DIRECTION('',(0.,-1.,0.));
#8581 = PCURVE('',#8562,#8582);
#8582 = DEFINITIONAL_REPRESENTATION('',(#8583),#8586);
#8583 = B_SPLINE_CURVE_WITH_KNOTS('',1,(#8584,#8585),.UNSPECIFIED.,.F.,
  .F.,(2,2),(-290.85,-97.1),.PIECEWISE_BEZIER_KNOTS.);
#8584 = CARTESIAN_POINT('',(-80.6,193.9));
#8585 = CARTESIAN_POINT('',(-80.6,0.15));
#8586 = ( GEOMETRIC_REPRESENTATION_CONTEXT(2) 
PARAMETRIC_REPRESENTATION_CONTEXT() REPRESENTATION_CONTEXT('2D SPACE',''
  ) );
#8587 = ORIENTED_EDGE('',*,*,#8588,.T.);
#8588 = EDGE_CURVE('',#8574,#8589,#8591,.T.);
#8589 = VERTEX_POINT('',#8590);
#8590 = CARTESIAN_POINT('',(70.,194.05,-30.5));
#8591 = SURFACE_CURVE('',#8592,(#8596),.PCURVE_S1.);
#8592 = LINE('',#8593,#8594);
#8593 = CARTESIAN_POINT('',(40.3,194.05,-30.5));
#8594 = VECTOR('',#8595,1.);
#8595 = DIRECTION('',(1.,0.,-0.));
#8596 = PCURVE('',#8562,#8597);
#8597 = DEFINITIONAL_REPRESENTATION('',(#8598),#8601);
#8598 = B_SPLINE_CURVE_WITH_KNOTS('',1,(#8599,#8600),.UNSPECIFIED.,.F.,
  .F.,(2,2),(-40.3,29.7),.PIECEWISE_BEZIER_KNOTS.);
#8599 = CARTESIAN_POINT('',(-80.6,0.15));
#8600 = CARTESIAN_POINT('',(-10.6,0.15));
#8601 = ( GEOMETRIC_REPRESENTATION_CONTEXT(2) 
PARAMETRIC_REPRESENTATION_CONTEXT() REPRESENTATION_CONTEXT('2D SPACE',''
  ) );
#8602 = ORIENTED_EDGE('',*,*,#8603,.F.);
#8603 = EDGE_CURVE('',#8604,#8589,#8606,.T.);
#8604 = VERTEX_POINT('',#8605);
#8605 = CARTESIAN_POINT('',(70.,317.8,-30.5));
#8606 = SURFACE_CURVE('',#8607,(#8611),.PCURVE_S1.);
#8607 = LINE('',#8608,#8609);
#8608 = CARTESIAN_POINT('',(70.,131.95,-30.5));
#8609 = VECTOR('',#8610,1.);
#8610 = DIRECTION('',(0.,-1.,0.));
#8611 = PCURVE('',#8562,#8612);
#8612 = DEFINITIONAL_REPRESENTATION('',(#8613),#8616);
#8613 = B_SPLINE_CURVE_WITH_KNOTS('',1,(#8614,#8615),.UNSPECIFIED.,.F.,
  .F.,(2,2),(-185.85,-62.1),.PIECEWISE_BEZIER_KNOTS.);
#8614 = CARTESIAN_POINT('',(-10.6,123.9));
#8615 = CARTESIAN_POINT('',(-10.6,0.15));
#8616 = ( GEOMETRIC_REPRESENTATION_CONTEXT(2) 
PARAMETRIC_REPRESENTATION_CONTEXT() REPRESENTATION_CONTEXT('2D SPACE',''
  ) );
#8617 = ORIENTED_EDGE('',*,*,#8618,.T.);
#8618 = EDGE_CURVE('',#8604,#8619,#8621,.T.);
#8619 = VERTEX_POINT('',#8620);
#8620 = CARTESIAN_POINT('',(171.2,317.8,-30.5));
#8621 = SURFACE_CURVE('',#8622,(#8626),.PCURVE_S1.);
#8622 = LINE('',#8623,#8624);
#8623 = CARTESIAN_POINT('',(75.3,317.8,-30.5));
#8624 = VECTOR('',#8625,1.);
#8625 = DIRECTION('',(1.,0.,-0.));
#8626 = PCURVE('',#8562,#8627);
#8627 = DEFINITIONAL_REPRESENTATION('',(#8628),#8631);
#8628 = B_SPLINE_CURVE_WITH_KNOTS('',1,(#8629,#8630),.UNSPECIFIED.,.F.,
  .F.,(2,2),(-5.3,95.9),.PIECEWISE_BEZIER_KNOTS.);
#8629 = CARTESIAN_POINT('',(-10.6,123.9));
#8630 = CARTESIAN_POINT('',(90.6,123.9));
#8631 = ( GEOMETRIC_REPRESENTATION_CONTEXT(2) 
PARAMETRIC_REPRESENTATION_CONTEXT() REPRESENTATION_CONTEXT('2D SPACE',''
  ) );
#8632 = ORIENTED_EDGE('',*,*,#8633,.T.);
#8633 = EDGE_CURVE('',#8619,#8634,#8636,.T.);
#8634 = VERTEX_POINT('',#8635);
#8635 = CARTESIAN_POINT('',(171.2,194.05,-30.5));
#8636 = SURFACE_CURVE('',#8637,(#8641),.PCURVE_S1.);
#8637 = LINE('',#8638,#8639);
#8638 = CARTESIAN_POINT('',(171.2,131.95,-30.5));
#8639 = VECTOR('',#8640,1.);
#8640 = DIRECTION('',(0.,-1.,0.));
#8641 = PCURVE('',#8562,#8642);
#8642 = DEFINITIONAL_REPRESENTATION('',(#8643),#8646);
#8643 = B_SPLINE_CURVE_WITH_KNOTS('',1,(#8644,#8645),.UNSPECIFIED.,.F.,
  .F.,(2,2),(-185.85,-62.1),.PIECEWISE_BEZIER_KNOTS.);
#8644 = CARTESIAN_POINT('',(90.6,123.9));
#8645 = CARTESIAN_POINT('',(90.6,0.15));
#8646 = ( GEOMETRIC_REPRESENTATION_CONTEXT(2) 
PARAMETRIC_REPRESENTATION_CONTEXT() REPRESENTATION_CONTEXT('2D SPACE',''
  ) );
#8647 = ORIENTED_EDGE('',*,*,#8648,.T.);
#8648 = EDGE_CURVE('',#8634,#8649,#8651,.T.);
#8649 = VERTEX_POINT('',#8650);
#8650 = CARTESIAN_POINT('',(241.2,194.05,-30.5));
#8651 = SURFACE_CURVE('',#8652,(#8656),.PCURVE_S1.);
#8652 = LINE('',#8653,#8654);
#8653 = CARTESIAN_POINT('',(125.9,194.05,-30.5));
#8654 = VECTOR('',#8655,1.);
#8655 = DIRECTION('',(1.,0.,-0.));
#8656 = PCURVE('',#8562,#8657);
#8657 = DEFINITIONAL_REPRESENTATION('',(#8658),#8661);
#8658 = B_SPLINE_CURVE_WITH_KNOTS('',1,(#8659,#8660),.UNSPECIFIED.,.F.,
  .F.,(2,2),(45.3,115.3),.PIECEWISE_BEZIER_KNOTS.);
#8659 = CARTESIAN_POINT('',(90.6,0.15));
#8660 = CARTESIAN_POINT('',(160.6,0.15));
#8661 = ( GEOMETRIC_REPRESENTATION_CONTEXT(2) 
PARAMETRIC_REPRESENTATION_CONTEXT() REPRESENTATION_CONTEXT('2D SPACE',''
  ) );
#8662 = ORIENTED_EDGE('',*,*,#8663,.F.);
#8663 = EDGE_CURVE('',#8554,#8649,#8664,.T.);
#8664 = SURFACE_CURVE('',#8665,(#8669),.PCURVE_S1.);
#8665 = LINE('',#8666,#8667);
#8666 = CARTESIAN_POINT('',(241.2,96.95,-30.5));
#8667 = VECTOR('',#8668,1.);
#8668 = DIRECTION('',(0.,-1.,0.));
#8669 = PCURVE('',#8562,#8670);
#8670 = DEFINITIONAL_REPRESENTATION('',(#8671),#8674);
#8671 = B_SPLINE_CURVE_WITH_KNOTS('',1,(#8672,#8673),.UNSPECIFIED.,.F.,
  .F.,(2,2),(-290.85,-97.1),.PIECEWISE_BEZIER_KNOTS.);
#8672 = CARTESIAN_POINT('',(160.6,193.9));
#8673 = CARTESIAN_POINT('',(160.6,0.15));
#8674 = ( GEOMETRIC_REPRESENTATION_CONTEXT(2) 
PARAMETRIC_REPRESENTATION_CONTEXT() REPRESENTATION_CONTEXT('2D SPACE',''
  ) );
#8675 = ( GEOMETRIC_REPRESENTATION_CONTEXT(3) 
GLOBAL_UNCERTAINTY_ASSIGNED_CONTEXT((#8679)) 
GLOBAL_UNIT_ASSIGNED_CONTEXT((#8676,#8677,#8678)) REPRESENTATION_CONTEXT
('Context #1','3D Context with UNIT and UNCERTAINTY') );
#8676 = ( LENGTH_UNIT() NAMED_UNIT(*) SI_UNIT(.MILLI.,.METRE.) );
#8677 = ( NAMED_UNIT(*) PLANE_ANGLE_UNIT() SI_UNIT($,.RADIAN.) );
#8678 = ( NAMED_UNIT(*) SI_UNIT($,.STERADIAN.) SOLID_ANGLE_UNIT() );
#8679 = UNCERTAINTY_MEASURE_WITH_UNIT(LENGTH_MEASURE(2.E-07),#8676,
  'distance_accuracy_value','confusion accuracy');
#8680 = PRODUCT_RELATED_PRODUCT_CATEGORY('part',$,(#7));
ENDSEC;
END-ISO-10303-21;
