 
Ansys Electronics Desktop Version 2023.1.0, Build: 2022-11-20 22:10:41
Location: C:\Program Files\AnsysEM\v231\Win64\ansysedt.exe
Non Graphical Mode: No Project??
Starting Batch Run: 9:58:38  juil. 18, 2026
Running as user: SEIFPC\hp
Temp directory: C:\Users\hp\AppData\Local\Temp
Project directory: C:\Users\hp\Documents\Ansoft
[warning] Electronics Desktop has found a recovery file for an unsaved project : Project3.aedt.auto
Please choose one of the following actions for this file: 
 Yes: Open the recovery file. 
 No: Discard the recovery file.
 Cancel: Leave the recovery file on disk ( this prompt will reappear during the next application start) .
[warning] The project selected and all its files will be deleted from the permanent storage medium.

WARNING: All work will be lost.

Click OK to proceed.
[warning] The project selected and all its files will be deleted from the permanent storage medium.

WARNING: All work will be lost.

Click OK to proceed.
[warning] The project selected and all its files will be deleted from the permanent storage medium.

WARNING: All work will be lost.

Click OK to proceed.
[warning] The project selected and all its files will be deleted from the permanent storage medium.

WARNING: All work will be lost.

Click OK to proceed.
The project 'my_project' has been edited and/or solved. Do you want to save the changes?
-- Message Window --
      *Global - Messages
        [warning] Electronics Desktop has found a recovery file for an unsaved project : Project3.aedt.auto Please choose one of the following actions for this file:   Yes: Open the recovery file.   No: Discard the recovery file.  Cancel: Leave the recovery file on disk ( this prompt will reappear during the next application start) .
        [info] GRPC server running on port: 5838. 
        [warning] The project selected and all its files will be deleted from the permanent storage medium.  WARNING: All work will be lost.  Click OK to proceed.
        [warning] The project selected and all its files will be deleted from the permanent storage medium.  WARNING: All work will be lost.  Click OK to proceed.
        [warning] The project selected and all its files will be deleted from the permanent storage medium.  WARNING: All work will be lost.  Click OK to proceed.
        [warning] The project selected and all its files will be deleted from the permanent storage medium.  WARNING: All work will be lost.  Click OK to proceed.
        [info] The project 'my_project' has been edited and/or solved. Do you want to save the changes?
-- Message Window --
Stopping Batch Run: 10:26:30  juil. 18, 2026
 
Ansys Electronics Desktop Version 2023.1.0, Build: 2022-11-20 22:10:41
Location: C:\Program Files\AnsysEM\v231\Win64\ansysedt.exe
Non Graphical Mode: No Project??
Starting Batch Run: 10:26:40  juil. 18, 2026
Running as user: SEIFPC\hp
Temp directory: C:\Users\hp\AppData\Local\Temp
Project directory: C:\Users\hp\Documents\Ansoft
[warning] Electronics Desktop has found a recovery file for an unsaved project : Project3.aedt.auto
Please choose one of the following actions for this file: 
 Yes: Open the recovery file. 
 No: Discard the recovery file.
 Cancel: Leave the recovery file on disk ( this prompt will reappear during the next application start) .
The project 'my_project' has been edited and/or solved. Do you want to save the changes?
-- Message Window --
      *Global - Messages
        [warning] Electronics Desktop has found a recovery file for an unsaved project : Project3.aedt.auto Please choose one of the following actions for this file:   Yes: Open the recovery file.   No: Discard the recovery file.  Cancel: Leave the recovery file on disk ( this prompt will reappear during the next application start) .
        [info] GRPC server running on port: 12387. 
        [info] The project 'my_project' has been edited and/or solved. Do you want to save the changes?
      my_project (C:/Users/hp/Documents/Ansoft/)
        my_design
          [info] Import Native Bodies: Imported bodies have been scaled to model units. Please analyze the model. (10:26:53  juil. 18, 2026)
-- Message Window --
Stopping Batch Run: 10:28:55  juil. 18, 2026
 
Ansys Electronics Desktop Version 2023.1.0, Build: 2022-11-20 22:10:41
Location: C:\Program Files\AnsysEM\v231\Win64\ansysedt.exe
Non Graphical Mode: No Project??
Starting Batch Run: 10:29:39  juil. 18, 2026
Running as user: SEIFPC\hp
Temp directory: C:\Users\hp\AppData\Local\Temp
Project directory: C:\Users\hp\Documents\Ansoft
[warning] Electronics Desktop has found a recovery file for an unsaved project : Project3.aedt.auto
Please choose one of the following actions for this file: 
 Yes: Open the recovery file. 
 No: Discard the recovery file.
 Cancel: Leave the recovery file on disk ( this prompt will reappear during the next application start) .
The project 'my_project' has been edited and/or solved. Do you want to save the changes?
-- Message Window --
      *Global - Messages
        [warning] Electronics Desktop has found a recovery file for an unsaved project : Project3.aedt.auto Please choose one of the following actions for this file:   Yes: Open the recovery file.   No: Discard the recovery file.  Cancel: Leave the recovery file on disk ( this prompt will reappear during the next application start) .
        [info] GRPC server running on port: 6963. 
        [info] The project 'my_project' has been edited and/or solved. Do you want to save the changes?
      my_project (C:/Users/hp/Documents/Ansoft/)
        my_design
          [info] Import Native Bodies: Imported bodies have been scaled to model units. Please analyze the model. (10:29:52  juil. 18, 2026)
-- Message Window --
Stopping Batch Run: 10:35:48  juil. 18, 2026
 
Ansys Electronics Desktop Version 2023.1.0, Build: 2022-11-20 22:10:41
Location: C:\Program Files\AnsysEM\v231\Win64\ansysedt.exe
Non Graphical Mode: No Project??
Starting Batch Run: 10:35:57  juil. 18, 2026
Running as user: SEIFPC\hp
Temp directory: C:\Users\hp\AppData\Local\Temp
Project directory: C:\Users\hp\Documents\Ansoft
[warning] Electronics Desktop has found a recovery file for an unsaved project : Project3.aedt.auto
Please choose one of the following actions for this file: 
 Yes: Open the recovery file. 
 No: Discard the recovery file.
 Cancel: Leave the recovery file on disk ( this prompt will reappear during the next application start) .
The project 'my_project' has been edited and/or solved. Do you want to save the changes?
-- Message Window --
      *Global - Messages
        [warning] Electronics Desktop has found a recovery file for an unsaved project : Project3.aedt.auto Please choose one of the following actions for this file:   Yes: Open the recovery file.   No: Discard the recovery file.  Cancel: Leave the recovery file on disk ( this prompt will reappear during the next application start) .
        [info] GRPC server running on port: 2460. 
        [info] The project 'my_project' has been edited and/or solved. Do you want to save the changes?
      my_project (C:/Users/hp/Documents/Ansoft/)
        my_design
          [info] Import Native Bodies: Imported bodies have been scaled to model units. Please analyze the model. (10:36:09  juil. 18, 2026)
-- Message Window --
Stopping Batch Run: 10:36:19  juil. 18, 2026
 
Ansys Electronics Desktop Version 2023.1.0, Build: 2022-11-20 22:10:41
Location: C:\Program Files\AnsysEM\v231\Win64\ansysedt.exe
Non Graphical Mode: No Project??
Starting Batch Run: 10:43:47  juil. 18, 2026
Running as user: SEIFPC\hp
Temp directory: C:\Users\hp\AppData\Local\Temp
Project directory: C:\Users\hp\Documents\Ansoft
[warning] Electronics Desktop has found a recovery file for an unsaved project : Project3.aedt.auto
Please choose one of the following actions for this file: 
 Yes: Open the recovery file. 
 No: Discard the recovery file.
 Cancel: Leave the recovery file on disk ( this prompt will reappear during the next application start) .
The project 'my_project' has been edited and/or solved. Do you want to save the changes?
-- Message Window --
      *Global - Messages
        [warning] Electronics Desktop has found a recovery file for an unsaved project : Project3.aedt.auto Please choose one of the following actions for this file:   Yes: Open the recovery file.   No: Discard the recovery file.  Cancel: Leave the recovery file on disk ( this prompt will reappear during the next application start) .
        [info] GRPC server running on port: 11913. 
        [info] The project 'my_project' has been edited and/or solved. Do you want to save the changes?
      my_project (C:/Users/hp/Documents/Ansoft/)
        my_design
          [info] Import Native Bodies: Imported bodies have been scaled to model units. Please analyze the model. (10:44:01  juil. 18, 2026)
-- Message Window --
Stopping Batch Run: 10:45:24  juil. 18, 2026
 
Ansys Electronics Desktop Version 2023.1.0, Build: 2022-11-20 22:10:41
Location: C:\Program Files\AnsysEM\v231\Win64\ansysedt.exe
Non Graphical Mode: No Project??
Starting Batch Run: 10:49:38  juil. 18, 2026
Running as user: SEIFPC\hp
Temp directory: C:\Users\hp\AppData\Local\Temp
Project directory: C:\Users\hp\Documents\Ansoft
[warning] Electronics Desktop has found a recovery file for an unsaved project : Project3.aedt.auto
Please choose one of the following actions for this file: 
 Yes: Open the recovery file. 
 No: Discard the recovery file.
 Cancel: Leave the recovery file on disk ( this prompt will reappear during the next application start) .
The project 'my_project' has been edited and/or solved. Do you want to save the changes?
-- Message Window --
      *Global - Messages
        [warning] Electronics Desktop has found a recovery file for an unsaved project : Project3.aedt.auto Please choose one of the following actions for this file:   Yes: Open the recovery file.   No: Discard the recovery file.  Cancel: Leave the recovery file on disk ( this prompt will reappear during the next application start) .
        [info] GRPC server running on port: 9881. 
        [info] The project 'my_project' has been edited and/or solved. Do you want to save the changes?
      my_project (C:/Users/hp/Documents/Ansoft/)
        my_design
          [info] Import Native Bodies: Imported bodies have been scaled to model units. Please analyze the model. (10:49:50  juil. 18, 2026)
-- Message Window --
Stopping Batch Run: 10:50:47  juil. 18, 2026
 
Ansys Electronics Desktop Version 2023.1.0, Build: 2022-11-20 22:10:41
Location: C:\Program Files\AnsysEM\v231\Win64\ansysedt.exe
Non Graphical Mode: No Project??
Starting Batch Run: 10:51:22  juil. 18, 2026
Running as user: SEIFPC\hp
Temp directory: C:\Users\hp\AppData\Local\Temp
Project directory: C:\Users\hp\Documents\Ansoft
[warning] Electronics Desktop has found a recovery file for an unsaved project : Project3.aedt.auto
Please choose one of the following actions for this file: 
 Yes: Open the recovery file. 
 No: Discard the recovery file.
 Cancel: Leave the recovery file on disk ( this prompt will reappear during the next application start) .
The project 'my_project' has been edited and/or solved. Do you want to save the changes?
-- Message Window --
      *Global - Messages
        [warning] Electronics Desktop has found a recovery file for an unsaved project : Project3.aedt.auto Please choose one of the following actions for this file:   Yes: Open the recovery file.   No: Discard the recovery file.  Cancel: Leave the recovery file on disk ( this prompt will reappear during the next application start) .
        [info] GRPC server running on port: 14668. 
        [info] The project 'my_project' has been edited and/or solved. Do you want to save the changes?
      my_project (C:/Users/hp/Documents/Ansoft/)
        my_design
          [info] Import Native Bodies: Imported bodies have been scaled to model units. Please analyze the model. (10:51:35  juil. 18, 2026)
-- Message Window --
Stopping Batch Run: 10:52:11  juil. 18, 2026
 
Ansys Electronics Desktop Version 2023.1.0, Build: 2022-11-20 22:10:41
Location: C:\Program Files\AnsysEM\v231\Win64\ansysedt.exe
Non Graphical Mode: No Project??
Starting Batch Run: 10:53:27  juil. 18, 2026
Running as user: SEIFPC\hp
Temp directory: C:\Users\hp\AppData\Local\Temp
Project directory: C:\Users\hp\Documents\Ansoft
[warning] Electronics Desktop has found a recovery file for an unsaved project : Project3.aedt.auto
Please choose one of the following actions for this file: 
 Yes: Open the recovery file. 
 No: Discard the recovery file.
 Cancel: Leave the recovery file on disk ( this prompt will reappear during the next application start) .
The project 'my_project' has been edited and/or solved. Do you want to save the changes?
-- Message Window --
      *Global - Messages
        [warning] Electronics Desktop has found a recovery file for an unsaved project : Project3.aedt.auto Please choose one of the following actions for this file:   Yes: Open the recovery file.   No: Discard the recovery file.  Cancel: Leave the recovery file on disk ( this prompt will reappear during the next application start) .
        [info] GRPC server running on port: 9950. 
        [info] The project 'my_project' has been edited and/or solved. Do you want to save the changes?
      my_project (C:/Users/hp/Documents/Ansoft/)
        my_design
          [info] Import Native Bodies: Imported bodies have been scaled to model units. Please analyze the model. (10:53:40  juil. 18, 2026)
          [info] 'ringp20' is a duplicate name. Part named 'ringp20' has been renamed to 'ringp20_1'. (10:53:40  juil. 18, 2026)
-- Message Window --
Stopping Batch Run: 10:54:00  juil. 18, 2026
 
Ansys Electronics Desktop Version 2023.1.0, Build: 2022-11-20 22:10:41
Location: C:\Program Files\AnsysEM\v231\Win64\ansysedt.exe
Non Graphical Mode: No Project??
Starting Batch Run: 10:54:52  juil. 18, 2026
Running as user: SEIFPC\hp
Temp directory: C:\Users\hp\AppData\Local\Temp
Project directory: C:\Users\hp\Documents\Ansoft
[warning] Electronics Desktop has found a recovery file for an unsaved project : Project3.aedt.auto
Please choose one of the following actions for this file: 
 Yes: Open the recovery file. 
 No: Discard the recovery file.
 Cancel: Leave the recovery file on disk ( this prompt will reappear during the next application start) .
The project 'my_project' has been edited and/or solved. Do you want to save the changes?
-- Message Window --
      *Global - Messages
        [warning] Electronics Desktop has found a recovery file for an unsaved project : Project3.aedt.auto Please choose one of the following actions for this file:   Yes: Open the recovery file.   No: Discard the recovery file.  Cancel: Leave the recovery file on disk ( this prompt will reappear during the next application start) .
        [info] GRPC server running on port: 10770. 
        [info] The project 'my_project' has been edited and/or solved. Do you want to save the changes?
      my_project (C:/Users/hp/Documents/Ansoft/)
        my_design
          [info] Import Native Bodies: Imported bodies have been scaled to model units. Please analyze the model. (10:55:04  juil. 18, 2026)
          [info] 'ringp20' is a duplicate name. Part named 'ringp20' has been renamed to 'ringp20_1'. (10:55:04  juil. 18, 2026)
-- Message Window --
Stopping Batch Run: 10:56:27  juil. 18, 2026
 
Ansys Electronics Desktop Version 2023.1.0, Build: 2022-11-20 22:10:41
Location: C:\Program Files\AnsysEM\v231\Win64\ansysedt.exe
Non Graphical Mode: No Project??
Starting Batch Run: 10:56:43  juil. 18, 2026
Running as user: SEIFPC\hp
Temp directory: C:\Users\hp\AppData\Local\Temp
Project directory: C:\Users\hp\Documents\Ansoft
[warning] Electronics Desktop has found a recovery file for an unsaved project : Project3.aedt.auto
Please choose one of the following actions for this file: 
 Yes: Open the recovery file. 
 No: Discard the recovery file.
 Cancel: Leave the recovery file on disk ( this prompt will reappear during the next application start) .
The project 'my_project' has been edited and/or solved. Do you want to save the changes?
-- Message Window --
      *Global - Messages
        [warning] Electronics Desktop has found a recovery file for an unsaved project : Project3.aedt.auto Please choose one of the following actions for this file:   Yes: Open the recovery file.   No: Discard the recovery file.  Cancel: Leave the recovery file on disk ( this prompt will reappear during the next application start) .
        [info] GRPC server running on port: 5468. 
        [info] The project 'my_project' has been edited and/or solved. Do you want to save the changes?
      my_project (C:/Users/hp/Documents/Ansoft/)
        my_design
          [info] Import Native Bodies: Imported bodies have been scaled to model units. Please analyze the model. (10:56:55  juil. 18, 2026)
-- Message Window --
Stopping Batch Run: 11:02:44  juil. 18, 2026
 
Ansys Electronics Desktop Version 2023.1.0, Build: 2022-11-20 22:10:41
Location: C:\Program Files\AnsysEM\v231\Win64\ansysedt.exe
Non Graphical Mode: No Project??
Starting Batch Run: 11:03:38  juil. 18, 2026
Running as user: SEIFPC\hp
Temp directory: C:\Users\hp\AppData\Local\Temp
Project directory: C:\Users\hp\Documents\Ansoft
[info] GRPC server running on port: 5678.

[info] Project:my_project, Design:my_design, Import Native Bodies: Imported bodies have been scaled to model units. Please analyze the model. (11:04:13  juil. 18, 2026)
[info] Project:my_project, Design:my_design, 'ringp1' is a duplicate name. Part named 'ringp1' has been renamed to 'ringp1_1'. (11:04:13  juil. 18, 2026)
[info] Project:my_project, Design:my_design, 'ringp2' is a duplicate name. Part named 'ringp2' has been renamed to 'ringp2_1'. (11:04:13  juil. 18, 2026)
[info] Project:my_project, Design:my_design, 'ringp3' is a duplicate name. Part named 'ringp3' has been renamed to 'ringp3_1'. (11:04:13  juil. 18, 2026)
[info] Project:my_project, Design:my_design, 'ringp4' is a duplicate name. Part named 'ringp4' has been renamed to 'ringp4_1'. (11:04:13  juil. 18, 2026)
[info] Project:my_project, Design:my_design, 'ringp5' is a duplicate name. Part named 'ringp5' has been renamed to 'ringp5_1'. (11:04:13  juil. 18, 2026)
[info] Project:my_project, Design:my_design, 'ringp6' is a duplicate name. Part named 'ringp6' has been renamed to 'ringp6_1'. (11:04:13  juil. 18, 2026)
[info] Project:my_project, Design:my_design, 'ringp7' is a duplicate name. Part named 'ringp7' has been renamed to 'ringp7_1'. (11:04:13  juil. 18, 2026)
[info] Project:my_project, Design:my_design, 'ringp8' is a duplicate name. Part named 'ringp8' has been renamed to 'ringp8_1'. (11:04:13  juil. 18, 2026)
[info] Project:my_project, Design:my_design, 'ringp9' is a duplicate name. Part named 'ringp9' has been renamed to 'ringp9_1'. (11:04:13  juil. 18, 2026)
[info] Project:my_project, Design:my_design, 'ringp10' is a duplicate name. Part named 'ringp10' has been renamed to 'ringp10_1'. (11:04:13  juil. 18, 2026)
[info] Project:my_project, Design:my_design, 'ringp11' is a duplicate name. Part named 'ringp11' has been renamed to 'ringp11_1'. (11:04:13  juil. 18, 2026)
[info] Project:my_project, Design:my_design, 'ringp12' is a duplicate name. Part named 'ringp12' has been renamed to 'ringp12_1'. (11:04:13  juil. 18, 2026)
[info] Project:my_project, Design:my_design, 'ringp13' is a duplicate name. Part named 'ringp13' has been renamed to 'ringp13_1'. (11:04:13  juil. 18, 2026)
[info] Project:my_project, Design:my_design, 'ringp14' is a duplicate name. Part named 'ringp14' has been renamed to 'ringp14_1'. (11:04:13  juil. 18, 2026)
[info] Project:my_project, Design:my_design, 'ringp15' is a duplicate name. Part named 'ringp15' has been renamed to 'ringp15_1'. (11:04:13  juil. 18, 2026)
[info] Project:my_project, Design:my_design, 'ringp16' is a duplicate name. Part named 'ringp16' has been renamed to 'ringp16_1'. (11:04:13  juil. 18, 2026)
[info] Project:my_project, Design:my_design, 'ringp17' is a duplicate name. Part named 'ringp17' has been renamed to 'ringp17_1'. (11:04:13  juil. 18, 2026)
[info] Project:my_project, Design:my_design, 'ringp18' is a duplicate name. Part named 'ringp18' has been renamed to 'ringp18_1'. (11:04:13  juil. 18, 2026)
[info] Project:my_project, Design:my_design, 'ringp19' is a duplicate name. Part named 'ringp19' has been renamed to 'ringp19_1'. (11:04:13  juil. 18, 2026)
[info] Project:my_project, Design:my_design, 'ringp20' is a duplicate name. Part named 'ringp20' has been renamed to 'ringp20_1'. (11:04:13  juil. 18, 2026)
[info] Project:my_project, Design:my_design, 'insolator' is a duplicate name. Part named 'insolator' has been renamed to 'insolator_1'. (11:04:13  juil. 18, 2026)
[info] Project:my_project, Design:my_design, 'insolator' is a duplicate name. Part named 'insolator' has been renamed to 'insolator_2'. (11:04:13  juil. 18, 2026)
[info] Project:my_project, Design:my_design, 'insolator' is a duplicate name. Part named 'insolator' has been renamed to 'insolator_3'. (11:04:13  juil. 18, 2026)
[info] Project:my_project, Design:my_design, 'insolator' is a duplicate name. Part named 'insolator' has been renamed to 'insolator_4'. (11:04:13  juil. 18, 2026)
[info] Project:my_project, Design:my_design, 'insolator' is a duplicate name. Part named 'insolator' has been renamed to 'insolator_5'. (11:04:13  juil. 18, 2026)
[info] Project:my_project, Design:my_design, 'insolator' is a duplicate name. Part named 'insolator' has been renamed to 'insolator_6'. (11:04:13  juil. 18, 2026)
[info] Project:my_project, Design:my_design, 'insolator' is a duplicate name. Part named 'insolator' has been renamed to 'insolator_7'. (11:04:13  juil. 18, 2026)
[info] Project:my_project, Design:my_design, 'insolator' is a duplicate name. Part named 'insolator' has been renamed to 'insolator_8'. (11:04:13  juil. 18, 2026)
[info] Project:my_project, Design:my_design, 'insolator' is a duplicate name. Part named 'insolator' has been renamed to 'insolator_9'. (11:04:13  juil. 18, 2026)
[info] Project:my_project, Design:my_design, 'insolator' is a duplicate name. Part named 'insolator' has been renamed to 'insolator_10'. (11:04:13  juil. 18, 2026)
[info] Project:my_project, Design:my_design, 'insolator' is a duplicate name. Part named 'insolator' has been renamed to 'insolator_11'. (11:04:13  juil. 18, 2026)
[info] Project:my_project, Design:my_design, 'insolator' is a duplicate name. Part named 'insolator' has been renamed to 'insolator_12'. (11:04:13  juil. 18, 2026)
[info] Project:my_project, Design:my_design, 'insolator' is a duplicate name. Part named 'insolator' has been renamed to 'insolator_13'. (11:04:13  juil. 18, 2026)
[info] Project:my_project, Design:my_design, 'insolator' is a duplicate name. Part named 'insolator' has been renamed to 'insolator_14'. (11:04:13  juil. 18, 2026)
[info] Project:my_project, Design:my_design, 'insolator' is a duplicate name. Part named 'insolator' has been renamed to 'insolator_15'. (11:04:13  juil. 18, 2026)
[info] Project:my_project, Design:my_design, 'insolator' is a duplicate name. Part named 'insolator' has been renamed to 'insolator_16'. (11:04:13  juil. 18, 2026)
[info] Project:my_project, Design:my_design, 'insolator' is a duplicate name. Part named 'insolator' has been renamed to 'insolator_17'. (11:04:13  juil. 18, 2026)
[info] Project:my_project, Design:my_design, 'insolator' is a duplicate name. Part named 'insolator' has been renamed to 'insolator_18'. (11:04:13  juil. 18, 2026)
[info] Project:my_project, Design:my_design, 'insolator' is a duplicate name. Part named 'insolator' has been renamed to 'insolator_19'. (11:04:13  juil. 18, 2026)
[info] Project:my_project, Design:my_design, 'insolator' is a duplicate name. Part named 'insolator' has been renamed to 'insolator_20'. (11:04:13  juil. 18, 2026)
[info] Project:my_project, Design:my_design, 'insolator' is a duplicate name. Part named 'insolator' has been renamed to 'insolator_21'. (11:04:13  juil. 18, 2026)
[info] Project:my_project, Design:my_design, 'insolator' is a duplicate name. Part named 'insolator' has been renamed to 'insolator_22'. (11:04:13  juil. 18, 2026)
[info] Project:my_project, Design:my_design, 'insolator' is a duplicate name. Part named 'insolator' has been renamed to 'insolator_23'. (11:04:13  juil. 18, 2026)
[info] Project:my_project, Design:my_design, 'insolator' is a duplicate name. Part named 'insolator' has been renamed to 'insolator_24'. (11:04:13  juil. 18, 2026)
[info] Project:my_project, Design:my_design, 'insolator' is a duplicate name. Part named 'insolator' has been renamed to 'insolator_25'. (11:04:13  juil. 18, 2026)
[info] Project:my_project, Design:my_design, 'insolator' is a duplicate name. Part named 'insolator' has been renamed to 'insolator_26'. (11:04:13  juil. 18, 2026)
[info] Project:my_project, Design:my_design, 'insolator' is a duplicate name. Part named 'insolator' has been renamed to 'insolator_27'. (11:04:13  juil. 18, 2026)
[info] Project:my_project, Design:my_design, 'insolator' is a duplicate name. Part named 'insolator' has been renamed to 'insolator_28'. (11:04:13  juil. 18, 2026)
[info] Project:my_project, Design:my_design, 'insolator' is a duplicate name. Part named 'insolator' has been renamed to 'insolator_29'. (11:04:13  juil. 18, 2026)
[info] Project:my_project, Design:my_design, 'insolator' is a duplicate name. Part named 'insolator' has been renamed to 'insolator_30'. (11:04:13  juil. 18, 2026)
[info] Project:my_project, Design:my_design, 'insolator' is a duplicate name. Part named 'insolator' has been renamed to 'insolator_31'. (11:04:13  juil. 18, 2026)
[info] Project:my_project, Design:my_design, 'insolator' is a duplicate name. Part named 'insolator' has been renamed to 'insolator_32'. (11:04:13  juil. 18, 2026)
[info] Project:my_project, Design:my_design, 'insolator' is a duplicate name. Part named 'insolator' has been renamed to 'insolator_33'. (11:04:13  juil. 18, 2026)
[info] Project:my_project, Design:my_design, 'insolator' is a duplicate name. Part named 'insolator' has been renamed to 'insolator_34'. (11:04:13  juil. 18, 2026)
[info] Project:my_project, Design:my_design, 'insolator' is a duplicate name. Part named 'insolator' has been renamed to 'insolator_35'. (11:04:13  juil. 18, 2026)
[info] Project:my_project, Design:my_design, 'insolator' is a duplicate name. Part named 'insolator' has been renamed to 'insolator_36'. (11:04:13  juil. 18, 2026)
[info] Project:my_project, Design:my_design, 'insolator' is a duplicate name. Part named 'insolator' has been renamed to 'insolator_37'. (11:04:13  juil. 18, 2026)
[info] Project:my_project, Design:my_design, 'insolator' is a duplicate name. Part named 'insolator' has been renamed to 'insolator_38'. (11:04:13  juil. 18, 2026)
[info] Project:my_project, Design:my_design, 'insolator' is a duplicate name. Part named 'insolator' has been renamed to 'insolator_39'. (11:04:13  juil. 18, 2026)
[info] Project:my_project, Design:my_design, 'insolator' is a duplicate name. Part named 'insolator' has been renamed to 'insolator_40'. (11:04:13  juil. 18, 2026)
[info] Project:my_project, Design:my_design, 'insolator' is a duplicate name. Part named 'insolator' has been renamed to 'insolator_41'. (11:04:13  juil. 18, 2026)
[info] Project:my_project, Design:my_design, 'insolator' is a duplicate name. Part named 'insolator' has been renamed to 'insolator_42'. (11:04:13  juil. 18, 2026)
[info] Project:my_project, Design:my_design, 'insolator' is a duplicate name. Part named 'insolator' has been renamed to 'insolator_43'. (11:04:13  juil. 18, 2026)
[info] Project:my_project, Design:my_design, 'insolator' is a duplicate name. Part named 'insolator' has been renamed to 'insolator_44'. (11:04:13  juil. 18, 2026)
[info] Project:my_project, Design:my_design, 'insolator' is a duplicate name. Part named 'insolator' has been renamed to 'insolator_45'. (11:04:13  juil. 18, 2026)
[info] Project:my_project, Design:my_design, 'insolator' is a duplicate name. Part named 'insolator' has been renamed to 'insolator_46'. (11:04:13  juil. 18, 2026)
[info] Project:my_project, Design:my_design, Import Native Bodies: Imported bodies have been scaled to model units. Please analyze the model. (11:05:23  juil. 18, 2026)
[info] Project:my_project, Design:my_design, 'ringp1' is a duplicate name. Part named 'ringp1' has been renamed to 'ringp1_2'. (11:05:23  juil. 18, 2026)
[info] Project:my_project, Design:my_design, 'ringp2' is a duplicate name. Part named 'ringp2' has been renamed to 'ringp2_2'. (11:05:23  juil. 18, 2026)
[info] Project:my_project, Design:my_design, 'ringp3' is a duplicate name. Part named 'ringp3' has been renamed to 'ringp3_2'. (11:05:23  juil. 18, 2026)
[info] Project:my_project, Design:my_design, 'ringp4' is a duplicate name. Part named 'ringp4' has been renamed to 'ringp4_2'. (11:05:23  juil. 18, 2026)
[info] Project:my_project, Design:my_design, 'ringp5' is a duplicate name. Part named 'ringp5' has been renamed to 'ringp5_2'. (11:05:23  juil. 18, 2026)
[info] Project:my_project, Design:my_design, 'ringp6' is a duplicate name. Part named 'ringp6' has been renamed to 'ringp6_2'. (11:05:23  juil. 18, 2026)
[info] Project:my_project, Design:my_design, 'ringp7' is a duplicate name. Part named 'ringp7' has been renamed to 'ringp7_2'. (11:05:23  juil. 18, 2026)
[info] Project:my_project, Design:my_design, 'ringp8' is a duplicate name. Part named 'ringp8' has been renamed to 'ringp8_2'. (11:05:23  juil. 18, 2026)
[info] Project:my_project, Design:my_design, 'ringp9' is a duplicate name. Part named 'ringp9' has been renamed to 'ringp9_2'. (11:05:23  juil. 18, 2026)
[info] Project:my_project, Design:my_design, 'ringp10' is a duplicate name. Part named 'ringp10' has been renamed to 'ringp10_2'. (11:05:23  juil. 18, 2026)
[info] Project:my_project, Design:my_design, 'ringp11' is a duplicate name. Part named 'ringp11' has been renamed to 'ringp11_2'. (11:05:23  juil. 18, 2026)
[info] Project:my_project, Design:my_design, 'ringp12' is a duplicate name. Part named 'ringp12' has been renamed to 'ringp12_2'. (11:05:23  juil. 18, 2026)
[info] Project:my_project, Design:my_design, 'ringp13' is a duplicate name. Part named 'ringp13' has been renamed to 'ringp13_2'. (11:05:23  juil. 18, 2026)
[info] Project:my_project, Design:my_design, 'ringp14' is a duplicate name. Part named 'ringp14' has been renamed to 'ringp14_2'. (11:05:23  juil. 18, 2026)
[info] Project:my_project, Design:my_design, 'ringp15' is a duplicate name. Part named 'ringp15' has been renamed to 'ringp15_2'. (11:05:23  juil. 18, 2026)
[info] Project:my_project, Design:my_design, 'ringp16' is a duplicate name. Part named 'ringp16' has been renamed to 'ringp16_2'. (11:05:23  juil. 18, 2026)
[info] Project:my_project, Design:my_design, 'ringp17' is a duplicate name. Part named 'ringp17' has been renamed to 'ringp17_2'. (11:05:23  juil. 18, 2026)
[info] Project:my_project, Design:my_design, 'ringp18' is a duplicate name. Part named 'ringp18' has been renamed to 'ringp18_2'. (11:05:23  juil. 18, 2026)
[info] Project:my_project, Design:my_design, 'ringp19' is a duplicate name. Part named 'ringp19' has been renamed to 'ringp19_2'. (11:05:23  juil. 18, 2026)
[info] Project:my_project, Design:my_design, 'ringp20' is a duplicate name. Part named 'ringp20' has been renamed to 'ringp20_2'. (11:05:23  juil. 18, 2026)
[info] Project:my_project, Design:my_design, 'Core' is a duplicate name. Part named 'Core' has been renamed to 'Core_1'. (11:05:23  juil. 18, 2026)
[info] Project:my_project, Design:my_design, 'insolator' is a duplicate name. Part named 'insolator' has been renamed to 'insolator_47'. (11:05:23  juil. 18, 2026)
[info] Project:my_project, Design:my_design, 'insolator' is a duplicate name. Part named 'insolator' has been renamed to 'insolator_48'. (11:05:23  juil. 18, 2026)
[info] Project:my_project, Design:my_design, 'insolator' is a duplicate name. Part named 'insolator' has been renamed to 'insolator_49'. (11:05:23  juil. 18, 2026)
[info] Project:my_project, Design:my_design, 'insolator' is a duplicate name. Part named 'insolator' has been renamed to 'insolator_50'. (11:05:23  juil. 18, 2026)
[info] Project:my_project, Design:my_design, 'insolator' is a duplicate name. Part named 'insolator' has been renamed to 'insolator_51'. (11:05:23  juil. 18, 2026)
[info] Project:my_project, Design:my_design, 'insolator' is a duplicate name. Part named 'insolator' has been renamed to 'insolator_52'. (11:05:23  juil. 18, 2026)
[info] Project:my_project, Design:my_design, 'insolator' is a duplicate name. Part named 'insolator' has been renamed to 'insolator_53'. (11:05:23  juil. 18, 2026)
[info] Project:my_project, Design:my_design, 'primary_secondary_insulation' is a duplicate name. Part named 'primary_secondary_insulation' has been renamed to 'primary_secondary_insulation_1'. (11:05:23  juil. 18, 2026)
[info] Project:my_project, Design:my_design, 'insolator' is a duplicate name. Part named 'insolator' has been renamed to 'insolator_54'. (11:05:23  juil. 18, 2026)
[info] Project:my_project, Design:my_design, 'insolator' is a duplicate name. Part named 'insolator' has been renamed to 'insolator_55'. (11:05:23  juil. 18, 2026)
[info] Project:my_project, Design:my_design, 'insolator' is a duplicate name. Part named 'insolator' has been renamed to 'insolator_56'. (11:05:23  juil. 18, 2026)
[info] Project:my_project, Design:my_design, 'insolator' is a duplicate name. Part named 'insolator' has been renamed to 'insolator_57'. (11:05:23  juil. 18, 2026)
[info] Project:my_project, Design:my_design, 'insolator' is a duplicate name. Part named 'insolator' has been renamed to 'insolator_58'. (11:05:23  juil. 18, 2026)
[info] Project:my_project, Design:my_design, 'insolator' is a duplicate name. Part named 'insolator' has been renamed to 'insolator_59'. (11:05:23  juil. 18, 2026)
[info] Project:my_project, Design:my_design, 'insolator' is a duplicate name. Part named 'insolator' has been renamed to 'insolator_60'. (11:05:23  juil. 18, 2026)
[info] Project:my_project, Design:my_design, 'insolator' is a duplicate name. Part named 'insolator' has been renamed to 'insolator_61'. (11:05:23  juil. 18, 2026)
[info] Project:my_project, Design:my_design, 'insolator' is a duplicate name. Part named 'insolator' has been renamed to 'insolator_62'. (11:05:23  juil. 18, 2026)
[info] Project:my_project, Design:my_design, 'insolator' is a duplicate name. Part named 'insolator' has been renamed to 'insolator_63'. (11:05:23  juil. 18, 2026)
[info] Project:my_project, Design:my_design, 'insolator' is a duplicate name. Part named 'insolator' has been renamed to 'insolator_64'. (11:05:23  juil. 18, 2026)
[info] Project:my_project, Design:my_design, 'insolator' is a duplicate name. Part named 'insolator' has been renamed to 'insolator_65'. (11:05:23  juil. 18, 2026)
[info] Project:my_project, Design:my_design, 'insolator' is a duplicate name. Part named 'insolator' has been renamed to 'insolator_66'. (11:05:23  juil. 18, 2026)
[info] Project:my_project, Design:my_design, 'insolator' is a duplicate name. Part named 'insolator' has been renamed to 'insolator_67'. (11:05:23  juil. 18, 2026)
[info] Project:my_project, Design:my_design, 'insolator' is a duplicate name. Part named 'insolator' has been renamed to 'insolator_68'. (11:05:23  juil. 18, 2026)
[info] Project:my_project, Design:my_design, 'insolator' is a duplicate name. Part named 'insolator' has been renamed to 'insolator_69'. (11:05:23  juil. 18, 2026)
[info] Project:my_project, Design:my_design, 'insolator' is a duplicate name. Part named 'insolator' has been renamed to 'insolator_70'. (11:05:23  juil. 18, 2026)
[info] Project:my_project, Design:my_design, 'insolator' is a duplicate name. Part named 'insolator' has been renamed to 'insolator_71'. (11:05:23  juil. 18, 2026)
[info] Project:my_project, Design:my_design, 'insolator' is a duplicate name. Part named 'insolator' has been renamed to 'insolator_72'. (11:05:23  juil. 18, 2026)
[info] Project:my_project, Design:my_design, 'insolator' is a duplicate name. Part named 'insolator' has been renamed to 'insolator_73'. (11:05:23  juil. 18, 2026)
[info] Project:my_project, Design:my_design, 'insolator' is a duplicate name. Part named 'insolator' has been renamed to 'insolator_74'. (11:05:23  juil. 18, 2026)
[info] Project:my_project, Design:my_design, 'insolator' is a duplicate name. Part named 'insolator' has been renamed to 'insolator_75'. (11:05:23  juil. 18, 2026)
[info] Project:my_project, Design:my_design, 'insolator' is a duplicate name. Part named 'insolator' has been renamed to 'insolator_76'. (11:05:23  juil. 18, 2026)
[info] Project:my_project, Design:my_design, 'insolator' is a duplicate name. Part named 'insolator' has been renamed to 'insolator_77'. (11:05:23  juil. 18, 2026)
[info] Project:my_project, Design:my_design, 'insolator' is a duplicate name. Part named 'insolator' has been renamed to 'insolator_78'. (11:05:23  juil. 18, 2026)
[info] Project:my_project, Design:my_design, 'insolator' is a duplicate name. Part named 'insolator' has been renamed to 'insolator_79'. (11:05:23  juil. 18, 2026)
[info] Project:my_project, Design:my_design, 'insolator' is a duplicate name. Part named 'insolator' has been renamed to 'insolator_80'. (11:05:23  juil. 18, 2026)
[info] Project:my_project, Design:my_design, 'insolator' is a duplicate name. Part named 'insolator' has been renamed to 'insolator_81'. (11:05:23  juil. 18, 2026)
[info] Project:my_project, Design:my_design, 'insolator' is a duplicate name. Part named 'insolator' has been renamed to 'insolator_82'. (11:05:23  juil. 18, 2026)
[info] Project:my_project, Design:my_design, 'insolator' is a duplicate name. Part named 'insolator' has been renamed to 'insolator_83'. (11:05:23  juil. 18, 2026)
[info] Project:my_project, Design:my_design, 'insolator' is a duplicate name. Part named 'insolator' has been renamed to 'insolator_84'. (11:05:23  juil. 18, 2026)
[info] Project:my_project, Design:my_design, 'insolator' is a duplicate name. Part named 'insolator' has been renamed to 'insolator_85'. (11:05:23  juil. 18, 2026)
[info] Project:my_project, Design:my_design, 'insolator' is a duplicate name. Part named 'insolator' has been renamed to 'insolator_86'. (11:05:23  juil. 18, 2026)
[info] Project:my_project, Design:my_design, 'insolator' is a duplicate name. Part named 'insolator' has been renamed to 'insolator_87'. (11:05:23  juil. 18, 2026)
[info] Project:my_project, Design:my_design, 'insolator' is a duplicate name. Part named 'insolator' has been renamed to 'insolator_88'. (11:05:23  juil. 18, 2026)
[info] Project:my_project, Design:my_design, 'insolator' is a duplicate name. Part named 'insolator' has been renamed to 'insolator_89'. (11:05:23  juil. 18, 2026)
[info] Project:my_project, Design:my_design, 'insolator' is a duplicate name. Part named 'insolator' has been renamed to 'insolator_90'. (11:05:23  juil. 18, 2026)
[info] Project:my_project, Design:my_design, 'insolator' is a duplicate name. Part named 'insolator' has been renamed to 'insolator_91'. (11:05:23  juil. 18, 2026)
[info] Project:my_project, Design:my_design, 'insolator' is a duplicate name. Part named 'insolator' has been renamed to 'insolator_92'. (11:05:23  juil. 18, 2026)
[info] Project:my_project, Design:my_design, 'insolator' is a duplicate name. Part named 'insolator' has been renamed to 'insolator_93'. (11:05:23  juil. 18, 2026)
[info] Project:my_project, Design:my_design, Import Native Bodies: Imported bodies have been scaled to model units. Please analyze the model. (11:10:53  juil. 18, 2026)
[info] Project:my_project, Design:my_design, 'rings1' is a duplicate name. Part named 'rings1' has been renamed to 'rings1_1'. (11:10:53  juil. 18, 2026)
[info] Project:my_project, Design:my_design, 'rings2' is a duplicate name. Part named 'rings2' has been renamed to 'rings2_1'. (11:10:53  juil. 18, 2026)
[info] Project:my_project, Design:my_design, 'rings3' is a duplicate name. Part named 'rings3' has been renamed to 'rings3_1'. (11:10:53  juil. 18, 2026)
[info] Project:my_project, Design:my_design, 'rings4' is a duplicate name. Part named 'rings4' has been renamed to 'rings4_1'. (11:10:53  juil. 18, 2026)
[info] Project:my_project, Design:my_design, 'rings5' is a duplicate name. Part named 'rings5' has been renamed to 'rings5_1'. (11:10:53  juil. 18, 2026)
[info] Project:my_project, Design:my_design, 'rings6' is a duplicate name. Part named 'rings6' has been renamed to 'rings6_1'. (11:10:53  juil. 18, 2026)
[info] Project:my_project, Design:my_design, 'rings7' is a duplicate name. Part named 'rings7' has been renamed to 'rings7_1'. (11:10:53  juil. 18, 2026)
[info] Project:my_project, Design:my_design, 'rings8' is a duplicate name. Part named 'rings8' has been renamed to 'rings8_1'. (11:10:53  juil. 18, 2026)
[info] Project:my_project, Design:my_design, 'rings9' is a duplicate name. Part named 'rings9' has been renamed to 'rings9_1'. (11:10:53  juil. 18, 2026)
[info] Project:my_project, Design:my_design, 'rings10' is a duplicate name. Part named 'rings10' has been renamed to 'rings10_1'. (11:10:53  juil. 18, 2026)
[info] Project:my_project, Design:my_design, 'rings11' is a duplicate name. Part named 'rings11' has been renamed to 'rings11_1'. (11:10:53  juil. 18, 2026)
[info] Project:my_project, Design:my_design, 'rings12' is a duplicate name. Part named 'rings12' has been renamed to 'rings12_1'. (11:10:53  juil. 18, 2026)
[info] Project:my_project, Design:my_design, 'rings13' is a duplicate name. Part named 'rings13' has been renamed to 'rings13_1'. (11:10:53  juil. 18, 2026)
[info] Project:my_project, Design:my_design, 'rings14' is a duplicate name. Part named 'rings14' has been renamed to 'rings14_1'. (11:10:53  juil. 18, 2026)
[info] Project:my_project, Design:my_design, 'rings15' is a duplicate name. Part named 'rings15' has been renamed to 'rings15_1'. (11:10:53  juil. 18, 2026)
[info] Project:my_project, Design:my_design, 'rings16' is a duplicate name. Part named 'rings16' has been renamed to 'rings16_1'. (11:10:53  juil. 18, 2026)
[info] Project:my_project, Design:my_design, 'rings17' is a duplicate name. Part named 'rings17' has been renamed to 'rings17_1'. (11:10:53  juil. 18, 2026)
[info] Project:my_project, Design:my_design, 'rings18' is a duplicate name. Part named 'rings18' has been renamed to 'rings18_1'. (11:10:53  juil. 18, 2026)
[info] Project:my_project, Design:my_design, 'rings19' is a duplicate name. Part named 'rings19' has been renamed to 'rings19_1'. (11:10:53  juil. 18, 2026)
[info] Project:my_project, Design:my_design, 'rings20' is a duplicate name. Part named 'rings20' has been renamed to 'rings20_1'. (11:10:53  juil. 18, 2026)
[info] Project:my_project, Design:my_design, 'ringp1' is a duplicate name. Part named 'ringp1' has been renamed to 'ringp1_3'. (11:10:53  juil. 18, 2026)
[info] Project:my_project, Design:my_design, 'ringp2' is a duplicate name. Part named 'ringp2' has been renamed to 'ringp2_3'. (11:10:53  juil. 18, 2026)
[info] Project:my_project, Design:my_design, 'ringp3' is a duplicate name. Part named 'ringp3' has been renamed to 'ringp3_3'. (11:10:53  juil. 18, 2026)
[info] Project:my_project, Design:my_design, 'ringp4' is a duplicate name. Part named 'ringp4' has been renamed to 'ringp4_3'. (11:10:53  juil. 18, 2026)
[info] Project:my_project, Design:my_design, 'ringp5' is a duplicate name. Part named 'ringp5' has been renamed to 'ringp5_3'. (11:10:53  juil. 18, 2026)
[info] Project:my_project, Design:my_design, 'ringp6' is a duplicate name. Part named 'ringp6' has been renamed to 'ringp6_3'. (11:10:53  juil. 18, 2026)
[info] Project:my_project, Design:my_design, 'ringp7' is a duplicate name. Part named 'ringp7' has been renamed to 'ringp7_3'. (11:10:53  juil. 18, 2026)
[info] Project:my_project, Design:my_design, 'ringp8' is a duplicate name. Part named 'ringp8' has been renamed to 'ringp8_3'. (11:10:53  juil. 18, 2026)
[info] Project:my_project, Design:my_design, 'ringp9' is a duplicate name. Part named 'ringp9' has been renamed to 'ringp9_3'. (11:10:53  juil. 18, 2026)
[info] Project:my_project, Design:my_design, 'ringp10' is a duplicate name. Part named 'ringp10' has been renamed to 'ringp10_3'. (11:10:53  juil. 18, 2026)
[info] Project:my_project, Design:my_design, 'ringp11' is a duplicate name. Part named 'ringp11' has been renamed to 'ringp11_3'. (11:10:53  juil. 18, 2026)
[info] Project:my_project, Design:my_design, 'ringp12' is a duplicate name. Part named 'ringp12' has been renamed to 'ringp12_3'. (11:10:53  juil. 18, 2026)
[info] Project:my_project, Design:my_design, 'ringp13' is a duplicate name. Part named 'ringp13' has been renamed to 'ringp13_3'. (11:10:53  juil. 18, 2026)
[info] Project:my_project, Design:my_design, 'ringp14' is a duplicate name. Part named 'ringp14' has been renamed to 'ringp14_3'. (11:10:53  juil. 18, 2026)
[info] Project:my_project, Design:my_design, 'ringp15' is a duplicate name. Part named 'ringp15' has been renamed to 'ringp15_3'. (11:10:53  juil. 18, 2026)
[info] Project:my_project, Design:my_design, 'ringp16' is a duplicate name. Part named 'ringp16' has been renamed to 'ringp16_3'. (11:10:53  juil. 18, 2026)
[info] Project:my_project, Design:my_design, 'ringp17' is a duplicate name. Part named 'ringp17' has been renamed to 'ringp17_3'. (11:10:53  juil. 18, 2026)
[info] Project:my_project, Design:my_design, 'ringp18' is a duplicate name. Part named 'ringp18' has been renamed to 'ringp18_3'. (11:10:53  juil. 18, 2026)
[info] Project:my_project, Design:my_design, 'ringp19' is a duplicate name. Part named 'ringp19' has been renamed to 'ringp19_3'. (11:10:53  juil. 18, 2026)
[info] Project:my_project, Design:my_design, 'ringp20' is a duplicate name. Part named 'ringp20' has been renamed to 'ringp20_3'. (11:10:53  juil. 18, 2026)
[info] Project:my_project, Design:my_design, 'Core' is a duplicate name. Part named 'Core' has been renamed to 'Core_2'. (11:10:53  juil. 18, 2026)
[info] Project:my_project, Design:my_design, 'insolator' is a duplicate name. Part named 'insolator' has been renamed to 'insolator_94'. (11:10:53  juil. 18, 2026)
[info] Project:my_project, Design:my_design, 'insolator' is a duplicate name. Part named 'insolator' has been renamed to 'insolator_95'. (11:10:53  juil. 18, 2026)
[info] Project:my_project, Design:my_design, 'insolator' is a duplicate name. Part named 'insolator' has been renamed to 'insolator_96'. (11:10:53  juil. 18, 2026)
[info] Project:my_project, Design:my_design, 'insolator' is a duplicate name. Part named 'insolator' has been renamed to 'insolator_97'. (11:10:53  juil. 18, 2026)
[info] Project:my_project, Design:my_design, 'insolator' is a duplicate name. Part named 'insolator' has been renamed to 'insolator_98'. (11:10:53  juil. 18, 2026)
[info] Project:my_project, Design:my_design, 'insolator' is a duplicate name. Part named 'insolator' has been renamed to 'insolator_99'. (11:10:53  juil. 18, 2026)
[info] Project:my_project, Design:my_design, 'insolator' is a duplicate name. Part named 'insolator' has been renamed to 'insolator_100'. (11:10:53  juil. 18, 2026)
[info] Project:my_project, Design:my_design, 'primary_secondary_insulation' is a duplicate name. Part named 'primary_secondary_insulation' has been renamed to 'primary_secondary_insulation_2'. (11:10:53  juil. 18, 2026)
[info] Project:my_project, Design:my_design, 'insolator' is a duplicate name. Part named 'insolator' has been renamed to 'insolator_101'. (11:10:53  juil. 18, 2026)
[info] Project:my_project, Design:my_design, 'insolator' is a duplicate name. Part named 'insolator' has been renamed to 'insolator_102'. (11:10:53  juil. 18, 2026)
[info] Project:my_project, Design:my_design, 'insolator' is a duplicate name. Part named 'insolator' has been renamed to 'insolator_103'. (11:10:53  juil. 18, 2026)
[info] Project:my_project, Design:my_design, 'insolator' is a duplicate name. Part named 'insolator' has been renamed to 'insolator_104'. (11:10:53  juil. 18, 2026)
[info] Project:my_project, Design:my_design, 'insolator' is a duplicate name. Part named 'insolator' has been renamed to 'insolator_105'. (11:10:53  juil. 18, 2026)
[info] Project:my_project, Design:my_design, 'insolator' is a duplicate name. Part named 'insolator' has been renamed to 'insolator_106'. (11:10:53  juil. 18, 2026)
[info] Project:my_project, Design:my_design, 'insolator' is a duplicate name. Part named 'insolator' has been renamed to 'insolator_107'. (11:10:53  juil. 18, 2026)
[info] Project:my_project, Design:my_design, 'insolator' is a duplicate name. Part named 'insolator' has been renamed to 'insolator_108'. (11:10:53  juil. 18, 2026)
[info] Project:my_project, Design:my_design, 'insolator' is a duplicate name. Part named 'insolator' has been renamed to 'insolator_109'. (11:10:53  juil. 18, 2026)
[info] Project:my_project, Design:my_design, 'insolator' is a duplicate name. Part named 'insolator' has been renamed to 'insolator_110'. (11:10:53  juil. 18, 2026)
[info] Project:my_project, Design:my_design, 'insolator' is a duplicate name. Part named 'insolator' has been renamed to 'insolator_111'. (11:10:53  juil. 18, 2026)
[info] Project:my_project, Design:my_design, 'insolator' is a duplicate name. Part named 'insolator' has been renamed to 'insolator_112'. (11:10:53  juil. 18, 2026)
[info] Project:my_project, Design:my_design, 'insolator' is a duplicate name. Part named 'insolator' has been renamed to 'insolator_113'. (11:10:53  juil. 18, 2026)
[info] Project:my_project, Design:my_design, 'insolator' is a duplicate name. Part named 'insolator' has been renamed to 'insolator_114'. (11:10:53  juil. 18, 2026)
[info] Project:my_project, Design:my_design, 'insolator' is a duplicate name. Part named 'insolator' has been renamed to 'insolator_115'. (11:10:53  juil. 18, 2026)
[info] Project:my_project, Design:my_design, 'insolator' is a duplicate name. Part named 'insolator' has been renamed to 'insolator_116'. (11:10:53  juil. 18, 2026)
[info] Project:my_project, Design:my_design, 'insolator' is a duplicate name. Part named 'insolator' has been renamed to 'insolator_117'. (11:10:53  juil. 18, 2026)
[info] Project:my_project, Design:my_design, 'insolator' is a duplicate name. Part named 'insolator' has been renamed to 'insolator_118'. (11:10:53  juil. 18, 2026)
[info] Project:my_project, Design:my_design, 'insolator' is a duplicate name. Part named 'insolator' has been renamed to 'insolator_119'. (11:10:53  juil. 18, 2026)
[info] Project:my_project, Design:my_design, 'insolator' is a duplicate name. Part named 'insolator' has been renamed to 'insolator_120'. (11:10:53  juil. 18, 2026)
[info] Project:my_project, Design:my_design, 'insolator' is a duplicate name. Part named 'insolator' has been renamed to 'insolator_121'. (11:10:53  juil. 18, 2026)
[info] Project:my_project, Design:my_design, 'insolator' is a duplicate name. Part named 'insolator' has been renamed to 'insolator_122'. (11:10:53  juil. 18, 2026)
[info] Project:my_project, Design:my_design, 'insolator' is a duplicate name. Part named 'insolator' has been renamed to 'insolator_123'. (11:10:53  juil. 18, 2026)
[info] Project:my_project, Design:my_design, 'insolator' is a duplicate name. Part named 'insolator' has been renamed to 'insolator_124'. (11:10:53  juil. 18, 2026)
[info] Project:my_project, Design:my_design, 'insolator' is a duplicate name. Part named 'insolator' has been renamed to 'insolator_125'. (11:10:53  juil. 18, 2026)
[info] Project:my_project, Design:my_design, 'insolator' is a duplicate name. Part named 'insolator' has been renamed to 'insolator_126'. (11:10:53  juil. 18, 2026)
[info] Project:my_project, Design:my_design, 'insolator' is a duplicate name. Part named 'insolator' has been renamed to 'insolator_127'. (11:10:53  juil. 18, 2026)
[info] Project:my_project, Design:my_design, 'insolator' is a duplicate name. Part named 'insolator' has been renamed to 'insolator_128'. (11:10:53  juil. 18, 2026)
[info] Project:my_project, Design:my_design, 'insolator' is a duplicate name. Part named 'insolator' has been renamed to 'insolator_129'. (11:10:53  juil. 18, 2026)
[info] Project:my_project, Design:my_design, 'insolator' is a duplicate name. Part named 'insolator' has been renamed to 'insolator_130'. (11:10:53  juil. 18, 2026)
[info] Project:my_project, Design:my_design, 'insolator' is a duplicate name. Part named 'insolator' has been renamed to 'insolator_131'. (11:10:53  juil. 18, 2026)
[info] Project:my_project, Design:my_design, 'insolator' is a duplicate name. Part named 'insolator' has been renamed to 'insolator_132'. (11:10:53  juil. 18, 2026)
[info] Project:my_project, Design:my_design, 'insolator' is a duplicate name. Part named 'insolator' has been renamed to 'insolator_133'. (11:10:53  juil. 18, 2026)
[info] Project:my_project, Design:my_design, 'insolator' is a duplicate name. Part named 'insolator' has been renamed to 'insolator_134'. (11:10:53  juil. 18, 2026)
[info] Project:my_project, Design:my_design, 'insolator' is a duplicate name. Part named 'insolator' has been renamed to 'insolator_135'. (11:10:53  juil. 18, 2026)
[info] Project:my_project, Design:my_design, 'insolator' is a duplicate name. Part named 'insolator' has been renamed to 'insolator_136'. (11:10:53  juil. 18, 2026)
[info] Project:my_project, Design:my_design, 'insolator' is a duplicate name. Part named 'insolator' has been renamed to 'insolator_137'. (11:10:53  juil. 18, 2026)
[info] Project:my_project, Design:my_design, 'insolator' is a duplicate name. Part named 'insolator' has been renamed to 'insolator_138'. (11:10:53  juil. 18, 2026)
[info] Project:my_project, Design:my_design, 'insolator' is a duplicate name. Part named 'insolator' has been renamed to 'insolator_139'. (11:10:53  juil. 18, 2026)
[info] Project:my_project, Design:my_design, 'insolator' is a duplicate name. Part named 'insolator' has been renamed to 'insolator_140'. (11:10:53  juil. 18, 2026)
 
Ansys Electronics Desktop Version 2023.1.0, Build: 2022-11-20 22:10:41
Location: C:\Program Files\AnsysEM\v231\Win64\ansysedt.exe
Non Graphical Mode: No Project??
Starting Batch Run: 11:11:51  juil. 18, 2026
Running as user: SEIFPC\hp
Temp directory: C:\Users\hp\AppData\Local\Temp
Project directory: C:\Users\hp\Documents\Ansoft
[warning] Electronics Desktop has found a recovery file for an unsaved project : Project3.aedt.auto
Please choose one of the following actions for this file: 
 Yes: Open the recovery file. 
 No: Discard the recovery file.
 Cancel: Leave the recovery file on disk ( this prompt will reappear during the next application start) .
The project 'my_project' has been edited and/or solved. Do you want to save the changes?
-- Message Window --
      *Global - Messages
        [warning] Electronics Desktop has found a recovery file for an unsaveRunning as user: SEIFPC\hp
Temp directory: C:\Users\hp\AppData\Local\Temp
Project directory: C:\Users\hp\Documents\Ansoft
[warning] Electronics Desktop has found a recovery file for an unsaved project : Project3.aedt.auto
Please choose one of the following actions for this file: 
 Yes: Open the recovery file. 
 No: Discard the recovery file.
 Cancel: Leave the recovery file on disk ( this prompt will reappear during the next application start) .
The project 'my_project' has been edited and/or solved. Do you want to save the changes?
-- Message Window --
      *Global - Messages
        [warning] Electronics Desktop has found a recovery file for an unsaved project : Project3.aedt.auto Please choose one of the following actions for this file:   Yes: Open the recovery file.   No: Discard the recovery file.  Cancel: Leave the recovery file on disk ( this prompt will reappear during the next application start) .
        [info] GRPC server running on port: 5635. 
        [info] The project 'my_project' has been edited and/or solved. Do you want to save the changes?
      my_project (C:/Users/hp/Documents/Ansoft/)
        my_design
          [info] Import Native Bodies: Imported bodies have been scaled to model units. Please analyze the model. (11:16:09  juil. 18, 2026)
          [info] Accurate transparency rendering is disabled to avoid slow rendering performance. (11:16:15  juil. 18, 2026)
-- Message Window --
Stopping Batch Run: 11:21:25  juil. 18, 2026
e. Part named 'insolator' has been renamed to 'insolator_7'. (11:12:28  juil. 18, 2026)
          [info] 'insolator' is a duplicate name. Part named 'insolator' has been renamed to 'insolator_8'. (11:12:28  juil. 18, 2026)
          [info] 'insolator' is a duplicate name. Part named 'insolator' has been renamed to 'insolator_9'. (11:12:28  juil. 18, 2026)
          [info] 'insolator' is a duplicate name. Part named 'insolator' has been renamed to 'insolator_10'. (11:12:28  juil. 18, 2026)
          [info] 'insolator' is a duplicate name. Part named 'insolator' has been renamed to 'insolator_11'. (11:12:28  juil. 18, 2026)
          [info] 'insolator' is a duplicate name. Part named 'insolator' has been renamed to 'insolator_12'. (11:12:28  juil. 18, 2026)
          [info] 'insolator' is a duplicate name. Part named 'insolator' has been renamed to 'insolator_13'. (11:12:28  juil. 18, 2026)
          [info] 'insolator' is a duplicate name. Part named 'insolator' has been renamed to 'insolator_14'. (11:12:28  juil. 18, 2026)
          [info] 'insolator' is a duplicate name. Part named 'insolator' has been renamed to 'insolator_15'. (11:12:28  juil. 18, 2026)
          [info] 'insolator' is a duplicate name. Part named 'insolator' has been renamed to 'insolator_16'. (11:12:28  juil. 18, 2026)
          [info] 'insolator' is a duplicate name. Part named 'insolator' has been renamed to 'insolator_17'. (11:12:28  juil. 18, 2026)
          [info] 'insolator' is a duplicate name. Part named 'insolator' has been renamed to 'insolator_18'. (11:12:28  juil. 18, 2026)
          [info] 'insolator' is a duplicate name. Part named 'insolator' has been renamed to 'insolator_19'. (11:12:28  juil. 18, 2026)
          [info] 'insolator' is a duplicate name. Part named 'insolator' has been renamed to 'insolator_20'. (11:12:28  juil. 18, 2026)
          [info] 'insolator' is a duplicate name. Part named 'insolator' has been renamed to 'insolator_21'. (11:12:28  juil. 18, 2026)
          [info] 'insolator' is a duplicate name. Part named 'insolator' has been renamed to 'insolator_22'. (11:12:28  juil. 18, 2026)
          [info] 'insolator' is a duplicate name. Part named 'insolator' has been renamed to 'insolator_23'. (11:12:28  juil. 18, 2026)
          [info] 'insolator' is a duplicate name. Part named 'insolator' has been renamed to 'insolator_24'. (11:12:28  juil. 18, 2026)
          [info] 'insolator' is a duplicate name. Part named 'insolator' has been renamed to 'insolator_25'. (11:12:28  juil. 18, 2026)
          [info] 'insolator' is a duplicate name. Part named 'insolator' has been renamed to 'insolator_26'. (11:12:28  juil. 18, 2026)
          [info] 'insolator' is a duplicate name. Part named 'insolator' has been renamed to 'insolator_27'. (11:12:28  juil. 18, 2026)
          [info] 'insolator' is a duplicate name. Part named 'insolator' has been renamed to 'insolator_28'. (11:12:28  juil. 18, 2026)
          [info] 'insolator' is a duplicate name. Part named 'insolator' has been renamed to 'insolator_29'. (11:12:28  juil. 18, 2026)
          [info] 'insolator' is a duplicate name. Part named 'insolator' has been renamed to 'insolator_30'. (11:12:28  juil. 18, 2026)
          [info] 'insolator' is a duplicate name. Part named 'insolator' has been renamed to 'insolator_31'. (11:12:28  juil. 18, 2026)
          [info] 'insolator' is a duplicate name. Part named 'insolator' has been renamed to 'insolator_32'. (11:12:28  juil. 18, 2026)
          [info] 'insolator' is a duplicate name. Part named 'insolator' has been renamed to 'insolator_33'. (11:12:28  juil. 18, 2026)
          [info] 'insolator' is a duplicate name. Part named 'insolator' has been renamed to 'insolator_34'. (11:12:28  juil. 18, 2026)
          [info] 'insolator' is a duplicate name. Part named 'insolator' has been renamed to 'insolator_35'. (11:12:28  juil. 18, 2026)
          [info] 'insolator' is a duplicate name. Part named 'insolator' has been renamed to 'insolator_36'. (11:12:28  juil. 18, 2026)
          [info] 'insolator' is a duplicate name. Part named 'insolator' has been renamed to 'insolator_37'. (11:12:28  juil. 18, 2026)
          [info] 'insolator' is a duplicate name. Part named 'insolator' has been renamed to 'insolator_38'. (11:12:28  juil. 18, 2026)
          [info] 'insolator' is a duplicate name. Part named 'insolator' has been renamed to 'insolator_39'. (11:12:28  juil. 18, 2026)
          [info] 'insolator' is a duplicate name. Part named 'insolator' has been renamed to 'insolator_40'. (11:12:28  juil. 18, 2026)
          [info] 'insolator' is a duplicate name. Part named 'insolator' has been renamed to 'insolator_41'. (11:12:28  juil. 18, 2026)
          [info] 'insolator' is a duplicate name. Part named 'insolator' has been renamed to 'insolator_42'. (11:12:28  juil. 18, 2026)
          [info] 'insolator' is a duplicate name. Part named 'insolator' has been renamed to 'insolator_43'. (11:12:28  juil. 18, 2026)
          [info] 'insolator' is a duplicate name. Part named 'insolator' has been renamed to 'insolator_44'. (11:12:28  juil. 18, 2026)
          [info] 'insolator' is a duplicate name. Part named 'insolator' has been renamed to 'insolator_45'. (11:12:28  juil. 18, 2026)
          [info] 'insolator' is a duplicate name. Part named 'insolator' has been renamed to 'insolator_46'. (11:12:28  juil. 18, 2026)
          [info] Accurate transparency rendering is disabled to avoid slow rendering performance. (11:14:05  juil. 18, 2026)
-- Message Window --
Stopping Batch Run: 11:15:34  juil. 18, 2026
 
Ansys Electronics Desktop Version 2023.1.0, Build: 2022-11-20 22:10:41
Location: C:\Program Files\AnsysEM\v231\Win64\ansysedt.exe
Non Graphical Mode: No Project??
Starting Batch Run: 11:21:36  juil. 18, 2026
Running as user: SEIFPC\hp
Temp directory: C:\Users\hp\AppData\Local\Temp
Project directory: C:\Users\hp\Documents\Ansoft
[warning] Electronics Desktop has found a recovery file for an unsaved project : Project3.aedt.auto
Please choose one of the following actions for this file: 
 Yes: Open the recovery file. 
 No: Discard the recovery file.
 Cancel: Leave the recovery file on disk ( this prompt will reappear during the next application start) .
The project 'my_project' has been edited and/or solved. Do you want to save the changes?
-- Message Window --
      *Global - Messages
        [warning] Electronics Desktop has found a recovery file for an unsaved project : Project3.aedt.auto Please choose one of the following actions for this file:   Yes: Open the recovery file.   No: Discard the recovery file.  Cancel: Leave the recovery file on disk ( this prompt will reappear during the next application start) .
        [info] GRPC server running on port: 11345. 
        [info] The project 'my_project' has been edited and/or solved. Do you want to save the changes?
      my_project (C:/Users/hp/Documents/Ansoft/)
        my_design
          [info] Import Native Bodies: Imported bodies have been scaled to model units. Please analyze the model. (11:22:13  juil. 18, 2026)
          [info] 'pinsolator' is a duplicate name. Part named 'pinsolator' has been renamed to 'pinsolator_1'. (11:22:13  juil. 18, 2026)
          [info] 'pinsolator' is a duplicate name. Part named 'pinsolator' has been renamed to 'pinsolator_2'. (11:22:13  juil. 18, 2026)
          [info] 'pinsolator' is a duplicate name. Part named 'pinsolator' has been renamed to 'pinsolator_3'. (11:22:13  juil. 18, 2026)
          [info] 'pinsolator' is a duplicate name. Part named 'pinsolator' has been renamed to 'pinsolator_4'. (11:22:13  juil. 18, 2026)
          [info] 'sinsolator' is a duplicate name. Part named 'sinsolator' has been renamed to 'sinsolator_1'. (11:22:13  juil. 18, 2026)
          [info] 'pinsolator' is a duplicate name. Part named 'pinsolator' has been renamed to 'pinsolator_5'. (11:22:13  juil. 18, 2026)
          [info] 'pinsolator' is a duplicate name. Part named 'pinsolator' has been renamed to 'pinsolator_6'. (11:22:13  juil. 18, 2026)
          [info] 'pinsolator' is a duplicate name. Part named 'pinsolator' has been renamed to 'pinsolator_7'. (11:22:13  juil. 18, 2026)
          [info] 'pinsolator' is a duplicate name. Part named 'pinsolator' has been renamed to 'pinsolator_8'. (11:22:13  juil. 18, 2026)
          [info] 'pinsolator' is a duplicate name. Part named 'pinsolator' has been renamed to 'pinsolator_9'. (11:22:13  juil. 18, 2026)
          [info] 'pinsolator' is a duplicate name. Part named 'pinsolator' has been renamed to 'pinsolator_10'. (11:22:13  juil. 18, 2026)
          [info] 'pinsolator' is a duplicate name. Part named 'pinsolator' has been renamed to 'pinsolator_11'. (11:22:13  juil. 18, 2026)
          [info] 'pinsolator' is a duplicate name. Part named 'pinsolator' has been renamed to 'pinsolator_12'. (11:22:13  juil. 18, 2026)
          [info] 'pinsolator' is a duplicate name. Part named 'pinsolator' has been renamed to 'pinsolator_13'. (11:22:13  juil. 18, 2026)
          [info] 'pinsolator' is a duplicate name. Part named 'pinsolator' has been renamed to 'pinsolator_14'. (11:22:13  juil. 18, 2026)
          [info] 'pinsolator' is a duplicate name. Part named 'pinsolator' has been renamed to 'pinsolator_15'. (11:22:13  juil. 18, 2026)
          [info] 'pinsolator' is a duplicate name. Part named 'pinsolator' has been renamed to 'pinsolator_16'. (11:22:13  juil. 18, 2026)
          [info] 'pinsolator' is a duplicate name. Part named 'pinsolator' has been renamed to 'pinsolator_17'. (11:22:13  juil. 18, 2026)
          [info] 'pinsolator' is a duplicate name. Part named 'pinsolator' has been renamed to 'pinsolator_18'. (11:22:13  juil. 18, 2026)
          [info] 'pinsolator' is a duplicate name. Part named 'pinsolator' has been renamed to 'pinsolator_19'. (11:22:13  juil. 18, 2026)
          [info] 'pinsolator' is a duplicate name. Part named 'pinsolator' has been renamed to 'pinsolator_20'. (11:22:13  juil. 18, 2026)
          [info] 'pinsolator' is a duplicate name. Part named 'pinsolator' has been renamed to 'pinsolator_21'. (11:22:13  juil. 18, 2026)
          [info] 'pinsolator' is a duplicate name. Part named 'pinsolator' has been renamed to 'pinsolator_22'. (11:22:13  juil. 18, 2026)
          [info] 'pinsolator' is a duplicate name. Part named 'pinsolator' has been renamed to 'pinsolator_23'. (11:22:13  juil. 18, 2026)
          [info] 'pinsolator' is a duplicate name. Part named 'pinsolator' has been renamed to 'pinsolator_24'. (11:22:13  juil. 18, 2026)
          [info] 'sinsolator' is a duplicate name. Part named 'sinsolator' has been renamed to 'sinsolator_2'. (11:22:13  juil. 18, 2026)
          [info] 'sinsolator' is a duplicate name. Part named 'sinsolator' has been renamed to 'sinsolator_3'. (11:22:13  juil. 18, 2026)
          [info] 'sinsolator' is a duplicate name. Part named 'sinsolator' has been renamed to 'sinsolator_4'. (11:22:13  juil. 18, 2026)
          [info] 'sinsolator' is a duplicate name. Part named 'sinsolator' has been renamed to 'sinsolator_5'. (11:22:13  juil. 18, 2026)
          [info] 'sinsolator' is a duplicate name. Part named 'sinsolator' has been renamed to 'sinsolator_6'. (11:22:13  juil. 18, 2026)
          [info] 'sinsolator' is a duplicate name. Part named 'sinsolator' has been renamed to 'sinsolator_7'. (11:22:13  juil. 18, 2026)
          [info] 'sinsolator' is a duplicate name. Part named 'sinsolator' has been renamed to 'sinsolator_8'. (11:22:13  juil. 18, 2026)
          [info] 'sinsolator' is a duplicate name. Part named 'sinsolator' has been renamed to 'sinsolator_9'. (11:22:13  juil. 18, 2026)
          [info] 'sinsolator' is a duplicate name. Part named 'sinsolator' has been renamed to 'sinsolator_10'. (11:22:13  juil. 18, 2026)
          [info] 'sinsolator' is a duplicate name. Part named 'sinsolator' has been renamed to 'sinsolator_11'. (11:22:13  juil. 18, 2026)
          [info] 'sinsolator' is a duplicate name. Part named 'sinsolator' has been renamed to 'sinsolator_12'. (11:22:13  juil. 18, 2026)
          [info] 'sinsolator' is a duplicate name. Part named 'sinsolator' has been renamed to 'sinsolator_13'. (11:22:13  juil. 18, 2026)
          [info] 'sinsolator' is a duplicate name. Part named 'sinsolator' has been renamed to 'sinsolator_14'. (11:22:13  juil. 18, 2026)
          [info] 'sinsolator' is a duplicate name. Part named 'sinsolator' has been renamed to 'sinsolator_15'. (11:22:13  juil. 18, 2026)
          [info] 'sinsolator' is a duplicate name. Part named 'sinsolator' has been renamed to 'sinsolator_16'. (11:22:13  juil. 18, 2026)
          [info] 'sinsolator' is a duplicate name. Part named 'sinsolator' has been renamed to 'sinsolator_17'. (11:22:13  juil. 18, 2026)
          [info] 'sinsolator' is a duplicate name. Part named 'sinsolator' has been renamed to 'sinsolator_18'. (11:22:13  juil. 18, 2026)
          [info] 'sinsolator' is a duplicate name. Part named 'sinsolator' has been renamed to 'sinsolator_19'. (11:22:13  juil. 18, 2026)
          [info] 'sinsolator' is a duplicate name. Part named 'sinsolator' has been renamed to 'sinsolator_20'. (11:22:13  juil. 18, 2026)
          [info] 'sinsolator' is a duplicate name. Part named 'sinsolator' has been renamed to 'sinsolator_21'. (11:22:13  juil. 18, 2026)
          [info] Accurate transparency rendering is disabled to avoid slow rendering performance. (11:22:33  juil. 18, 2026)
-- Message Window --
Stopping Batch Run: 11:24:23  juil. 18, 2026
 
Ansys Electronics Desktop Version 2023.1.0, Build: 2022-11-20 22:10:41
Location: C:\Program Files\AnsysEM\v231\Win64\ansysedt.exe
Non Graphical Mode: No Project??
Starting Batch Run: 11:24:42  juil. 18, 2026
Running as user: SEIFPC\hp
Temp directory: C:\Users\hp\AppData\Local\Temp
Project directory: C:\Users\hp\Documents\Ansoft
[warning] Electronics Desktop has found a recovery file for an unsaved project : Project3.aedt.auto
Please choose one of the following actions for this file: 
 Yes: Open the recovery file. 
 No: Discard the recovery file.
 Cancel: Leave the recovery file on disk ( this prompt will reappear during the next application start) .
The project 'my_project' has been edited and/or solved. Do you want to save the changes?
-- Message Window --
      *Global - Messages
        [warning] Electronics Desktop has found a recovery file for an unsaved project : Project3.aedt.auto Please choose one of the following actions for this file:   Yes: Open the recovery file.   No: Discard the recovery file.  Cancel: Leave the recovery file on disk ( this prompt will reappear during the next application start) .
        [info] GRPC server running on port: 14106. 
        [info] The project 'my_project' has been edited and/or solved. Do you want to save the changes?
      my_project (C:/Users/hp/Documents/Ansoft/)
        my_design
          [info] Import Native Bodies: Imported bodies have been scaled to model units. Please analyze the model. (11:25:19  juil. 18, 2026)
          [info] 'pinsolator' is a duplicate name. Part named 'pinsolator' has been renamed to 'pinsolator_1'. (11:25:19  juil. 18, 2026)
          [info] 'pinsolator' is a duplicate name. Part named 'pinsolator' has been renamed to 'pinsolator_2'. (11:25:19  juil. 18, 2026)
          [info] 'pinsolator' is a duplicate name. Part named 'pinsolator' has been renamed to 'pinsolator_3'. (11:25:19  juil. 18, 2026)
          [info] 'pinsolator' is a duplicate name. Part named 'pinsolator' has been renamed to 'pinsolator_4'. (11:25:19  juil. 18, 2026)
          [info] 'sinsolator' is a duplicate name. Part named 'sinsolator' has been renamed to 'sinsolator_1'. (11:25:19  juil. 18, 2026)
          [info] 'pinsolator' is a duplicate name. Part named 'pinsolator' has been renamed to 'pinsolator_5'. (11:25:19  juil. 18, 2026)
          [info] 'pinsolator' is a duplicate name. Part named 'pinsolator' has been renamed to 'pinsolator_6'. (11:25:19  juil. 18, 2026)
          [info] 'pinsolator' is a duplicate name. Part named 'pinsolator' has been renamed to 'pinsolator_7'. (11:25:19  juil. 18, 2026)
          [info] 'pinsolator' is a duplicate name. Part named 'pinsolator' has been renamed to 'pinsolator_8'. (11:25:19  juil. 18, 2026)
          [info] 'pinsolator' is a duplicate name. Part named 'pinsolator' has been renamed to 'pinsolator_9'. (11:25:19  juil. 18, 2026)
          [info] 'pinsolator' is a duplicate name. Part named 'pinsolator' has been renamed to 'pinsolator_10'. (11:25:19  juil. 18, 2026)
          [info] 'pinsolator' is a duplicate name. Part named 'pinsolator' has been renamed to 'pinsolator_11'. (11:25:19  juil. 18, 2026)
          [info] 'pinsolator' is a duplicate name. Part named 'pinsolator' has been renamed to 'pinsolator_12'. (11:25:19  juil. 18, 2026)
          [info] 'pinsolator' is a duplicate name. Part named 'pinsolator' has been renamed to 'pinsolator_13'. (11:25:19  juil. 18, 2026)
          [info] 'pinsolator' is a duplicate name. Part named 'pinsolator' has been renamed to 'pinsolator_14'. (11:25:19  juil. 18, 2026)
          [info] 'pinsolator' is a duplicate name. Part named 'pinsolator' has been renamed to 'pinsolator_15'. (11:25:19  juil. 18, 2026)
          [info] 'pinsolator' is a duplicate name. Part named 'pinsolator' has been renamed to 'pinsolator_16'. (11:25:19  juil. 18, 2026)
          [info] 'pinsolator' is a duplicate name. Part named 'pinsolator' has been renamed to 'pinsolator_17'. (11:25:19  juil. 18, 2026)
          [info] 'pinsolator' is a duplicate name. Part named 'pinsolator' has been renamed to 'pinsolator_18'. (11:25:19  juil. 18, 2026)
          [info] 'pinsolator' is a duplicate name. Part named 'pinsolator' has been renamed to 'pinsolator_19'. (11:25:19  juil. 18, 2026)
          [info] 'pinsolator' is a duplicate name. Part named 'pinsolator' has been renamed to 'pinsolator_20'. (11:25:19  juil. 18, 2026)
          [info] 'pinsolator' is a duplicate name. Part named 'pinsolator' has been renamed to 'pinsolator_21'. (11:25:19  juil. 18, 2026)
          [info] 'pinsolator' is a duplicate name. Part named 'pinsolator' has been renamed to 'pinsolator_22'. (11:25:19  juil. 18, 2026)
          [info] 'pinsolator' is a duplicate name. Part named 'pinsolator' has been renamed to 'pinsolator_23'. (11:25:19  juil. 18, 2026)
          [info] 'pinsolator' is a duplicate name. Part named 'pinsolator' has been renamed to 'pinsolator_24'. (11:25:19  juil. 18, 2026)
          [info] 'sinsolator' is a duplicate name. Part named 'sinsolator' has been renamed to 'sinsolator_2'. (11:25:19  juil. 18, 2026)
          [info] 'sinsolator' is a duplicate name. Part named 'sinsolator' has been renamed to 'sinsolator_3'. (11:25:19  juil. 18, 2026)
          [info] 'sinsolator' is a duplicate name. Part named 'sinsolator' has been renamed to 'sinsolator_4'. (11:25:19  juil. 18, 2026)
          [info] 'sinsolator' is a duplicate name. Part named 'sinsolator' has been renamed to 'sinsolator_5'. (11:25:19  juil. 18, 2026)
          [info] 'sinsolator' is a duplicate name. Part named 'sinsolator' has been renamed to 'sinsolator_6'. (11:25:19  juil. 18, 2026)
          [info] 'sinsolator' is a duplicate name. Part named 'sinsolator' has been renamed to 'sinsolator_7'. (11:25:19  juil. 18, 2026)
          [info] 'sinsolator' is a duplicate name. Part named 'sinsolator' has been renamed to 'sinsolator_8'. (11:25:19  juil. 18, 2026)
          [info] 'sinsolator' is a duplicate name. Part named 'sinsolator' has been renamed to 'sinsolator_9'. (11:25:19  juil. 18, 2026)
          [info] 'sinsolator' is a duplicate name. Part named 'sinsolator' has been renamed to 'sinsolator_10'. (11:25:19  juil. 18, 2026)
          [info] 'sinsolator' is a duplicate name. Part named 'sinsolator' has been renamed to 'sinsolator_11'. (11:25:19  juil. 18, 2026)
          [info] 'sinsolator' is a duplicate name. Part named 'sinsolator' has been renamed to 'sinsolator_12'. (11:25:19  juil. 18, 2026)
          [info] 'sinsolator' is a duplicate name. Part named 'sinsolator' has been renamed to 'sinsolator_13'. (11:25:19  juil. 18, 2026)
          [info] 'sinsolator' is a duplicate name. Part named 'sinsolator' has been renamed to 'sinsolator_14'. (11:25:19  juil. 18, 2026)
          [info] 'sinsolator' is a duplicate name. Part named 'sinsolator' has been renamed to 'sinsolator_15'. (11:25:19  juil. 18, 2026)
          [info] 'sinsolator' is a duplicate name. Part named 'sinsolator' has been renamed to 'sinsolator_16'. (11:25:19  juil. 18, 2026)
          [info] 'sinsolator' is a duplicate name. Part named 'sinsolator' has been renamed to 'sinsolator_17'. (11:25:19  juil. 18, 2026)
          [info] 'sinsolator' is a duplicate name. Part named 'sinsolator' has been renamed to 'sinsolator_18'. (11:25:19  juil. 18, 2026)
          [info] 'sinsolator' is a duplicate name. Part named 'sinsolator' has been renamed to 'sinsolator_19'. (11:25:19  juil. 18, 2026)
          [info] 'sinsolator' is a duplicate name. Part named 'sinsolator' has been renamed to 'sinsolator_20'. (11:25:19  juil. 18, 2026)
          [info] 'sinsolator' is a duplicate name. Part named 'sinsolator' has been renamed to 'sinsolator_21'. (11:25:19  juil. 18, 2026)
          [info] Accurate transparency rendering is disabled to avoid slow rendering performance. (11:25:34  juil. 18, 2026)
-- Message Window --
Stopping Batch Run: 11:30:11  juil. 18, 2026
 
Ansys Electronics Desktop Version 2023.1.0, Build: 2022-11-20 22:10:41
Location: C:\Program Files\AnsysEM\v231\Win64\ansysedt.exe
Non Graphical Mode: No Project??
Starting Batch Run: 11:30:15  juil. 18, 2026
Running as user: SEIFPC\hp
Temp directory: C:\Users\hp\AppData\Local\Temp
Project directory: C:\Users\hp\Documents\Ansoft
[warning] Electronics Desktop has found a recovery file for an unsaved project : Project3.aedt.auto
Please choose one of the following actions for this file: 
 Yes: Open the recovery file. 
 No: Discard the recovery file.
 Cancel: Leave the recovery file on disk ( this prompt will reappear during the next application start) .
The project 'my_project' has been edited and/or solved. Do you want to save the changes?
-- Message Window --
      *Global - Messages
        [warning] Electronics Desktop has found a recovery file for an unsaved project : Project3.aedt.auto Please choose one of the following actions for this file:   Yes: Open the recovery file.   No: Discard the recovery file.  Cancel: Leave the recovery file on disk ( this prompt will reappear during the next application start) .
        [info] GRPC server running on port: 2601. 
        [info] The project 'my_project' has been edited and/or solved. Do you want to save the changes?
      my_project (C:/Users/hp/Documents/Ansoft/)
        my_design
          [info] Import Native Bodies: Imported bodies have been scaled to model units. Please analyze the model. (11:31:00  juil. 18, 2026)
          [info] 'pinsolator_0' is a duplicate name. Part named 'pinsolator_0' has been renamed to 'pinsolator_0_1'. (11:31:00  juil. 18, 2026)
          [info] 'pinsolator_0' is a duplicate name. Part named 'pinsolator_0' has been renamed to 'pinsolator_0_2'. (11:31:01  juil. 18, 2026)
          [info] 'pinsolator_0' is a duplicate name. Part named 'pinsolator_0' has been renamed to 'pinsolator_0_3'. (11:31:01  juil. 18, 2026)
          [info] 'pinsolator_0' is a duplicate name. Part named 'pinsolator_0' has been renamed to 'pinsolator_0_4'. (11:31:01  juil. 18, 2026)
          [info] 'pinsolator_1' is a duplicate name. Part named 'pinsolator_1' has been renamed to 'pinsolator_1_1'. (11:31:01  juil. 18, 2026)
          [info] 'pinsolator_1' is a duplicate name. Part named 'pinsolator_1' has been renamed to 'pinsolator_1_2'. (11:31:01  juil. 18, 2026)
          [info] 'pinsolator_1' is a duplicate name. Part named 'pinsolator_1' has been renamed to 'pinsolator_1_3'. (11:31:01  juil. 18, 2026)
          [info] 'pinsolator_1' is a duplicate name. Part named 'pinsolator_1' has been renamed to 'pinsolator_1_4'. (11:31:01  juil. 18, 2026)
          [info] 'pinsolator_2' is a duplicate name. Part named 'pinsolator_2' has been renamed to 'pinsolator_2_1'. (11:31:01  juil. 18, 2026)
          [info] 'pinsolator_2' is a duplicate name. Part named 'pinsolator_2' has been renamed to 'pinsolator_2_2'. (11:31:01  juil. 18, 2026)
          [info] 'pinsolator_2' is a duplicate name. Part named 'pinsolator_2' has been renamed to 'pinsolator_2_3'. (11:31:01  juil. 18, 2026)
          [info] 'pinsolator_2' is a duplicate name. Part named 'pinsolator_2' has been renamed to 'pinsolator_2_4'. (11:31:01  juil. 18, 2026)
          [info] 'pinsolator_3' is a duplicate name. Part named 'pinsolator_3' has been renamed to 'pinsolator_3_1'. (11:31:01  juil. 18, 2026)
          [info] 'pinsolator_3' is a duplicate name. Part named 'pinsolator_3' has been renamed to 'pinsolator_3_2'. (11:31:01  juil. 18, 2026)
          [info] 'pinsolator_3' is a duplicate name. Part named 'pinsolator_3' has been renamed to 'pinsolator_3_3'. (11:31:01  juil. 18, 2026)
          [info] 'pinsolator_3' is a duplicate name. Part named 'pinsolator_3' has been renamed to 'pinsolator_3_4'. (11:31:01  juil. 18, 2026)
          [info] 'pinsolator_4' is a duplicate name. Part named 'pinsolator_4' has been renamed to 'pinsolator_4_1'. (11:31:01  juil. 18, 2026)
          [info] 'pinsolator_4' is a duplicate name. Part named 'pinsolator_4' has been renamed to 'pinsolator_4_2'. (11:31:01  juil. 18, 2026)
          [info] 'pinsolator_4' is a duplicate name. Part named 'pinsolator_4' has been renamed to 'pinsolator_4_3'. (11:31:01  juil. 18, 2026)
          [info] 'pinsolator_4' is a duplicate name. Part named 'pinsolator_4' has been renamed to 'pinsolator_4_4'. (11:31:01  juil. 18, 2026)
          [info] 'sinsolator_0' is a duplicate name. Part named 'sinsolator_0' has been renamed to 'sinsolator_0_1'. (11:31:01  juil. 18, 2026)
          [info] 'sinsolator_0' is a duplicate name. Part named 'sinsolator_0' has been renamed to 'sinsolator_0_2'. (11:31:01  juil. 18, 2026)
          [info] 'sinsolator_0' is a duplicate name. Part named 'sinsolator_0' has been renamed to 'sinsolator_0_3'. (11:31:01  juil. 18, 2026)
          [info] 'sinsolator_0' is a duplicate name. Part named 'sinsolator_0' has been renamed to 'sinsolator_0_4'. (11:31:01  juil. 18, 2026)
          [info] 'sinsolator_0' is a duplicate name. Part named 'sinsolator_0' has been renamed to 'sinsolator_0_5'. (11:31:01  juil. 18, 2026)
          [info] 'sinsolator_0' is a duplicate name. Part named 'sinsolator_0' has been renamed to 'sinsolator_0_6'. (11:31:01  juil. 18, 2026)
          [info] 'sinsolator_0' is a duplicate name. Part named 'sinsolator_0' has been renamed to 'sinsolator_0_7'. (11:31:01  juil. 18, 2026)
          [info] 'sinsolator_0' is a duplicate name. Part named 'sinsolator_0' has been renamed to 'sinsolator_0_8'. (11:31:01  juil. 18, 2026)
          [info] 'sinsolator_0' is a duplicate name. Part named 'sinsolator_0' has been renamed to 'sinsolator_0_9'. (11:31:01  juil. 18, 2026)
          [info] 'sinsolator_0' is a duplicate name. Part named 'sinsolator_0' has been renamed to 'sinsolator_0_10'. (11:31:01  juil. 18, 2026)
          [info] 'sinsolator_1' is a duplicate name. Part named 'sinsolator_1' has been renamed to 'sinsolator_1_1'. (11:31:01  juil. 18, 2026)
          [info] 'sinsolator_1' is a duplicate name. Part named 'sinsolator_1' has been renamed to 'sinsolator_1_2'. (11:31:01  juil. 18, 2026)
          [info] 'sinsolator_1' is a duplicate name. Part named 'sinsolator_1' has been renamed to 'sinsolator_1_3'. (11:31:01  juil. 18, 2026)
          [info] 'sinsolator_1' is a duplicate name. Part named 'sinsolator_1' has been renamed to 'sinsolator_1_4'. (11:31:01  juil. 18, 2026)
          [info] 'sinsolator_1' is a duplicate name. Part named 'sinsolator_1' has been renamed to 'sinsolator_1_5'. (11:31:01  juil. 18, 2026)
          [info] 'sinsolator_1' is a duplicate name. Part named 'sinsolator_1' has been renamed to 'sinsolator_1_6'. (11:31:01  juil. 18, 2026)
          [info] 'sinsolator_1' is a duplicate name. Part named 'sinsolator_1' has been renamed to 'sinsolator_1_7'. (11:31:01  juil. 18, 2026)
          [info] 'sinsolator_1' is a duplicate name. Part named 'sinsolator_1' has been renamed to 'sinsolator_1_8'. (11:31:01  juil. 18, 2026)
          [info] 'sinsolator_1' is a duplicate name. Part named 'sinsolator_1' has been renamed to 'sinsolator_1_9'. (11:31:01  juil. 18, 2026)
          [info] 'sinsolator_1' is a duplicate name. Part named 'sinsolator_1' has been renamed to 'sinsolator_1_10'. (11:31:01  juil. 18, 2026)
-- Message Window --
Stopping Batch Run: 11:31:56  juil. 18, 2026
 
Ansys Electronics Desktop Version 2023.1.0, Build: 2022-11-20 22:10:41
Location: C:\Program Files\AnsysEM\v231\Win64\ansysedt.exe
Non Graphical Mode: No Project??
Starting Batch Run: 11:32:00  juil. 18, 2026
Running as user: SEIFPC\hp
Temp directory: C:\Users\hp\AppData\Local\Temp
Project directory: C:\Users\hp\Documents\Ansoft
[warning] Electronics Desktop has found a recovery file for an unsaved project : Project3.aedt.auto
Please choose one of the following actions for this file: 
 Yes: Open the recovery file. 
 No: Discard the recovery file.
 Cancel: Leave the recovery file on disk ( this prompt will reappear during the next application start) .
The project 'my_project' has been edited and/or solved. Do you want to save the changes?
-- Message Window --
      *Global - Messages
        [warning] Electronics Desktop has found a recovery file for an unsaved project : Project3.aedt.auto Please choose one of the following actions for this file:   Yes: Open the recovery file.   No: Discard the recovery file.  Cancel: Leave the recovery file on disk ( this prompt will reappear during the next application start) .
        [info] GRPC server running on port: 1756. 
        [info] The project 'my_project' has been edited and/or solved. Do you want to save the changes?
      my_project (C:/Users/hp/Documents/Ansoft/)
        my_design
          [info] Import Native Bodies: Imported bodies have been scaled to model units. Please analyze the model. (11:32:36  juil. 18, 2026)
          [info] 'pinsolator_0' is a duplicate name. Part named 'pinsolator_0' has been renamed to 'pinsolator_0_1'. (11:32:36  juil. 18, 2026)
          [info] 'pinsolator_0' is a duplicate name. Part named 'pinsolator_0' has been renamed to 'pinsolator_0_2'. (11:32:36  juil. 18, 2026)
          [info] 'pinsolator_0' is a duplicate name. Part named 'pinsolator_0' has been renamed to 'pinsolator_0_3'. (11:32:36  juil. 18, 2026)
          [info] 'pinsolator_0' is a duplicate name. Part named 'pinsolator_0' has been renamed to 'pinsolator_0_4'. (11:32:36  juil. 18, 2026)
          [info] 'pinsolator_1' is a duplicate name. Part named 'pinsolator_1' has been renamed to 'pinsolator_1_1'. (11:32:36  juil. 18, 2026)
          [info] 'pinsolator_1' is a duplicate name. Part named 'pinsolator_1' has been renamed to 'pinsolator_1_2'. (11:32:36  juil. 18, 2026)
          [info] 'pinsolator_1' is a duplicate name. Part named 'pinsolator_1' has been renamed to 'pinsolator_1_3'. (11:32:36  juil. 18, 2026)
          [info] 'pinsolator_1' is a duplicate name. Part named 'pinsolator_1' has been renamed to 'pinsolator_1_4'. (11:32:36  juil. 18, 2026)
          [info] 'pinsolator_2' is a duplicate name. Part named 'pinsolator_2' has been renamed to 'pinsolator_2_1'. (11:32:36  juil. 18, 2026)
          [info] 'pinsolator_2' is a duplicate name. Part named 'pinsolator_2' has been renamed to 'pinsolator_2_2'. (11:32:36  juil. 18, 2026)
          [info] 'pinsolator_2' is a duplicate name. Part named 'pinsolator_2' has been renamed to 'pinsolator_2_3'. (11:32:36  juil. 18, 2026)
          [info] 'pinsolator_2' is a duplicate name. Part named 'pinsolator_2' has been renamed to 'pinsolator_2_4'. (11:32:36  juil. 18, 2026)
          [info] 'pinsolator_3' is a duplicate name. Part named 'pinsolator_3' has been renamed to 'pinsolator_3_1'. (11:32:36  juil. 18, 2026)
          [info] 'pinsolator_3' is a duplicate name. Part named 'pinsolator_3' has been renamed to 'pinsolator_3_2'. (11:32:36  juil. 18, 2026)
          [info] 'pinsolator_3' is a duplicate name. Part named 'pinsolator_3' has been renamed to 'pinsolator_3_3'. (11:32:36  juil. 18, 2026)
          [info] 'pinsolator_3' is a duplicate name. Part named 'pinsolator_3' has been renamed to 'pinsolator_3_4'. (11:32:36  juil. 18, 2026)
          [info] 'pinsolator_4' is a duplicate name. Part named 'pinsolator_4' has been renamed to 'pinsolator_4_1'. (11:32:36  juil. 18, 2026)
          [info] 'pinsolator_4' is a duplicate name. Part named 'pinsolator_4' has been renamed to 'pinsolator_4_2'. (11:32:36  juil. 18, 2026)
          [info] 'pinsolator_4' is a duplicate name. Part named 'pinsolator_4' has been renamed to 'pinsolator_4_3'. (11:32:36  juil. 18, 2026)
          [info] 'pinsolator_4' is a duplicate name. Part named 'pinsolator_4' has been renamed to 'pinsolator_4_4'. (11:32:36  juil. 18, 2026)
          [info] 'sinsolator_0' is a duplicate name. Part named 'sinsolator_0' has been renamed to 'sinsolator_0_1'. (11:32:36  juil. 18, 2026)
          [info] 'sinsolator_0' is a duplicate name. Part named 'sinsolator_0' has been renamed to 'sinsolator_0_2'. (11:32:36  juil. 18, 2026)
          [info] 'sinsolator_0' is a duplicate name. Part named 'sinsolator_0' has been renamed to 'sinsolator_0_3'. (11:32:36  juil. 18, 2026)
          [info] 'sinsolator_0' is a duplicate name. Part named 'sinsolator_0' has been renamed to 'sinsolator_0_4'. (11:32:36  juil. 18, 2026)
          [info] 'sinsolator_0' is a duplicate name. Part named 'sinsolator_0' has been renamed to 'sinsolator_0_5'. (11:32:36  juil. 18, 2026)
          [info] 'sinsolator_0' is a duplicate name. Part named 'sinsolator_0' has been renamed to 'sinsolator_0_6'. (11:32:36  juil. 18, 2026)
          [info] 'sinsolator_0' is a duplicate name. Part named 'sinsolator_0' has been renamed to 'sinsolator_0_7'. (11:32:36  juil. 18, 2026)
          [info] 'sinsolator_0' is a duplicate name. Part named 'sinsolator_0' has been renamed to 'sinsolator_0_8'. (11:32:36  juil. 18, 2026)
          [info] 'sinsolator_0' is a duplicate name. Part named 'sinsolator_0' has been renamed to 'sinsolator_0_9'. (11:32:36  juil. 18, 2026)
          [info] 'sinsolator_0' is a duplicate name. Part named 'sinsolator_0' has been renamed to 'sinsolator_0_10'. (11:32:36  juil. 18, 2026)
          [info] 'sinsolator_1' is a duplicate name. Part named 'sinsolator_1' has been renamed to 'sinsolator_1_1'. (11:32:36  juil. 18, 2026)
          [info] 'sinsolator_1' is a duplicate name. Part named 'sinsolator_1' has been renamed to 'sinsolator_1_2'. (11:32:36  juil. 18, 2026)
          [info] 'sinsolator_1' is a duplicate name. Part named 'sinsolator_1' has been renamed to 'sinsolator_1_3'. (11:32:36  juil. 18, 2026)
          [info] 'sinsolator_1' is a duplicate name. Part named 'sinsolator_1' has been renamed to 'sinsolator_1_4'. (11:32:36  juil. 18, 2026)
          [info] 'sinsolator_1' is a duplicate name. Part named 'sinsolator_1' has been renamed to 'sinsolator_1_5'. (11:32:36  juil. 18, 2026)
          [info] 'sinsolator_1' is a duplicate name. Part named 'sinsolator_1' has been renamed to 'sinsolator_1_6'. (11:32:36  juil. 18, 2026)
          [info] 'sinsolator_1' is a duplicate name. Part named 'sinsolator_1' has been renamed to 'sinsolator_1_7'. (11:32:36  juil. 18, 2026)
          [info] 'sinsolator_1' is a duplicate name. Part named 'sinsolator_1' has been renamed to 'sinsolator_1_8'. (11:32:36  juil. 18, 2026)
          [info] 'sinsolator_1' is a duplicate name. Part named 'sinsolator_1' has been renamed to 'sinsolator_1_9'. (11:32:36  juil. 18, 2026)
          [info] 'sinsolator_1' is a duplicate name. Part named 'sinsolator_1' has been renamed to 'sinsolator_1_10'. (11:32:36  juil. 18, 2026)
-- Message Window --
Stopping Batch Run: 11:33:48  juil. 18, 2026
 
Ansys Electronics Desktop Version 2023.1.0, Build: 2022-11-20 22:10:41
Location: C:\Program Files\AnsysEM\v231\Win64\ansysedt.exe
Non Graphical Mode: No Project??
Starting Batch Run: 11:33:52  juil. 18, 2026
Running as user: SEIFPC\hp
Temp directory: C:\Users\hp\AppData\Local\Temp
Project directory: C:\Users\hp\Documents\Ansoft
[warning] Electronics Desktop has found a recovery file for an unsaved project : Project3.aedt.auto
Please choose one of the following actions for this file: 
 Yes: Open the recovery file. 
 No: Discard the recovery file.
 Cancel: Leave the recovery file on disk ( this prompt will reappear during the next application start) .
The project 'my_project' has been edited and/or solved. Do you want to save the changes?
-- Message Window --
      *Global - Messages
        [warning] Electronics Desktop has found a recovery file for an unsaved project : Project3.aedt.auto Please choose one of the following actions for this file:   Yes: Open the recovery file.   No: Discard the recovery file.  Cancel: Leave the recovery file on disk ( this prompt will reappear during the next application start) .
        [info] GRPC server running on port: 11438. 
        [info] The project 'my_project' has been edited and/or solved. Do you want to save the changes?
      my_project (C:/Users/hp/Documents/Ansoft/)
        my_design
          [info] Import Native Bodies: Imported bodies have been scaled to model units. Please analyze the model. (11:34:36  juil. 18, 2026)
          [info] 'pinsolator_0' is a duplicate name. Part named 'pinsolator_0' has been renamed to 'pinsolator_0_1'. (11:34:36  juil. 18, 2026)
          [info] 'pinsolator_0' is a duplicate name. Part named 'pinsolator_0' has been renamed to 'pinsolator_0_2'. (11:34:36  juil. 18, 2026)
          [info] 'pinsolator_0' is a duplicate name. Part named 'pinsolator_0' has been renamed to 'pinsolator_0_3'. (11:34:36  juil. 18, 2026)
          [info] 'pinsolator_0' is a duplicate name. Part named 'pinsolator_0' has been renamed to 'pinsolator_0_4'. (11:34:36  juil. 18, 2026)
          [info] 'pinsolator_1' is a duplicate name. Part named 'pinsolator_1' has been renamed to 'pinsolator_1_1'. (11:34:36  juil. 18, 2026)
          [info] 'pinsolator_1' is a duplicate name. Part named 'pinsolator_1' has been renamed to 'pinsolator_1_2'. (11:34:36  juil. 18, 2026)
          [info] 'pinsolator_1' is a duplicate name. Part named 'pinsolator_1' has been renamed to 'pinsolator_1_3'. (11:34:36  juil. 18, 2026)
          [info] 'pinsolator_1' is a duplicate name. Part named 'pinsolator_1' has been renamed to 'pinsolator_1_4'. (11:34:36  juil. 18, 2026)
          [info] 'pinsolator_2' is a duplicate name. Part named 'pinsolator_2' has been renamed to 'pinsolator_2_1'. (11:34:36  juil. 18, 2026)
          [info] 'pinsolator_2' is a duplicate name. Part named 'pinsolator_2' has been renamed to 'pinsolator_2_2'. (11:34:36  juil. 18, 2026)
          [info] 'pinsolator_2' is a duplicate name. Part named 'pinsolator_2' has been renamed to 'pinsolator_2_3'. (11:34:36  juil. 18, 2026)
          [info] 'pinsolator_2' is a duplicate name. Part named 'pinsolator_2' has been renamed to 'pinsolator_2_4'. (11:34:36  juil. 18, 2026)
          [info] 'pinsolator_3' is a duplicate name. Part named 'pinsolator_3' has been renamed to 'pinsolator_3_1'. (11:34:36  juil. 18, 2026)
          [info] 'pinsolator_3' is a duplicate name. Part named 'pinsolator_3' has been renamed to 'pinsolator_3_2'. (11:34:36  juil. 18, 2026)
          [info] 'pinsolator_3' is a duplicate name. Part named 'pinsolator_3' has been renamed to 'pinsolator_3_3'. (11:34:36  juil. 18, 2026)
          [info] 'pinsolator_3' is a duplicate name. Part named 'pinsolator_3' has been renamed to 'pinsolator_3_4'. (11:34:36  juil. 18, 2026)
          [info] 'pinsolator_4' is a duplicate name. Part named 'pinsolator_4' has been renamed to 'pinsolator_4_1'. (11:34:36  juil. 18, 2026)
          [info] 'pinsolator_4' is a duplicate name. Part named 'pinsolator_4' has been renamed to 'pinsolator_4_2'. (11:34:36  juil. 18, 2026)
          [info] 'pinsolator_4' is a duplicate name. Part named 'pinsolator_4' has been renamed to 'pinsolator_4_3'. (11:34:36  juil. 18, 2026)
          [info] 'pinsolator_4' is a duplicate name. Part named 'pinsolator_4' has been renamed to 'pinsolator_4_4'. (11:34:36  juil. 18, 2026)
          [info] 'sinsolator_0' is a duplicate name. Part named 'sinsolator_0' has been renamed to 'sinsolator_0_1'. (11:34:36  juil. 18, 2026)
          [info] 'sinsolator_0' is a duplicate name. Part named 'sinsolator_0' has been renamed to 'sinsolator_0_2'. (11:34:36  juil. 18, 2026)
          [info] 'sinsolator_0' is a duplicate name. Part named 'sinsolator_0' has been renamed to 'sinsolator_0_3'. (11:34:36  juil. 18, 2026)
          [info] 'sinsolator_0' is a duplicate name. Part named 'sinsolator_0' has been renamed to 'sinsolator_0_4'. (11:34:36  juil. 18, 2026)
          [info] 'sinsolator_0' is a duplicate name. Part named 'sinsolator_0' has been renamed to 'sinsolator_0_5'. (11:34:36  juil. 18, 2026)
          [info] 'sinsolator_0' is a duplicate name. Part named 'sinsolator_0' has been renamed to 'sinsolator_0_6'. (11:34:36  juil. 18, 2026)
          [info] 'sinsolator_0' is a duplicate name. Part named 'sinsolator_0' has been renamed to 'sinsolator_0_7'. (11:34:36  juil. 18, 2026)
          [info] 'sinsolator_0' is a duplicate name. Part named 'sinsolator_0' has been renamed to 'sinsolator_0_8'. (11:34:36  juil. 18, 2026)
          [info] 'sinsolator_0' is a duplicate name. Part named 'sinsolator_0' has been renamed to 'sinsolator_0_9'. (11:34:36  juil. 18, 2026)
          [info] 'sinsolator_0' is a duplicate name. Part named 'sinsolator_0' has been renamed to 'sinsolator_0_10'. (11:34:36  juil. 18, 2026)
          [info] 'sinsolator_1' is a duplicate name. Part named 'sinsolator_1' has been renamed to 'sinsolator_1_1'. (11:34:36  juil. 18, 2026)
          [info] 'sinsolator_1' is a duplicate name. Part named 'sinsolator_1' has been renamed to 'sinsolator_1_2'. (11:34:36  juil. 18, 2026)
          [info] 'sinsolator_1' is a duplicate name. Part named 'sinsolator_1' has been renamed to 'sinsolator_1_3'. (11:34:36  juil. 18, 2026)
          [info] 'sinsolator_1' is a duplicate name. Part named 'sinsolator_1' has been renamed to 'sinsolator_1_4'. (11:34:36  juil. 18, 2026)
          [info] 'sinsolator_1' is a duplicate name. Part named 'sinsolator_1' has been renamed to 'sinsolator_1_5'. (11:34:36  juil. 18, 2026)
          [info] 'sinsolator_1' is a duplicate name. Part named 'sinsolator_1' has been renamed to 'sinsolator_1_6'. (11:34:36  juil. 18, 2026)
          [info] 'sinsolator_1' is a duplicate name. Part named 'sinsolator_1' has been renamed to 'sinsolator_1_7'. (11:34:36  juil. 18, 2026)
          [info] 'sinsolator_1' is a duplicate name. Part named 'sinsolator_1' has been renamed to 'sinsolator_1_8'. (11:34:36  juil. 18, 2026)
          [info] 'sinsolator_1' is a duplicate name. Part named 'sinsolator_1' has been renamed to 'sinsolator_1_9'. (11:34:36  juil. 18, 2026)
          [info] 'sinsolator_1' is a duplicate name. Part named 'sinsolator_1' has been renamed to 'sinsolator_1_10'. (11:34:36  juil. 18, 2026)
-- Message Window --
Stopping Batch Run: 11:44:35  juil. 18, 2026
 
Ansys Electronics Desktop Version 2023.1.0, Build: 2022-11-20 22:10:41
Location: C:\Program Files\AnsysEM\v231\Win64\ansysedt.exe
Non Graphical Mode: No Project??
Starting Batch Run: 11:44:39  juil. 18, 2026
Running as user: SEIFPC\hp
Temp directory: C:\Users\hp\AppData\Local\Temp
Project directory: C:\Users\hp\Documents\Ansoft
[warning] Electronics Desktop has found a recovery file for an unsaved project : Project3.aedt.auto
Please choose one of the following actions for this file: 
 Yes: Open the recovery file. 
 No: Discard the recovery file.
 Cancel: Leave the recovery file on disk ( this prompt will reappear during the next application start) .
The project 'my_project' has been edited and/or solved. Do you want to save the changes?
-- Message Window --
      *Global - Messages
        [warning] Electronics Desktop has found a recovery file for an unsaved project : Project3.aedt.auto Please choose one of the following actions for this file:   Yes: Open the recovery file.   No: Discard the recovery file.  Cancel: Leave the recovery file on disk ( this prompt will reappear during the next application start) .
        [info] GRPC server running on port: 13438. 
        [info] The project 'my_project' has been edited and/or solved. Do you want to save the changes?
      my_project (C:/Users/hp/Documents/Ansoft/)
        my_design
          [info] Import Native Bodies: Imported bodies have been scaled to model units. Please analyze the model. (11:45:15  juil. 18, 2026)
          [info] 'pinsolator_0' is a duplicate name. Part named 'pinsolator_0' has been renamed to 'pinsolator_0_1'. (11:45:15  juil. 18, 2026)
          [info] 'pinsolator_0' is a duplicate name. Part named 'pinsolator_0' has been renamed to 'pinsolator_0_2'. (11:45:15  juil. 18, 2026)
          [info] 'pinsolator_0' is a duplicate name. Part named 'pinsolator_0' has been renamed to 'pinsolator_0_3'. (11:45:15  juil. 18, 2026)
          [info] 'pinsolator_0' is a duplicate name. Part named 'pinsolator_0' has been renamed to 'pinsolator_0_4'. (11:45:15  juil. 18, 2026)
          [info] 'pinsolator_1' is a duplicate name. Part named 'pinsolator_1' has been renamed to 'pinsolator_1_1'. (11:45:15  juil. 18, 2026)
          [info] 'pinsolator_1' is a duplicate name. Part named 'pinsolator_1' has been renamed to 'pinsolator_1_2'. (11:45:15  juil. 18, 2026)
          [info] 'pinsolator_1' is a duplicate name. Part named 'pinsolator_1' has been renamed to 'pinsolator_1_3'. (11:45:15  juil. 18, 2026)
          [info] 'pinsolator_1' is a duplicate name. Part named 'pinsolator_1' has been renamed to 'pinsolator_1_4'. (11:45:15  juil. 18, 2026)
          [info] 'pinsolator_2' is a duplicate name. Part named 'pinsolator_2' has been renamed to 'pinsolator_2_1'. (11:45:15  juil. 18, 2026)
          [info] 'pinsolator_2' is a duplicate name. Part named 'pinsolator_2' has been renamed to 'pinsolator_2_2'. (11:45:15  juil. 18, 2026)
          [info] 'pinsolator_2' is a duplicate name. Part named 'pinsolator_2' has been renamed to 'pinsolator_2_3'. (11:45:15  juil. 18, 2026)
          [info] 'pinsolator_2' is a duplicate name. Part named 'pinsolator_2' has been renamed to 'pinsolator_2_4'. (11:45:15  juil. 18, 2026)
          [info] 'pinsolator_3' is a duplicate name. Part named 'pinsolator_3' has been renamed to 'pinsolator_3_1'. (11:45:15  juil. 18, 2026)
          [info] 'pinsolator_3' is a duplicate name. Part named 'pinsolator_3' has been renamed to 'pinsolator_3_2'. (11:45:15  juil. 18, 2026)
          [info] 'pinsolator_3' is a duplicate name. Part named 'pinsolator_3' has been renamed to 'pinsolator_3_3'. (11:45:15  juil. 18, 2026)
          [info] 'pinsolator_3' is a duplicate name. Part named 'pinsolator_3' has been renamed to 'pinsolator_3_4'. (11:45:15  juil. 18, 2026)
          [info] 'pinsolator_4' is a duplicate name. Part named 'pinsolator_4' has been renamed to 'pinsolator_4_1'. (11:45:15  juil. 18, 2026)
          [info] 'pinsolator_4' is a duplicate name. Part named 'pinsolator_4' has been renamed to 'pinsolator_4_2'. (11:45:15  juil. 18, 2026)
          [info] 'pinsolator_4' is a duplicate name. Part named 'pinsolator_4' has been renamed to 'pinsolator_4_3'. (11:45:15  juil. 18, 2026)
          [info] 'pinsolator_4' is a duplicate name. Part named 'pinsolator_4' has been renamed to 'pinsolator_4_4'. (11:45:15  juil. 18, 2026)
          [info] 'sinsolator_0' is a duplicate name. Part named 'sinsolator_0' has been renamed to 'sinsolator_0_1'. (11:45:15  juil. 18, 2026)
          [info] 'sinsolator_0' is a duplicate name. Part named 'sinsolator_0' has been renamed to 'sinsolator_0_2'. (11:45:15  juil. 18, 2026)
          [info] 'sinsolator_0' is a duplicate name. Part named 'sinsolator_0' has been renamed to 'sinsolator_0_3'. (11:45:15  juil. 18, 2026)
          [info] 'sinsolator_0' is a duplicate name. Part named 'sinsolator_0' has been renamed to 'sinsolator_0_4'. (11:45:15  juil. 18, 2026)
          [info] 'sinsolator_0' is a duplicate name. Part named 'sinsolator_0' has been renamed to 'sinsolator_0_5'. (11:45:15  juil. 18, 2026)
          [info] 'sinsolator_0' is a duplicate name. Part named 'sinsolator_0' has been renamed to 'sinsolator_0_6'. (11:45:15  juil. 18, 2026)
          [info] 'sinsolator_0' is a duplicate name. Part named 'sinsolator_0' has been renamed to 'sinsolator_0_7'. (11:45:15  juil. 18, 2026)
          [info] 'sinsolator_0' is a duplicate name. Part named 'sinsolator_0' has been renamed to 'sinsolator_0_8'. (11:45:15  juil. 18, 2026)
          [info] 'sinsolator_0' is a duplicate name. Part named 'sinsolator_0' has been renamed to 'sinsolator_0_9'. (11:45:15  juil. 18, 2026)
          [info] 'sinsolator_0' is a duplicate name. Part named 'sinsolator_0' has been renamed to 'sinsolator_0_10'. (11:45:15  juil. 18, 2026)
          [info] 'sinsolator_1' is a duplicate name. Part named 'sinsolator_1' has been renamed to 'sinsolator_1_1'. (11:45:15  juil. 18, 2026)
          [info] 'sinsolator_1' is a duplicate name. Part named 'sinsolator_1' has been renamed to 'sinsolator_1_2'. (11:45:15  juil. 18, 2026)
          [info] 'sinsolator_1' is a duplicate name. Part named 'sinsolator_1' has been renamed to 'sinsolator_1_3'. (11:45:15  juil. 18, 2026)
          [info] 'sinsolator_1' is a duplicate name. Part named 'sinsolator_1' has been renamed to 'sinsolator_1_4'. (11:45:15  juil. 18, 2026)
          [info] 'sinsolator_1' is a duplicate name. Part named 'sinsolator_1' has been renamed to 'sinsolator_1_5'. (11:45:15  juil. 18, 2026)
          [info] 'sinsolator_1' is a duplicate name. Part named 'sinsolator_1' has been renamed to 'sinsolator_1_6'. (11:45:15  juil. 18, 2026)
          [info] 'sinsolator_1' is a duplicate name. Part named 'sinsolator_1' has been renamed to 'sinsolator_1_7'. (11:45:15  juil. 18, 2026)
          [info] 'sinsolator_1' is a duplicate name. Part named 'sinsolator_1' has been renamed to 'sinsolator_1_8'. (11:45:15  juil. 18, 2026)
          [info] 'sinsolator_1' is a duplicate name. Part named 'sinsolator_1' has been renamed to 'sinsolator_1_9'. (11:45:15  juil. 18, 2026)
          [info] 'sinsolator_1' is a duplicate name. Part named 'sinsolator_1' has been renamed to 'sinsolator_1_10'. (11:45:15  juil. 18, 2026)
-- Message Window --
Stopping Batch Run: 11:50:03  juil. 18, 2026
 
Ansys Electronics Desktop Version 2023.1.0, Build: 2022-11-20 22:10:41
Location: C:\Program Files\AnsysEM\v231\Win64\ansysedt.exe
Non Graphical Mode: No Project??
Starting Batch Run: 11:53:27  juil. 18, 2026
Running as user: SEIFPC\hp
Temp directory: C:\Users\hp\AppData\Local\Temp
Project directory: C:\Users\hp\Documents\Ansoft
[warning] Electronics Desktop has found a recovery file for an unsaved project : Project3.aedt.auto
Please choose one of the following actions for this file: 
 Yes: Open the recovery file. 
 No: Discard the recovery file.
 Cancel: Leave the recovery file on disk ( this prompt will reappear during the next application start) .
The project 'my_project' has been edited and/or solved. Do you want to save the changes?
-- Message Window --
      *Global - Messages
        [warning] Electronics Desktop has found a recovery file for an unsaved project : Project3.aedt.auto Please choose one of the following actions for this file:   Yes: Open the recovery file.   No: Discard the recovery file.  Cancel: Leave the recovery file on disk ( this prompt will reappear during the next application start) .
        [info] GRPC server running on port: 4756. 
        [info] The project 'my_project' has been edited and/or solved. Do you want to save the changes?
      my_project (C:/Users/hp/Documents/Ansoft/)
        my_design
          [info] Import Native Bodies: Imported bodies hav-- Message Window --
      *Global - Messages
        [warning] Electronics Desktop has found a recovery file for an unsaved project : Project3.aedt.auto Please choose one of the following actions for this file:   Yes: Open the recovery file.   No: Discard the recovery file.  Cancel: Leave the recovery file on disk ( this prompt will reappear during the next application start) .
        [info] GRPC server running on port: 2531. 
        [info] The project 'my_project' has been edited and/or solved. Do you want to save the changes?
      my_project (C:/Users/hp/Documents/Ansoft/)
        my_design
          [info] Import Native Bodies: Imported bodies have been scaled to model units. Please analyze the model. (11:56:04  juil. 18, 2026)
          [info] 'pinsolator_0' is a duplicate name. Part named 'pinsolator_0' has been renamed to 'pinsolator_0_1'. (11:56:04  juil. 18, 2026)
          [info] 'pinsolator_0' is a duplicate name. Part named 'pinsolator_0' has been renamed to 'pinsolator_0_2'. (11:56:04  juil. 18, 2026)
          [info] 'pinsolator_0' is a duplicate name. Part named 'pinsolator_0' has been renamed to 'pinsolator_0_3'. (11:56:04  juil. 18, 2026)
          [info] 'pinsolator_0' is a duplicate name. Part named 'pinsolator_0' has been renamed to 'pinsolator_0_4'. (11:56:04  juil. 18, 2026)
          [info] 'pinsolator_1' is a duplicate name. Part named 'pinsolator_1' has been renamed to 'pinsolator_1_1'. (11:56:04  juil. 18, 2026)
          [info] 'pinsolator_1' is a duplicate name. Part named 'pinsolator_1' has been renamed to 'pinsolator_1_2'. (11:56:04  juil. 18, 2026)
          [info] 'pinsolator_1' is a duplicate name. Part named 'pinsolator_1' has been renamed to 'pinsolator_1_3'. (11:56:04  juil. 18, 2026)
          [info] 'pinsolator_1' is a duplicate name. Part named 'pinsolator_1' has been renamed to 'pinsolator_1_4'. (11:56:04  juil. 18, 2026)
          [info] 'pinsolator_2' is a duplicate name. Part named 'pinsolator_2' has been renamed to 'pinsolator_2_1'. (11:56:04  juil. 18, 2026)
          [info] 'pinsolator_2' is a duplicate name. Part named 'pinsolator_2' has been renamed to 'pinsolator_2_2'. (11:56:04  juil. 18, 2026)
          [info] 'pinsolator_2' is a duplicate name. Part named 'pinsolator_2' has been renamed to 'pinsolator_2_3'. (11:56:04  juil. 18, 2026)
          [info] 'pinsolator_2' is a duplicate name. Part named 'pinsolator_2' has been renamed to 'pinsolator_2_4'. (11:56:04  juil. 18, 2026)
          [info] 'pinsolator_3' is a duplicate name. Part named 'pinsolator_3' has been renamed to 'pinsolator_3_1'. (11:56:04  juil. 18, 2026)
          [info] 'pinsolator_3' is a duplicate name. Part named 'pinsolator_3' has been renamed to 'pinsolator_3_2'. (11:56:04  juil. 18, 2026)
          [info] 'pinsolator_3' is a duplicate name. Part named 'pinsolator_3' has been renamed to 'pinsolator_3_3'. (11:56:04  juil. 18, 2026)
          [info] 'pinsolator_3' is a duplicate name. Part named 'pinsolator_3' has been renamed to 'pinsolator_3_4'. (11:56:04  juil. 18, 2026)
          [info] 'pinsolator_4' is a duplicate name. Part named 'pinsolator_4' has been renamed to 'pinsolator_4_1'. (11:56:04  juil. 18, 2026)
          [info] 'pinsolator_4' is a duplicate name. Part named 'pinsolator_4' has been renamed to 'pinsolator_4_2'. (11:56:04  juil. 18, 2026)
          [info] 'pinsolator_4' is a duplicate name. Part named 'pinsolator_4' has been renamed to 'pinsolator_4_3'. (11:56:04  juil. 18, 2026)
          [info] 'pinsolator_4' is a duplicate name. Part named 'pinsolator_4' has been renamed to 'pinsolator_4_4'. (11:56:04  juil. 18, 2026)
          [info] 'sinsolator_0' is a duplicate name. Part named 'sinsolator_0' has been renamed to 'sinsolator_0_1'. (11:56:04  juil. 18, 2026)
          [info] 'sinsolator_0' is a duplicate name. Part named 'sinsolator_0' has been renamed to 'sinsolator_0_2'. (11:56:04  juil. 18, 2026)
          [info] 'sinsolator_0' is a duplicate name. Part named 'sinsolator_0' has been renamed to 'sinsolator_0_3'. (11:56:04  juil. 18, 2026)
          [info] 'sinsolator_0' is a duplicate name. Part named 'sinsolator_0' has been renamed to 'sinsolator_0_4'. (11:56:04  juil. 18, 2026)
          [info] 'sinsolator_0' is a duplicate name. Part named 'sinsolator_0' has been renamed to 'sinsolator_0_5'. (11:56:04  juil. 18, 2026)
          [info] 'sinsolator_0' is a duplicate name. Part named 'sinsolator_0' has been renamed to 'sinsolator_0_6'. (11:56:04  juil. 18, 2026)
          [info] 'sinsolator_0' is a duplicate name. Part named 'sinsolator_0' has been renamed to 'sinsolator_0_7'. (11:56:04  juil. 18, 2026)
          [info] 'sinsolator_0' is a duplicate name. Part named 'sinsolator_0' has been renamed to 'sinsolator_0_8'. (11:56:04  juil. 18, 2026)
          [info] 'sinsolator_0' is a duplicate name. Part named 'sinsolator_0' has been renamed to 'sinsolator_0_9'. (11:56:04  juil. 18, 2026)
          [info] 'sinsolator_0' is a duplicate name. Part named 'sinsolator_0' has been renamed to 'sinsolator_0_10'. (11:56:04  juil. 18, 2026)
          [info] 'sinsolator_1' is a duplicate name. Part named 'sinsolator_1' has been renamed to 'sinsolator_1_1'. (11:56:04  juil. 18, 2026)
          [info] 'sinsolator_1' is a duplicate name. Part named 'sinsolator_1' has been renamed to 'sinsolator_1_2'. (11:56:04  juil. 18, 2026)
          [info] 'sinsolator_1' is a duplicate name. Part named 'sinsolator_1' has been renamed to 'sinsolator_1_3'. (11:56:04  juil. 18, 2026)
          [info] 'sinsolator_1' is a duplicate name. Part named 'sinsolator_1' has been renamed to 'sinsolator_1_4'. (11:56:04  juil. 18, 2026)
          [info] 'sinsolator_1' is a duplicate name. Part named 'sinsolator_1' has been renamed to 'sinsolator_1_5'. (11:56:04  juil. 18, 2026)
          [info] 'sinsolator_1' is a duplicate name. Part named 'sinsolator_1' has been renamed to 'sinsolator_1_6'. (11:56:04  juil. 18, 2026)
          [info] 'sinsolator_1' is a duplicate name. Part naStopping Batch Run: 11:57:12  juil. 18, 2026
ator_1_7'. (11:56:04  juil. 18, 2026)
          [info] 'sinsolator_1' is a duplicate name. Part named 'sinsolator_1' has been renamed to 'sinsolator_1_8'. (11:56:05  juil. 18, 2026)
          [info] 'sinsolator_1' is a duplicate name. Part named 'sinsolator_1' has been renamed to 'sinsolator_1_9'. (11:56:05  juil. 18, 2026)
          [info] 'sinsolator_1' is a duplicate name. Part named 'sinsolator_1' has been renamed to 'sinsolator_1_10'. (11:56:05  juil. 18, 2026)
-- Message Window --
Stopping Batch Run: 11:57:13  juil. 18, 2026
 
Ansys Electronics Desktop Version 2023.1.0, Build: 2022-11-20 22:10:41
Location: C:\Program Files\AnsysEM\v231\Win64\ansysedt.exe
Non Graphical Mode: No Project??
Starting Batch Run: 11:57:17  juil. 18, 2026
Running as user: SEIFPC\hp
Temp directory: C:\Users\hp\AppData\Local\Temp
Project directory: C:\Users\hp\Documents\Ansoft
[warning] Electronics Desktop has found a recovery file for an unsaved project : Project3.aedt.auto
Please choose one of the following actions for this file: 
 Yes: Open the recovery file. 
 No: Discard the recovery file.
 Cancel: Leave the recovery file on disk ( this prompt will reappear during the next application start) .
The project 'my_project' has been edited and/or solved. Do you want to save the changes?
-- Message Window --
      *Global - Messages
        [warning] Electronics Desktop has found a recovery file for an unsaved project : Project3.aedt.auto Please choose one of the following actions for this file:   Yes: Open the recovery file.   No: Discard the recovery file.  Cancel: Leave the recovery file on disk ( this prompt will reappear during the next application start) .
        [info] GRPC server running on port: 9914. 
        [info] The project 'my_project' has been edited and/or solved. Do you want to save the changes?
      my_project (C:/Users/hp/Documents/Ansoft/)
        my_design
          [info] Import Native Bodies: Imported bodies have been scaled to model units. Please analyze the model. (11:57:55  juil. 18, 2026)
          [info] 'pinsolator_0' is a duplicate name. Part named 'pinsolator_0' has been renamed to 'pinsolator_0_1'. (11:57:55  juil. 18, 2026)
          [info] 'pinsolator_0' is a duplicate name. Part named 'pinsolator_0' has been renamed to 'pinsolator_0_2'. (11:57:55  juil. 18, 2026)
          [info] 'pinsolator_0' is a duplicate name. Part named 'pinsolator_0' has been renamed to 'pinsolator_0_3'. (11:57:55  juil. 18, 2026)
          [info] 'pinsolator_0' is a duplicate name. Part named 'pinsolator_0' has been renamed to 'pinsolator_0_4'. (11:57:55  juil. 18, 2026)
          [info] 'pinsolator_1' is a duplicate name. Part named 'pinsolator_1' has been renamed to 'pinsolator_1_1'. (11:57:55  juil. 18, 2026)
          [info] 'pinsolator_1' is a duplicate name. Part named 'pinsolator_1' has been renamed to 'pinsolator_1_2'. (11:57:55  juil. 18, 2026)
          [info] 'pinsolator_1' is a duplicate name. Part named 'pinsolator_1' has been renamed to 'pinsolator_1_3'. (11:57:55  juil. 18, 2026)
          [info] 'pinsolator_1' is a duplicate name. Part named 'pinsolator_1' has been renamed to 'pinsolator_1_4'. (11:57:55  juil. 18, 2026)
          [info] 'pinsolator_2' is a duplicate name. Part named 'pinsolator_2' has been renamed to 'pinsolator_2_1'. (11:57:55  juil. 18, 2026)
          [info] 'pinsolator_2' is a duplicate name. Part named 'pinsolator_2' has been renamed to 'pinsolator_2_2'. (11:57:55  juil. 18, 2026)
          [info] 'pinsolator_2' is a duplicate name. Part named 'pinsolator_2' has been renamed to 'pinsolator_2_3'. (11:57:55  juil. 18, 2026)
          [info] 'pinsolator_2' is a duplicate name. Part named 'pinsolator_2' has been renamed to 'pinsolator_2_4'. (11:57:55  juil. 18, 2026)
          [info] 'pinsolator_3' is a duplicate name. Part named 'pinsolator_3' has been renamed to 'pinsolator_3_1'. (11:57:55  juil. 18, 2026)
          [info] 'pinsolator_3' is a duplicate name. Part named 'pinsolator_3' has been renamed to 'pinsolator_3_2'. (11:57:55  juil. 18, 2026)
          [info] 'pinsolator_3' is a duplicate name. Part named 'pinsolator_3' has been renamed to 'pinsolator_3_3'. (11:57:55  juil. 18, 2026)
          [info] 'pinsolator_3' is a duplicate name. Part named 'pinsolator_3' has been renamed to 'pinsolator_3_4'. (11:57:55  juil. 18, 2026)
          [info] 'pinsolator_4' is a duplicate name. Part named 'pinsolator_4' has been renamed to 'pinsolator_4_1'. (11:57:55  juil. 18, 2026)
          [info] 'pinsolator_4' is a duplicate name. Part named 'pinsolator_4' has been renamed to 'pinsolator_4_2'. (11:57:55  juil. 18, 2026)
          [info] 'pinsolator_4' is a duplicate name. Part named 'pinsolator_4' has been renamed to 'pinsolator_4_3'. (11:57:55  juil. 18, 2026)
          [info] 'pinsolator_4' is a duplicate name. Part named 'pinsolator_4' has been renamed to 'pinsolator_4_4'. (11:57:55  juil. 18, 2026)
          [info] 'sinsolator_0' is a duplicate name. Part named 'sinsolator_0' has been renamed to 'sinsolator_0_1'. (11:57:55  juil. 18, 2026)
          [info] 'sinsolator_0' is a duplicate name. Part named 'sinsolator_0' has been renamed to 'sinsolator_0_2'. (11:57:55  juil. 18, 2026)
          [info] 'sinsolator_0' is a duplicate name. Part named 'sinsolator_0' has been renamed to 'sinsolator_0_3'. (11:57:55  juil. 18, 2026)
          [info] 'sinsolator_0' is a duplicate name. Part named 'sinsolator_0' has been renamed to 'sinsolator_0_4'. (11:57:55  juil. 18, 2026)
          [info] 'sinsolator_0' is a duplicate name. Part named 'sinsolator_0' has been renamed to 'sinsolator_0_5'. (11:57:55  juil. 18, 2026)
          [info] 'sinsolator_0' is a duplicate name. Part named 'sinsolator_0' has been renamed to 'sinsolator_0_6'. (11:57:55  juil. 18, 2026)
          [info] 'sinsolator_0' is a duplicate name. Part named 'sinsolator_0' has been renamed to 'sinsolator_0_7'. (11:57:55  juil. 18, 2026)
          [info] 'sinsolator_0' is a duplicate name. Part named 'sinsolator_0' has been renamed to 'sinsolator_0_8'. (11:57:55  juil. 18, 2026)
          [info] 'sinsolator_0' is a duplicate name. Part named 'sinsolator_0' has been renamed to 'sinsolator_0_9'. (11:57:55  juil. 18, 2026)
          [info] 'sinsolator_0' is a duplicate name. Part named 'sinsolator_0' has been renamed to 'sinsolator_0_10'. (11:57:55  juil. 18, 2026)
          [info] 'sinsolator_1' is a duplicate name. Part named 'sinsolator_1' has been renamed to 'sinsolator_1_1'. (11:57:55  juil. 18, 2026)
          [info] 'sinsolator_1' is a duplicate name. Part named 'sinsolator_1' has been renamed to 'sinsolator_1_2'. (11:57:55  juil. 18, 2026)
          [info] 'sinsolator_1' is a duplicate name. Part named 'sinsolator_1' has been renamed to 'sinsolator_1_3'. (11:57:55  juil. 18, 2026)
          [info] 'sinsolator_1' is a duplicate name. Part named 'sinsolator_1' has been renamed to 'sinsolator_1_4'. (11:57:55  juil. 18, 2026)
          [info] 'sinsolator_1' is a duplicate name. Part named 'sinsolator_1' has been renamed to 'sinsolator_1_5'. (11:57:55  juil. 18, 2026)
          [info] 'sinsolator_1' is a duplicate name. Part named 'sinsolator_1' has been renamed to 'sinsolator_1_6'. (11:57:55  juil. 18, 2026)
          [info] 'sinsolator_1' is a duplicate name. Part named 'sinsolator_1' has been renamed to 'sinsolator_1_7'. (11:57:55  juil. 18, 2026)
          [info] 'sinsolator_1' is a duplicate name. Part named 'sinsolator_1' has been renamed to 'sinsolator_1_8'. (11:57:55  juil. 18, 2026)
          [info] 'sinsolator_1' is a duplicate name. Part named 'sinsolator_1' has been renamed to 'sinsolator_1_9'. (11:57:55  juil. 18, 2026)
          [info] 'sinsolator_1' is a duplicate name. Part named 'sinsolator_1' has been renamed to 'sinsolator_1_10'. (11:57:55  juil. 18, 2026)
-- Message Window --
Stopping Batch Run: 11:59:30  juil. 18, 2026
 
Ansys Electronics Desktop Version 2023.1.0, Build: 2022-11-20 22:10:41
Location: C:\Program Files\AnsysEM\v231\Win64\ansysedt.exe
Non Graphical Mode: No Project??
Starting Batch Run: 11:59:39  juil. 18, 2026
Running as user: SEIFPC\hp
Temp directory: C:\Users\hp\AppData\Local\Temp
Project directory: C:\Users\hp\Documents\Ansoft
[warning] Electronics Desktop has found a recovery file for an unsaved project : Project3.aedt.auto
Please choose one of the following actions for this file: 
 Yes: Open the recovery file. 
 No: Discard the recovery file.
 Cancel: Leave the recovery file on disk ( this prompt will reappear during the next application start) .
The project 'my_project' has been edited and/or solved. Do you want to save the changes?
-- Message Window --
      *Global - Messages
        [warning] Electronics Desktop has found a recovery file for an unsaved project : Project3.aedt.auto Please choose one of the following actions for this file:   Yes: Open the recovery file.   No: Discard the recovery file.  Cancel: Leave the recovery file on disk ( this prompt will reappear during the next application start) .
        [info] GRPC server running on port: 5865. 
        [info] The project 'my_project' has been edited and/or solved. Do you want to save the changes?
-- Message Window --
Stopping Batch Run: 12:01:28  juil. 18, 2026
 Build: 2022-11-20 22:10:41
Location: C:\Program Files\AnsysEM\v231\Win64\ansysedt.exe
Non Graphical Mode: No Project??
Starting Batch Run: 12:01:28  juil. 18, 2026
Running as user: SEIFPC\hp
Temp directory: C:\Users\hp\AppData\Local\Temp
Project directory: C:\Users\hp\Documents\Ansoft
[warning] Electronics Desktop has found a recovery file for an unsaved project : Project3.aedt.auto
Please choose one of the following actions for this file: 
 Yes: Open the recovery file. 
 No: Discard the recovery file.
 Cancel: Leave the recovery file on disk ( this prompt will reappear during the next application start) .
The project 'my_project' has been edited and/or solved. Do you want to save the changes?
-- Message Window --
      *Global - Messages
        [warning] Electronics Desktop has found a recovery file for an unsaved project : Project3.aedt.auto Please choose one of the following actions for this file:   Yes: Open the recovery file.   No: Discard the recovery file.  Cancel: Leave the recovery file on disk ( this prompt will reappear during the next application start) .
        [info] GRPC server running on port: 12923. 
        [info] The project 'my_project' has been edited and/or solved. Do you want to save the changes?
-- Message Window --
Stopping Batch Run: 12:02:57  juil. 18, 2026
 
Ansys Electronics Desktop Version 2023.1.0, Build: 2022-11-20 22:10:41
Location: C:\Program Files\AnsysEM\v231\Win64\ansysedt.exe
Non Graphical Mode: No Project??
Starting Batch Run: 12:03:03  juil. 18, 2026
Running as user: SEIFPC\hp
Temp directory: C:\Users\hp\AppData\Local\Temp
Project directory: C:\Users\hp\Documents\Ansoft
[warning] Electronics Desktop has found a recovery file for an unsaved project : Project3.aedt.auto
Please choose one of the following actions for this file: 
 Yes: Open the recovery file. 
 No: Discard the recovery file.
 Cancel: Leave the recovery file on disk ( this prompt will reappear during the next application start) .
The project 'my_project' has been edited and/or solved. Do you want to save the changes?
-- Message Window --
      *Global - Messages
        [warning] Electronics Desktop has found a recovery file for an unsaved project : Project3.aedt.auto Please choose one of the following actions for this file:   Yes: Open the recovery file.   No: Discard the recovery file.  Cancel: Leave the recovery file on disk ( this prompt will reappear during the next application start) .
        [info] GRPC server running on port: 9586. 
        [info] The project 'my_project' has been edited and/or solved. Do you want to save the changes?
      my_project (C:/Users/hp/Documents/Ansoft/)
        my_design
          [info] Import Native Bodies: Imported bodies have been scaled to model units. Please analyze the model. (12:03:38  juil. 18, 2026)
          [info] 'pinsolator_0' is a duplicate name. Part named 'pinsolator_0' has been renamed to 'pinsolator_0_1'. (12:03:38  juil. 18, 2026)
          [info] 'pinsolator_0' is a duplicate name. Part named 'pinsolator_0' has been renamed to 'pinsolator_0_2'. (12:03:38  juil. 18, 2026)
          [info] 'pinsolator_0' is a duplicate name. Part named 'pinsolator_0' has been renamed to 'pinsolator_0_3'. (12:03:38  juil. 18, 2026)
          [info] 'pinsolator_0' is a duplicate name. Part named 'pinsolator_0' has been renamed to 'pinsolator_0_4'. (12:03:38  juil. 18, 2026)
          [info] 'pinsolator_1' is a duplicate name. Part named 'pinsolator_1' has been renamed to 'pinsolator_1_1'. (12:03:38  juil. 18, 2026)
          [info] 'pinsolator_1' is a duplicate name. Part named 'pinsolator_1' has been renamed to 'pinsolator_1_2'. (12:03:38  juil. 18, 2026)
          [info] 'pinsolator_1' is a duplicate name. Part named 'pinsolator_1' has been renamed to 'pinsolator_1_3'. (12:03:38  juil. 18, 2026)
          [info] 'pinsolator_1' is a duplicate name. Part named 'pinsolator_1' has been renamed to 'pinsolator_1_4'. (12:03:38  juil. 18, 2026)
          [info] 'pinsolator_2' is a duplicate name. Part named 'pinsolator_2' has been renamed to 'pinsolator_2_1'. (12:03:38  juil. 18, 2026)
          [info] 'pinsolator_2' is a duplicate name. Part named 'pinsolator_2' has been renamed to 'pinsolator_2_2'. (12:03:38  juil. 18, 2026)
          [info] 'pinsolator_2' is a duplicate name. Part named 'pinsolator_2' has been renamed to 'pinsolator_2_3'. (12:03:38  juil. 18, 2026)
          [info] 'pinsolator_2' is a duplicate name. Part named 'pinsolator_2' has been renamed to 'pinsolator_2_4'. (12:03:38  juil. 18, 2026)
          [info] 'pinsolator_3' is a duplicate name. Part named 'pinsolator_3' has been renamed to 'pinsolator_3_1'. (12:03:38  juil. 18, 2026)
          [info] 'pinsolator_3' is a duplicate name. Part named 'pinsolator_3' has been renamed to 'pinsolator_3_2'. (12:03:38  juil. 18, 2026)
          [info] 'pinsolator_3' is a duplicate name. Part named 'pinsolator_3' has been renamed to 'pinsolator_3_3'. (12:03:38  juil. 18, 2026)
          [info] 'pinsolator_3' is a duplicate name. Part named 'pinsolator_3' has been renamed to 'pinsolator_3_4'. (12:03:38  juil. 18, 2026)
          [info] 'pinsolator_4' is a duplicate name. Part named 'pinsolator_4' has been renamed to 'pinsolator_4_1'. (12:03:38  juil. 18, 2026)
          [info] 'pinsolator_4' is a duplicate name. Part named 'pinsolator_4' has been renamed to 'pinsolator_4_2'. (12:03:38  juil. 18, 2026)
          [info] 'pinsolator_4' is a duplicate name. Part named 'pinsolator_4' has been renamed to 'pinsolator_4_3'. (12:03:38  juil. 18, 2026)
          [info] 'pinsolator_4' is a duplicate name. Part named 'pinsolator_4' has been renamed to 'pinsolator_4_4'. (12:03:38  juil. 18, 2026)
          [info] 'sinsolator_0' is a duplicate name. Part named 'sinsolator_0' has been renamed to 'sinsolator_0_1'. (12:03:38  juil. 18, 2026)
          [info] 'sinsolator_0' is a duplicate name. Part named 'sinsolator_0' has been renamed to 'sinsolator_0_2'. (12:03:38  juil. 18, 2026)
          [info] 'sinsolator_0' is a duplicate name. Part named 'sinsolator_0' has been renamed to 'sinsolator_0_3'. (12:03:38  juil. 18, 2026)
          [info] 'sinsolator_0' is a duplicate name. Part named 'sinsolator_0' has been renamed to 'sinsolator_0_4'. (12:03:38  juil. 18, 2026)
          [info] 'sinsolator_0' is a duplicate name. Part named 'sinsolator_0' has been renamed to 'sinsolator_0_5'. (12:03:38  juil. 18, 2026)
          [info] 'sinsolator_0' is a duplicate name. Part named 'sinsolator_0' has been renamed to 'sinsolator_0_6'. (12:03:38  juil. 18, 2026)
          [info] 'sinsolator_0' is a duplicate name. Part named 'sinsolator_0' has been renamed to 'sinsolator_0_7'. (12:03:38  juil. 18, 2026)
          [info] 'sinsolator_0' is a duplicate name. Part named 'sinsolator_0' has been renamed to 'sinsolator_0_8'. (12:03:38  juil. 18, 2026)
          [info] 'sinsolator_0' is a duplicate name. Part named 'sinsolator_0' has been renamed to 'sinsolator_0_9'. (12:03:38  juil. 18, 2026)
          [info] 'sinsolator_0' is a duplicate name. Part named 'sinsolator_0' has been renamed to 'sinsolator_0_10'. (12:03:38  juil. 18, 2026)
          [info] 'sinsolator_1' is a duplicate name. Part named 'sinsolator_1' has been renamed to 'sinsolator_1_1'. (12:03:38  juil. 18, 2026)
          [info] 'sinsolator_1' is a duplicate name. Part named 'sinsolator_1' has been renamed to 'sinsolator_1_2'. (12:03:38  juil. 18, 2026)
          [info] 'sinsolator_1' is a duplicate name. Part named 'sinsolator_1' has been renamed to 'sinsolator_1_3'. (12:03:38  juil. 18, 2026)
          [info] 'sinsolator_1' is a duplicate name. Part named 'sinsolator_1' has been renamed to 'sinsolator_1_4'. (12:03:38  juil. 18, 2026)
          [info] 'sinsolator_1' is a duplicate name. Part named 'sinsolator_1' has been renamed to 'sinsolator_1_5'. (12:03:38  juil. 18, 2026)
          [info] 'sinsolator_1' is a duplicate name. Part named 'sinsolator_1' has been renamed to 'sinsolator_1_6'. (12:03:38  juil. 18, 2026)
          [info] 'sinsolator_1' is a duplicate name. Part named 'sinsolator_1' has been renamed to 'sinsolator_1_7'. (12:03:38  juil. 18, 2026)
          [info] 'sinsolator_1' is a duplicate name. Part named 'sinsolator_1' has been renamed to 'sinsolator_1_8'. (12:03:38  juil. 18, 2026)
          [info] 'sinsolator_1' is a duplicate name. Part named 'sinsolator_1' has been renamed to 'sinsolator_1_9'. (12:03:38  juil. 18, 2026)
          [info] 'sinsolator_1' is a duplicate name. Part named 'sinsolator_1' has been renamed to 'sinsolator_1_10'. (12:03:38  juil. 18, 2026)
          [info] Accurate transparency rendering is disabled to avoid slow rendering performance. (12:04:02  juil. 18, 2026)
-- Message Window --
Stopping Batch Run: 12:05:52  juil. 18, 2026
 
Ansys Electronics Desktop Version 2023.1.0, Build: 2022-11-20 22:10:41
Location: C:\Program Files\AnsysEM\v231\Win64\ansysedt.exe
Non Graphical Mode: No Project??
Starting Batch Run: 12:05:58  juil. 18, 2026
Running as user: SEIFPC\hp
Temp directory: C:\Users\hp\AppData\Local\Temp
Project directory: C:\Users\hp\Documents\Ansoft
[warning] Electronics Desktop has found a recovery file for an unsaved project : Project3.aedt.auto
Please choose one of the following actions for this file: 
 Yes: Open the recovery file. 
 No: Discard the recovery file.
 Cancel: Leave the recovery file on disk ( this prompt will reappear during the next application start) .
The project 'my_project' has been edited and/or solved. Do you want to save the changes?
-- Message Window --
      *Global - Messages
        [warning] Electronics Desktop has found a recovery file for an unsaved project : Project3.aedt.auto Please choose one of the following actions for this file:   Yes: Open the recovery file.   No: Discard the recovery file.  Cancel: Leave the recovery file on disk ( this prompt will reappear during the next application start) .
        [info] GRPC server running on port: 6065. 
        [info] The project 'my_project' has been edited and/or solved. Do you want to save the changes?
      my_project (C:/Users/hp/Documents/Ansoft/)
        my_design
          [info] Import Native Bodies: Imported bodies have been scaled to model units. Please analyze the model. (12:06:35  juil. 18, 2026)
          [info] 'pinsolator_0' is a duplicate name. Part named 'pinsolator_0' has been renamed to 'pinsolator_0_1'. (12:06:35  juil. 18, 2026)
          [info] 'pinsolator_0' is a duplicate name. Part named 'pinsolator_0' has been renamed to 'pinsolator_0_2'. (12:06:35  juil. 18, 2026)
          [info] 'pinsolator_0' is a duplicate name. Part named 'pinsolator_0' has been renamed to 'pinsolator_0_3'. (12:06:35  juil. 18, 2026)
          [info] 'pinsolator_0' is a duplicate name. Part named 'pinsolator_0' has been renamed to 'pinsolator_0_4'. (12:06:35  juil. 18, 2026)
          [info] 'pinsolator_1' is a duplicate name. Part named 'pinsolator_1' has been renamed to 'pinsolator_1_1'. (12:06:35  juil. 18, 2026)
          [info] 'pinsolator_1' is a duplicate name. Part named 'pinsolator_1' has been renamed to 'pinsolator_1_2'. (12:06:35  juil. 18, 2026)
          [info] 'pinsolator_1' is a duplicate name. Part named 'pinsolator_1' has been renamed to 'pinsolator_1_3'. (12:06:35  juil. 18, 2026)
          [info] 'pinsolator_1' is a duplicate name. Part named 'pinsolator_1' has been renamed to 'pinsolator_1_4'. (12:06:35  juil. 18, 2026)
          [info] 'pinsolator_2' is a duplicate name. Part named 'pinsolator_2' has been renamed to 'pinsolator_2_1'. (12:06:35  juil. 18, 2026)
          [info] 'pinsolator_2' is a duplicate name. Part named 'pinsolator_2' has been renamed to 'pinsolator_2_2'. (12:06:35  juil. 18, 2026)
          [info] 'pinsolator_2' is a duplicate name. Part named 'pinsolator_2' has been renamed to 'pinsolator_2_3'. (12:06:35  juil. 18, 2026)
          [info] 'pinsolator_2' is a duplicate name. Part named 'pinsolator_2' has been renamed to 'pinsolator_2_4'. (12:06:35  juil. 18, 2026)
          [info] 'pinsolator_3' is a duplicate name. Part named 'pinsolator_3' has been renamed to 'pinsolator_3_1'. (12:06:35  juil. 18, 2026)
          [info] 'pinsolator_3' is a duplicate name. Part named 'pinsolator_3' has been renamed to 'pinsolator_3_2'. (12:06:35  juil. 18, 2026)
          [info] 'pinsolator_3' is a duplicate name. Part named 'pinsolator_3' has been renamed to 'pinsolator_3_3'. (12:06:35  juil. 18, 2026)
          [info] 'pinsolator_3' is a duplicate name. Part named 'pinsolator_3' has been renamed to 'pinsolator_3_4'. (12:06:35  juil. 18, 2026)
          [info] 'pinsolator_4' is a duplicate name. Part named 'pinsolator_4' has been renamed to 'pinsolator_4_1'. (12:06:35  juil. 18, 2026)
          [info] 'pinsolator_4' is a duplicate name. Part named 'pinsolator_4' has been renamed to 'pinsolator_4_2'. (12:06:35  juil. 18, 2026)
          [info] 'pinsolator_4' is a duplicate name. Part named 'pinsolator_4' has been renamed to 'pinsolator_4_3'. (12:06:35  juil. 18, 2026)
          [info] 'pinsolator_4' is a duplicate name. Part named 'pinsolator_4' has been renamed to 'pinsolator_4_4'. (12:06:35  juil. 18, 2026)
          [info] 'sinsolator_0' is a duplicate name. Part named 'sinsolator_0' has been renamed to 'sinsolator_0_1'. (12:06:35  juil. 18, 2026)
          [info] 'sinsolator_0' is a duplicate name. Part named 'sinsolator_0' has been renamed to 'sinsolator_0_2'. (12:06:35  juil. 18, 2026)
          [info] 'sinsolator_0' is a duplicate name. Part named 'sinsolator_0' has been renamed to 'sinsolator_0_3'. (12:06:35  juil. 18, 2026)
          [info] 'sinsolator_0' is a duplicate name. Part named 'sinsolator_0' has been renamed to 'sinsolator_0_4'. (12:06:35  juil. 18, 2026)
          [info] 'sinsolator_0' is a duplicate name. Part named 'sinsolator_0' has been renamed to 'sinsolator_0_5'. (12:06:35  juil. 18, 2026)
          [info] 'sinsolator_0' is a duplicate name. Part named 'sinsolator_0' has been renamed to 'sinsolator_0_6'. (12:06:35  juil. 18, 2026)
          [info] 'sinsolator_0' is a duplicate name. Part named 'sinsolator_0' has been renamed to 'sinsolator_0_7'. (12:06:35  juil. 18, 2026)
          [info] 'sinsolator_0' is a duplicate name. Part named 'sinsolator_0' has been renamed to 'sinsolator_0_8'. (12:06:35  juil. 18, 2026)
          [info] 'sinsolator_0' is a duplicate name. Part named 'sinsolator_0' has been renamed to 'sinsolator_0_9'. (12:06:35  juil. 18, 2026)
          [info] 'sinsolator_0' is a duplicate name. Part named 'sinsolator_0' has been renamed to 'sinsolator_0_10'. (12:06:35  juil. 18, 2026)
          [info] 'sinsolator_1' is a duplicate name. Part named 'sinsolator_1' has been renamed to 'sinsolator_1_1'. (12:06:35  juil. 18, 2026)
          [info] 'sinsolator_1' is a duplicate name. Part named 'sinsolator_1' has been renamed to 'sinsolator_1_2'. (12:06:35  juil. 18, 2026)
          [info] 'sinsolator_1' is a duplicate name. Part named 'sinsolator_1' has been renamed to 'sinsolator_1_3'. (12:06:35  juil. 18, 2026)
          [info] 'sinsolator_1' is a duplicate name. Part named 'sinsolator_1' has been renamed to 'sinsolator_1_4'. (12:06:35  juil. 18, 2026)
          [info] 'sinsolator_1' is a duplicate name. Part named 'sinsolator_1' has been renamed to 'sinsolator_1_5'. (12:06:35  juil. 18, 2026)
          [info] 'sinsolator_1' is a duplicate name. Part named 'sinsolator_1' has been renamed to 'sinsolator_1_6'. (12:06:35  juil. 18, 2026)
          [info] 'sinsolator_1' is a duplicate name. Part named 'sinsolator_1' has been renamed to 'sinsolator_1_7'. (12:06:35  juil. 18, 2026)
          [info] 'sinsolator_1' is a duplicate name. Part named 'sinsolator_1' has been renamed to 'sinsolator_1_8'. (12:06:35  juil. 18, 2026)
          [info] 'sinsolator_1' is a duplicate name. Part named 'sinsolator_1' has been renamed to 'sinsolator_1_9'. (12:06:35  juil. 18, 2026)
          [info] 'sinsolator_1' is a duplicate name. Part named 'sinsolator_1' has been renamed to 'sinsolator_1_10'. (12:06:35  juil. 18, 2026)
-- Message Window --
Stopping Batch Run: 12:07:49  juil. 18, 2026
 
Ansys Electronics Desktop Version 2023.1.0, Build: 2022-11-20 22:10:41
Location: C:\Program Files\AnsysEM\v231\Win64\ansysedt.exe
Non Graphical Mode: No Project??
Starting Batch Run: 12:16:09  juil. 18, 2026
Running as user: SEIFPC\hp
Temp directory: C:\Users\hp\AppData\Local\Temp
Project directory: C:\Users\hp\Documents\Ansoft
[warning] Electronics Desktop has found a recovery file for an unsaved project : Project3.aedt.auto
Please choose one of the following actions for this file: 
 Yes: Open the recovery file. 
 No: Discard the recovery file.
 Cancel: Leave the recovery file on disk ( this prompt will reappear during the next application start) .
The project 'my_project' has been edited and/or solved. Do you want to save the changes?
-- Message Window --
      *Global - Messages
        [warning] Electronics Desktop has found a recovery file for an unsaved project : Project3.aedt.auto Please choose one of the following actions for this file:   Yes: Open the recovery file.   No: Discard the recovery file.  Cancel: Leave the recovery file on disk ( this prompt will reappear during the next application start) .
        [info] GRPC server running on port: 10536. 
        [info] The project 'my_project' has been edited and/or solved. Do you want to save the changes?
      my_project (C:/Users/hp/Documents/Ansoft/)
        my_design
          [info] Import Native Bodies: Imported bodies have been scaled to model units. Please analyze the model. (12:16:33  juil. 18, 2026)
          [info] Dynamic selection highlighting setting is ignored for large models. (12:16:33  juil. 18, 2026)
          [info] Accurate transparency rendering is disabled to avoid slow rendering performance. (12:16:33  juil. 18, 2026)
-- Message Window --
Stopping Batch Run: 12:18:32  juil. 18, 2026
 
Ansys Electronics Desktop Version 2023.1.0, Build: 2022-11-20 22:10:41
Location: C:\Program Files\AnsysEM\v231\Win64\ansysedt.exe
Non Graphical Mode: No Project??
Starting Batch Run: 12:18:40  juil. 18, 2026
Running as user: SEIFPC\hp
Temp directory: C:\Users\hp\AppData\Local\Temp
Project directory: C:\Users\hp\Documents\Ansoft
[warning] Electronics Desktop has found a recovery file for an unsaved project : Project3.aedt.auto
Please choose one of the following actions for this file: 
 Yes: Open the recovery file. 
 No: Discard the recovery file.
 Cancel: Leave the recovery file on disk ( this prompt will reappear during the next application start) .
The project 'my_project' has been edited and/or solved. Do you want to save the changes?
-- Message Window --
      *Global - Messages
        [warning] Electronics Desktop has found a recovery file for an unsaved project : Project3.aedt.auto Please choose one of the following actions for this file:   Yes: Open the recovery file.   No: Discard the recovery file.  Cancel: Leave the recovery file on disk ( this prompt will reappear during the next application start) .
        [info] GRPC server running on port: 3059. 
        [info] The project 'my_project' has been edited and/or solved. Do you want to save the changes?
      my_project (C:/Users/hp/Documents/Ansoft/)
        my_design
          [info] Import Native Bodies: Imported bodies have been scaled to model units. Please analyze the model. (12:19:04  juil. 18, 2026)
          [info] Dynamic selection highlighting setting is ignored for large models. (12:19:04  juil. 18, 2026)
          [info] Accurate transparency rendering is disabled to avoid slow rendering performance. (12:19:04  juil. 18, 2026)
-- Message Window --
Stopping Batch Run: 12:19:27  juil. 18, 2026
 
Ansys Electronics Desktop Version 2023.1.0, Build: 2022-11-20 22:10:41
Location: C:\Program Files\AnsysEM\v231\Win64\ansysedt.exe
Non Graphical Mode: No Project??
Starting Batch Run: 12:19:41  juil. 18, 2026
Running as user: SEIFPC\hp
Temp directory: C:\Users\hp\AppData\Local\Temp
Project directory: C:\Users\hp\Documents\Ansoft
[warning] Electronics Desktop has found a recovery file for an unsaved project : Project3.aedt.auto
Please choose one of the following actions for this file: 
 Yes: Open the recovery file. 
 No: Discard the recovery file.
 Cancel: Leave the recovery file on disk ( this prompt will reappear during the next application start) .
The project 'my_project' has been edited and/or solved. Do you want to save the changes?
-- Message Window --
      *Global - Messages
        [warning] Electronics Desktop has found a recovery file for an unsaved project : Project3.aedt.auto Please choose one of the following actions for this file:   Yes: Open the recovery file.   No: Discard the recovery file.  Cancel: Leave the recovery file on disk ( this prompt will reappear during the next application start) .
        [info] GRPC server running on port: 8087. 
        [info] The project 'my_project' has been edited and/or solved. Do you want to save the changes?
      my_project (C:/Users/hp/Documents/Ansoft/)
        my_design
          [info] Import Native Bodies: Imported bodies have been scaled to model units. Please analyze the model. (12:20:04  juil. 18, 2026)
          [info] Dynamic selection highlighting setting is ignored for large models. (12:20:04  juil. 18, 2026)
          [info] Accurate transparency rendering is disabled to avoid slow rendering performance. (12:20:04  juil. 18, 2026)
-- Message Window --
Stopping Batch Run: 12:44:24  juil. 18, 2026
  [info] GRPC server running on port: 8302. 
        [info] The project 'my_project' has been edited and/or solved. Do you want to save the changes?
      my_project (C:/Users/hp/Documents/Ansoft/)
        my_design
          [info] Import Native Bodies: Imported bodies have been scaled to model units. Please analyze the model. (12:43:04  juil. 18, 2026)
          [info] Dynamic selection highlighting setting is ignored for large models. (12:43:04  juil. 18, 2026)
          [info] Accurate transparency rendering is disabled to avoid slow rendering performance. (12:43:04  juil. 18, 2026)
          [error] Script macro error: Net 'ringp1': Net should be assigned on conductors (12:43:05  juil. 18, 2026)
-- Message Window --
Stopping Batch Run: 12:44:14  juil. 18, 2026
 
Ansys Electronics Desktop Version 2023.1.0, Build: 2022-11-20 22:10:41
Location: C:\Program Files\AnsysEM\v231\Win64\ansysedt.exe
Non Graphical Mode: No Project??
Starting Batch Run: 12:44:28  juil. 18, 2026
Running as user: SEIFPC\hp
Temp directory: C:\Users\hp\AppData\Local\Temp
Project directory: C:\Users\hp\Documents\Ansoft
[warning] Electronics Desktop has found a recovery file for an unsaved project : Project3.aedt.auto
Please choose one of the following actions for this file: 
 Yes: Open the recovery file. 
 No: Discard the recovery file.
 Cancel: Leave the recovery file on disk ( this prompt will reappear during the next application start) .
The project 'my_project' has been edited and/or solved. Do you want to save the changes?
-- Message Window --
      *Global - Messages
        [warning] Electronics Desktop has found a recovery file for an unsaved project : Project3.aedt.auto Please choose one of the following actions for this file:   Yes: Open the recovery file.   No: Discard the recovery file.  Cancel: Leave the recovery file on disk ( this prompt will reappear during the next application start) .
        [info] GRPC server running on port: 5976. 
        [info] The project 'my_project' has been edited and/or solved. Do you want to save the changes?
      my_project (C:/Users/hp/Documents/Ansoft/)
        my_design
          [info] Import Native Bodies: Imported bodies have been scaled to model units. Please analyze the model. (12:44:55  juil. 18, 2026)
          [info] Dynamic selection highlighting setting is ignored for large models. (12:44:55  juil. 18, 2026)
          [info] Accurate transparency rendering is disabled to avoid slow rendering performance. (12:44:55  juil. 18, 2026)
-- Message Window --
Stopping Batch Run: 12:46:40  juil. 18, 2026
 
Ansys Electronics Desktop Version 2023.1.0, Build: 2022-11-20 22:10:41
Location: C:\Program Files\AnsysEM\v231\Win64\ansysedt.exe
Non Graphical Mode: No Project??
Starting Batch Run: 12:47:18  juil. 18, 2026
Running as user: SEIFPC\hp
Temp directory: C:\Users\hp\AppData\Local\Temp
Project directory: C:\Users\hp\Documents\Ansoft
[warning] Electronics Desktop has found a recovery file for an unsaved project : Project3.aedt.auto
Please choose one of the following actions for this file: 
 Yes: Open the recovery file. 
 No: Discard the recovery file.
 Cancel: Leave the recovery file on disk ( this prompt will reappear during the next application start) .
The project 'my_project' has been edited and/or solved. Do you want to save the changes?
-- Message Window --
      *Global - Messages
        [warning] Electronics Desktop has found a recovery file for an unsaved project : Project3.aedt.auto Please choose one of the following actions for this file:   Yes: Open the recovery file.   No: Discard the recovery file.  Cancel: Leave the recovery file on disk ( this prompt will reappear during the next application start) .
        [info] GRPC server running on port: 2383. 
        [info] The project 'my_project' has been edited and/or solved. Do you want to save the changes?
      my_project (C:/Users/hp/Documents/Ansoft/)
        my_design
          [info] Import Native Bodies: Imported bodies have been scaled to model units. Please analyze the model. (12:47:43  juil. 18, 2026)
          [info] Dynamic selection highlighting setting is ignored for large models. (12:47:43  juil. 18, 2026)
          [info] Accurate transparency rendering is disabled to avoid slow rendering performance. (12:47:43  juil. 18, 2026)
-- Message Window --
Stopping Batch Run: 12:54:51  juil. 18, 2026
:54:49  juil. 18, 2026
 
Ansys Electronics Desktop Version 2023.1.0, Build: 2022-11-20 22:10:41
Location: C:\Program Files\AnsysEM\v231\Win64\ansysedt.exe
Non Graphical Mode: No Project??
Starting Batch Run: 12:55:43  juil. 18, 2026
Running as user: SEIFPC\hp
Temp directory: C:\Users\hp\AppData\Local\Temp
Project directory: C:\Users\hp\Documents\Ansoft
[warning] Electronics Desktop has found a recovery file for an unsaved project : Project3.aedt.auto
Please choose one of the following actions for this file: 
 Yes: Open the recovery file. 
 No: Discard the recovery file.
 Cancel: Leave the recovery file on disk ( this prompt will reappear during the next application start) .
-- Message Window --
      *Global - Messages
        [warning] Electronics Desktop has found a recovery file for an unsaved project : Project3.aedt.auto Please choose one of the following actions for this file:   Yes: Open the recovery file.   No: Discard the recovery file.  Cancel: Leave the recovery file on disk ( this prompt will reappear during the next application start) .
        [info] GRPC server running on port: 7434. 
-- Message Window --
Stopping Batch Run: 12:56:50  juil. 18, 2026
 
Ansys Electronics Desktop Version 2023.1.0, Build: 2022-11-20 22:10:41
Location: C:\Program Files\AnsysEM\v231\Win64\ansysedt.exe
Non Graphical Mode: No Project??
Starting Batch Run: 12:57:11  juil. 18, 2026
Running as user: SEIFPC\hp
Temp directory: C:\Users\hp\AppData\Local\Temp
Project directory: C:\Users\hp\Documents\Ansoft
[warning] Electronics Desktop has found a recovery file for an unsaved project : Project3.aedt.auto
Please choose one of the following actions for this file: 
 Yes: Open the recovery file. 
 No: Discard the recovery file.
 Cancel: Leave the recovery file on disk ( this prompt will reappear during the next application start) .
The project 'my_project' has been edited and/or solved. Do you want to save the changes?
-- Message Window --
      *Global - Messages
        [warning] Electronics Desktop has found a recovery file for an unsaved project : Project3.aedt.auto Please choose one of the following actions for this file:   Yes: Open the recovery file.   No: Discard the recovery file.  Cancel: Leave the recovery file on disk ( this prompt will reappear during the next application start) .
        [info] GRPC server running on port: 13969. 
        [info] The project 'my_project' has been edited and/or solved. Do you want to save the changes?
      my_project (C:/Users/hp/Documents/Ansoft/)
        my_design
          [info] Import Native Bodies: Imported bodies have been scaled to model units. Please analyze the model. (12:57:40  juil. 18, 2026)
          [info] Dynamic selection highlighting setting is ignored for large models. (12:57:40  juil. 18, 2026)
          [info] Accurate transparency rendering is disabled to avoid slow rendering performance. (12:57:40  juil. 18, 2026)
-- Message Window --
Stopping Batch Run: 2:30:27  juil. 18, 2026
 
Ansys Electronics Desktop Version 2023.1.0, Build: 2022-11-20 22:10:41
Location: C:\Program Files\AnsysEM\v231\Win64\ansysedt.exe
Non Graphical Mode: No Project??
Starting Batch Run: 2:32:11  juil. 18, 2026
Running as user: SEIFPC\hp
Temp directory: C:\Users\hp\AppData\Local\Temp
Project directory: C:\Users\hp\Documents\Ansoft
[warning] Electronics Desktop has found a recovery file for an unsaved project : Project3.aedt.auto
Please choose one of the following actions for this file: 
 Yes: Open the recovery file. 
 No: Discard the recovery file.
 Cancel: Leave the recovery file on disk ( this prompt will reappear during the next application start) .
The project 'my_project' has been edited and/or solved. Do you want to save the changes?
-- Message Window --
      *Global - Messages
        [warning] Electronics Desktop has found a recovery file for an unsaved project : Project3.aedt.auto Please choose one of the following actions for this file:   Yes: Open the recovery file.   No: Discard the recovery file.  Cancel: Leave the recovery file on disk ( this prompt will reappear during the next application start) .
        [info] GRPC server running on port: 7070. 
        [info] The project 'my_project' has been edited and/or solved. Do you want to save the changes?
      my_project (C:/Users/hp/Documents/Ansoft/)
        my_design
          [info] Import Native Bodies: Imported bodies ha-- Message Window --
      *Global - Messages
        [warning] Electronics Desktop has found a recovery file for an unsaved project : Project3.aedt.auto Please choose one of the following actions for this file:   Yes: Open the rStopping Batch Run: 2:37:03  juil. 18, 2026
.  Cancel: Leave the recovery file on disk ( this prompt will reappear during the next application start) .
        [info] GRPC server running on port: 11013. 
        [info] The project 'my_project' has been edited and/or solved. Do you want to save the changes?
      my_project (C:/Users/hp/Documents/Ansoft/)
        my_design
          [info] Import Native Bodies: Imported bodies have been scaled to model units. Please analyze the model. (2:34:58  juil. 18, 2026)
-- Message Window --
Stopping Batch Run: 2:37:03  juil. 18, 2026
 
Ansys Electronics Desktop Version 2023.1.0, Build: 2022-11-20 22:10:41
Location: C:\Program Files\AnsysEM\v231\Win64\ansysedt.exe
Non Graphical Mode: No Project??
Starting Batch Run: 2:37:08  juil. 18, 2026
Running as user: SEIFPC\hp
Temp directory: C:\Users\hp\AppData\Local\Temp
Project directory: C:\Users\hp\Documents\Ansoft
[warning] Electronics Desktop has found a recovery file for an unsaved project : Project3.aedt.auto
Please choose one of the following actions for this file: 
 Yes: Open the recovery file. 
 No: Discard the recovery file.
 Cancel: Leave the recovery file on disk ( this prompt will reappear during the next application start) .
The project 'my_project' has been edited and/or solved. Do you want to save the changes?
-- Message Window --
      *Global - Messages
        [warning] Electronics Desktop has found a recovery file for an unsaved project : Project3.aedt.auto Please choose one of the following actions for this file:   Yes: Open the recovery file.   No: Discard the recovery file.  Cancel: Leave the recovery file on disk ( this prompt will reappear during the next application start) .
        [info] GRPC server running on port: 14302. 
        [info] The project 'my_project' has been edited and/or solved. Do you want to save the changes?
      my_project (C:/Users/hp/Documents/Ansoft/)
        my_design
          [info] Import Native Bodies: Imported bodies have been scaled to model units. Please analyze the model. (2:37:20  juil. 18, 2026)
-- Message Window --
Stopping Batch Run: 2:41:46  juil. 18, 2026
 
Ansys Electronics Desktop Version 2023.1.0, Build: 2022-11-20 22:10:41
Location: C:\Program Files\AnsysEM\v231\Win64\ansysedt.exe
Non Graphical Mode: No Project??
Starting Batch Run: 2:42:37  juil. 18, 2026
Running as user: SEIFPC\hp
Temp directory: C:\Users\hp\AppData\Local\Temp
Project directory: C:\Users\hp\Documents\Ansoft
[warning] Electronics Desktop has found a recovery file for an unsaved project : Project3.aedt.auto
Please choose one of the following actions for this file: 
 Yes: Open the recovery file. 
 No: Discard the recovery file.
 Cancel: Leave the recovery file on disk ( this prompt will reappear during the next application start) .
The project 'my_project' has been edited and/or solved. Do you want to save the changes?
-- Message Window --
      *Global - Messages
        [warning] Electronics Desktop has found a recovery file for an unsaved project : Project3.aedt.auto Please choose one of the following actions for this file:   Yes: Open the recovery file.   No: Discard the recovery file.  Cancel: Leave the recovery file on disk ( this prompt will reappear during the next application start) .
        [info] GRPC server running on port: 9856. 
        [info] The project 'my_project' has been edited and/or solved. Do you want to save the changes?
      my_project (C:/Users/hp/Documents/Ansoft/)
        my_design
          [info] Import Native Bodies: Imported bodies have been scaled to model units. Please analyze the model. (2:42:50  juil. 18, 2026)
-- Message Window --
Stopping Batch Run: 2:45:08  juil. 18, 2026
 
Ansys Electronics Desktop Version 2023.1.0, Build: 2022-11-20 22:10:41
Location: C:\Program Files\AnsysEM\v231\Win64\ansysedt.exe
Non Graphical Mode: No Project??
Starting Batch Run: 2:45:12  juil. 18, 2026
Running as user: SEIFPC\hp
Temp directory: C:\Users\hp\AppData\Local\Temp
Project directory: C:\Users\hp\Documents\Ansoft
[warning] Electronics Desktop has found a recovery file for an unsaved project : Project3.aedt.auto
Please choose one of the following actions for this file: 
 Yes: Open the recovery file. 
 No: Discard the recovery file.
 Cancel: Leave the recovery file on disk ( this prompt will reappear during the next application start) .
-- Message Window --
      *Global - Messages
        [warning] Electronics Desktop has found a recovery file for an unsaved project : Project3.aedt.auto Please choose one of the following actions for this file:   Yes: Open the recovery file.   No: Discard the recovery file.  Cancel: Leave the recovery file on disk ( this prompt will reappear during the next application start) .
        [info] GRPC server running on port: 1076. 
      my_project (C:/Users/hp/Documents/Ansoft/)
        my_design
          [info] Import Native Bodies: Imported bodies have been scaled to model units. Please analyze the model. (2:45:25  juil. 18, 2026)
-- Message Window --
Stopping Batch Run: 3:24:27  juil. 18, 2026

        [warning] Electronics Desktop has found a recovery file for an unsaved project : Project3.aedt.auto Please choose one of the following actions for this file:   Yes: Open the recovery file.   No: Discard the recovery file.  Cancel: Leave the recovery file on disk ( this prompt will reappear during the next application start) .
        [info] GRPC server running on port: 7753. 
      my_project (C:/Users/hp/Documents/Ansoft/)
        my_design
          [info] Import Native Bodies: Imported bodies have been scaled to model units. Please analyze the model. (2:55:30  juil. 18, 2026)
        [warning] Failed to obtain access to 'my_design.asol_priv' because another application did not release its lock.  It may be necessary to delete the file 'C:/Users/hp/Documents/Ansoft/my_project.aedtresults/.my_design.asol_priv.semaphore' or terminate the offending application. (2:57:15  juil. 18, 2026)
        [warning] Failed to obtain access to 'my_design.asol_priv' because another application did not release its lock.  It may be necessary to delete the file 'C:/Users/hp/Documents/Ansoft/my_project.aedtresults/.my_design.asol_priv.semaphore' or terminate the offending application. (2:57:15  juil. 18, 2026)
-- Message Window --
Stopping Batch Run: 3:24:26  juil. 18, 2026
 
Ansys Electronics Desktop Version 2023.1.0, Build: 2022-11-20 22:10:41
Location: C:\Program Files\AnsysEM\v231\Win64\ansysedt.exe
Non Graphical Mode: No Project??
Starting Batch Run: 3:24:32  juil. 18, 2026
Running as user: SEIFPC\hp
Temp directory: C:\Users\hp\AppData\Local\Temp
Project directory: C:\Users\hp\Documents\Ansoft
[warning] Electronics Desktop has found a recovery file for an unsaved project : Project3.aedt.auto
Please choose one of the following actions for this file: 
 Yes: Open the recovery file. 
 No: Discard the recovery file.
 Cancel: Leave the recovery file on disk ( this prompt will reappear during the next application start) .
The project 'my_project' has been edited and/or solved. Do you want to save the changes?
-- Message Window --
      *Global - Messages
        [warning] Electronics Desktop has found a recovery file for an unsaved project : Project3.aedt.auto Please choose one of the following actions for this file:   Yes: Open the recovery file.   No: Discard the recovery file.  Cancel: Leave the recovery file on disk ( this prompt will reappear during the next application start) .
        [info] GRPC server running on port: 10708. 
        [info] The project 'my_project' has been edited and/or solved. Do you want to save the changes?
      my_project (C:/Users/hp/Documents/Ansoft/)
        my_design
          [info] Import Native Bodies: Imported bodies have been scaled to model units. Please analyze the model. (3:24:55  juil. 18, 2026)
          [info] Dynamic selection highlighting setting is ignored for large models. (3:24:55  juil. 18, 2026)
          [info] Accurate transparency rendering is disabled to avoid slow rendering performance. (3:24:55  juil. 18, 2026)
-- Message Window --
Stopping Batch Run: 3:27:21  juil. 18, 2026
 
Ansys Electronics Desktop Version 2023.1.0, Build: 2022-11-20 22:10:41
Location: C:\Program Files\AnsysEM\v231\Win64\ansysedt.exe
Non Graphical Mode: No Project??
Starting Batch Run: 3:28:02  juil. 18, 2026
Running as user: SEIFPC\hp
Temp directory: C:\Users\hp\AppData\Local\Temp
Project directory: C:\Users\hp\Documents\Ansoft
[warning] Electronics Desktop has found a recovery file for an unsaved project : Project3.aedt.auto
Please choose one of the following actions for this file: 
 Yes: Open the recovery file. 
 No: Discard the recovery file.
 Cancel: Leave the recovery file on disk ( this prompt will reappear during the next application start) .
-- Message Window --
      *Global - Messages
        [warning] Electronics Desktop has found a recovery file for an unsaved project : Project3.aedt.auto Please choose one of the following actions for this file:   Yes: Open the recovery file.   No: Discard the recovery file.  Cancel: Leave the recovery file on disk ( this prompt will reappear during the next application start) .
        [info] GRPC server running on port: 4456. 
-- Message Window --
Stopping Batch Run: 3:33:19  juil. 18, 2026
Open the recovery file. 
 No: Discard the recovery file.
 Cancel: Leave the recovery file on disk ( this prompt will reappear during the next application start) .
The project 'my_project' has been edited and/or solved. Do you want to save the changes?
-- Message Window --
      *Global - Messages
        [warning] Electronics Desktop has found a recovery file for an unsaved project : Project3.aedt.auto Please choose one of the following actions for this file:   Yes: Open the recovery file.   No: Discard the recovery file.  Cancel: Leave the recovery file on disk ( this prompt will reappear during the next application start) .
        [info] GRPC server running on port: 9274. 
        [info] The project 'my_project' has been edited and/or solved. Do you want to save the changes?
      my_project (C:/Users/hp/Documents/Ansoft/)
        my_design
          [info] Import Native Bodies: Imported bodies have been scaled to model units. Please analyze the model. (3:32:28  juil. 18, 2026)
          [info] Dynamic selection highlighting setting is ignored for large models. (3:32:28  juil. 18, 2026)
          [info] Accurate transparency rendering is disabled to avoid slow rendering performance. (3:32:28  juil. 18, 2026)
-- Message Window --
Stopping Batch Run: 3:33:19  juil. 18, 2026
 
Ansys Electronics Desktop Version 2023.1.0, Build: 2022-11-20 22:10:41
Location: C:\Program Files\AnsysEM\v231\Win64\ansysedt.exe
Non Graphical Mode: No Project??
Starting Batch Run: 3:37:11  juil. 18, 2026
Running as user: SEIFPC\hp
Temp directory: C:\Users\hp\AppData\Local\Temp
Project directory: C:\Users\hp\Documents\Ansoft
[warning] Electronics Desktop has found a recovery file for an unsaved project : Project3.aedt.auto
Please choose one of the following actions for this file: 
 Yes: Open the recovery file. 
 No: Discard the recovery file.
 Cancel: Leave the recovery file on disk ( this prompt will reappear during the next application start) .
The project 'my_project' has been edited and/or solved. Do you want to save the changes?
-- Message Window --
      *Global - Messages
        [warning] Electronics Desktop has found a recovery file for an unsaved project : Project3.aedt.auto Please choose one of the following actions for this file:   Yes: Open the recovery file.   No: Discard the recovery file.  Cancel: Leave the recovery file on disk ( this prompt will reappear during the next application start) .
        [info] GRPC server running on port: 13922. 
        [info] The project 'my_project' has been edited and/or solved. Do you want to save the changes?
      my_project (C:/Users/hp/Documents/Ansoft/)
        my_design
          [info] Normal completion of simulation on server: Local Machine. (3:38:38  juil. 18, 2026)
-- Message Window --
Stopping Batch Run: 3:41:33  juil. 18, 2026
 
Ansys Electronics Desktop Version 2023.1.0, Build: 2022-11-20 22:10:41
Location: C:\Program Files\AnsysEM\v231\Win64\ansysedt.exe
Non Graphical Mode: No Project??
Starting Batch Run: 3:43:40  juil. 18, 2026
Running as user: SEIFPC\hp
Temp directory: C:\Users\hp\AppData\Local\Temp
Project directory: C:\Users\hp\Documents\Ansoft
[warning] Electronics Desktop has found a recovery file for an unsaved project : Project3.aedt.auto
Please choose one of the following actions for this file: 
 Yes: Open the recovery file. 
 No: Discard the recovery file.
 Cancel: Leave the recovery file on disk ( this prompt will reappear during the next application start) .
[error] This boundary can only be assigned to sheet objects

The project 'my_project' has been edited and/or solved. Do you want to save the changes?
-- Message Window --
      *Global - Messages
        [warning] Electronics Desktop has found a recovery file for an unsaved project : Project3.aedt.auto Please choose one of the following actions for this file:   Yes: Open the recovery file.   No: Discard the recovery file.  Cancel: Leave the recovery file on disk ( this prompt will reappear during the next application start) .
        [info] GRPC server running on port: 2614. 
        [error] This boundary can only be assigned to sheet objects 
        [info] The project 'my_project' has been edited and/or solved. Do you want to save the changes?
      my_project (C:/Users/hp/Documents/Ansoft/)
        my_design
          [info] Normal completion of simulation on server: Local Machine. (3:47:56  juil. 18, 2026)
-- Message Window --
Stopping Batch Run: 4:02:03  juil. 18, 2026
ollowing actions for this file:   Yes: Open the recovery file.   No: Discard the recovery file.  Cancel: Leave the recovery file on disk ( this prompt will reappear during the next application start) .
        [info] GRPC server running on port: 8643. 
        [info] The project 'my_project' has been edited and/or solved. Do you want to save the changes?
      my_project (C:/Users/hp/Documents/Ansoft/)
        my_design
          [info] Import Native Bodies: Imported bodies have been scaled to model units. Please analyze the model. (4:01:18  juil. 18, 2026)
-- Message Window --
Stopping Batch Run: 4:02:03  juil. 18, 2026
 
Ansys Electronics Desktop Version 2023.1.0, Build: 2022-11-20 22:10:41
Location: C:\Program Files\AnsysEM\v231\Win64\ansysedt.exe
Non Graphical Mode: No Project??
Starting Batch Run: 4:02:17  juil. 18, 2026
Running as user: SEIFPC\hp
Temp directory: C:\Users\hp\AppData\Local\Temp
Project directory: C:\Users\hp\Documents\Ansoft
[warning] Electronics Desktop has found a recovery file for an unsaved project : Project3.aedt.auto
Please choose one of the following actions for this file: 
 Yes: Open the recovery file. 
 No: Discard the recovery file.
 Cancel: Leave the recovery file on disk ( this prompt will reappear during the next application start) .
The project 'my_project' has been edited and/or solved. Do you want to save the changes?
-- Message Window --
      *Global - Messages
        [warning] Electronics Desktop has found a recovery file for an unsavRunning as user: SEIFPC\hp
Temp directory: C:\Users\hp\AppData\Local\Temp
Project directory: C:\Users\hp\Documents\Ansoft
[warning] Electronics Desktop has found a recovery file for an unsaved project : Project3.aedt.auto
Please choose one of the following actions for this file: 
 Yes: Open the recovery file. 
 No: Discard the recovery file.
 Cancel: Leave the recovery file on disk ( this prompt will reappear during the next application start) .
The project 'my_project' has been edited and/or solved. Do you want to save the changes?
-- Message Window --
      *Global - Messages
        [warning] Electronics Desktop has found a recovery file for an unsaved project : Project3.aedt.auto Please choose one of the following actions for this file:   Yes: Open the recovery file.   No: Discard the recovery file.  Cancel: Leave the recovery file on disk ( this prompt will reappear during the next application start) .
        [info] GRPC server running on port: 1984. 
        [info] The project 'my_project' has been edited and/or solved. Do you want to save the changes?
      my_project (C:/Users/hp/Documents/Ansoft/)
        my_design
          [info] Normal completion of simulation on server: Local Machine. (4:06:32  juil. 18, 2026)
-- Message Window --
Stopping Batch Run: 4:06:58  juil. 18, 2026
 
Ansys Electronics Desktop Version 2023.1.0, Build: 2022-11-20 22:10:41
Location: C:\Program Files\AnsysEM\v231\Win64\ansysedt.exe
Non Graphical Mode: No Project??
Starting Batch Run: 4:09:20  juil. 18, 2026
Running as user: SEIFPC\hp
Temp directory: C:\Users\hp\AppData\Local\Temp
Project directory: C:\Users\hp\Documents\Ansoft
[warning] Electronics Desktop has found a recovery file for an unsaved project : Project3.aedt.auto
Please choose one of the following actions for this file: 
 Yes: Open the recovery file. 
 No: Discard the recovery file.
 Cancel: Leave the recovery file on disk ( this prompt will reappear during the next application start) .
The project 'my_project' has been edited and/or solved. Do you want to save the changes?
-- Message Window --
      *Global - Messages
        [warning] Electronics Desktop has found a recovery file for an unsaved project : Project3.aedt.auto Please choose one of the following actions for this file:   Yes: Open the recovery file.   No: Discard the recovery file.  Cancel: Leave the recovery file on disk ( this prompt will reappear during the next application start) .
        [info] GRPC server running on port: 1181. 
        [info] The project 'my_project' has been edited and/or solved. Do you want to save the changes?
      my_project (C:/Users/hp/Documents/Ansoft/)
        my_design
          [info] Import Native Bodies: Imported bodies have been scaled to model units. Please analyze the model. (4:09:37  juil. 18, 2026)
          [info] Normal completion of simulation on server: Local Machine. (4:10:02  juil. 18, 2026)
-- Message Window --
Stopping Batch Run: 4:13:07  juil. 18, 2026
 
Ansys Electronics Desktop Version 2023.1.0, Build: 2022-11-20 22:10:41
Location: C:\Program Files\AnsysEM\v231\Win64\ansysedt.exe
Non Graphical Mode: No Project??
Starting Batch Run: 4:13:19  juil. 18, 2026
Running as user: SEIFPC\hp
Temp directory: C:\Users\hp\AppData\Local\Temp
Project directory: C:\Users\hp\Documents\Ansoft
[warning] Electronics Desktop has found a recovery file for an unsaved project : Project3.aedt.auto
Please choose one of the following actions for this file: 
 Yes: Open the recovery file. 
 No: Discard the recovery file.
 Cancel: Leave the recovery file on disk ( this prompt will reappear during the next application start) .
The project 'my_project' has been edited and/or solved. Do you want to save the changes?
-- Message Window --
      *Global - Messages
        [warning] Electronics Desktop has found a recovery file for an unsaved project : Project3.aedt.auto Please choose one of the following actions for this file:   Yes: Open the recovery file.   No: Discard the recovery file.  Cancel: Leave the recovery file on disk ( this prompt will reappear during the next application start) .
        [info] GRPC server running on port: 6191. 
        [info] The project 'my_project' has been edited and/or solved. Do you want to save the changes?
      my_project (C:/Users/hp/Documents/Ansoft/)
        my_design
          [info] Import Native Bodies: Imported bodies have been scaled to model units. Please analyze the model. (4:13:35  juil. 18, 2026)
          [info] Normal completion of simulation on server: Local Machine. (4:14:00  juil. 18, 2026)
-- Message Window --
Stopping Batch Run: 4:14:16  juil. 18, 2026
 
Ansys Electronics Desktop Version 2023.1.0, Build: 2022-11-20 22:10:41
Location: C:\Program Files\AnsysEM\v231\Win64\ansysedt.exe
Non Graphical Mode: No Project??
Starting Batch Run: 4:14:20  juil. 18, 2026
Running as user: SEIFPC\hp
Temp directory: C:\Users\hp\AppData\Local\Temp
Project directory: C:\Users\hp\Documents\Ansoft
[warning] Electronics Desktop has found a recovery file for an unsaved project : Project3.aedt.auto
Please choose one of the following actions for this file: 
 Yes: Open the recovery file. 
 No: Discard the recovery file.
 Cancel: Leave the recovery file on disk ( this prompt will reappear during the next application start) .
The project 'my_project' has been edited and/or solved. Do you want to save the changes?
-- Message Window --
      *Global - Messages
        [warning] Electronics Desktop has found a recovery file for an unsaved project : Project3.aedt.auto Please choose one of the following actions for this file:   Yes: Open the recovery file.   No: Discard the recovery file.  Cancel: Leave the recovery file on disk ( this prompt will reappear during the next application start) .
        [info] GRPC server running on port: 2863. 
        [info] The project 'my_project' has been edited and/or solved. Do you want to save the changes?
      my_project (C:/Users/hp/Documents/Ansoft/)
        my_design
          [info] Import Native Bodies: Imported bodies have been scaled to model units. Please analyze the model. (4:14:32  juil. 18, 2026)
          [info] Normal completion of simulation on server: Local Machine. (4:14:56  juil. 18, 2026)
-- Message Window --
Stopping Batch Run: 4:22:27  juil. 18, 2026
 
Ansys Electronics Desktop Version 2023.1.0, Build: 2022-11-20 22:10:41
Location: C:\Program Files\AnsysEM\v231\Win64\ansysedt.exe
Non Graphical Mode: No Project??
Starting Batch Run: 4:22:31  juil. 18, 2026
Running as user: SEIFPC\hp
Temp directory: C:\Users\hp\AppData\Local\Temp
Project directory: C:\Users\hp\Documents\Ansoft
[warning] Electronics Desktop has found a recovery file for an unsaved project : Project3.aedt.auto
Please choose one of the following actions for this file: 
 Yes: Open the recovery file. 
 No: Discard the recovery file.
 Cancel: Leave the recovery file on disk ( this prompt will reappear during the next application start) .
The project 'my_project' has been edited and/or solved. Do you want to save the changes?
-- Message Window --
      *Global - Messages
        [warning] Electronics Desktop has found a recovery file for an unsaved project : Project3.aedt.auto Please choose one of the following actions for this file:   Yes: Open the recovery file.   No: Discard the recovery file.  Cancel: Leave the recovery file on disk ( this prompt will reappear during the next application start) .
        [info] GRPC server running on port: 13046. 
        [info] The project 'my_project' has been edited and/or solved. Do you want to save the changes?
      my_project (C:/Users/hp/Documents/Ansoft/)
        my_design
          [info] Import Native Bodies: Imported bodies have been scaled to model units. Please analyze the model. (4:22:43  juil. 18, 2026)
          [info] Normal completion of simulation on server: Local Machine. (4:23:07  juil. 18, 2026)
-- Message Window --
Stopping Batch Run: 4:27:14  juil. 18, 2026
 
Ansys Electronics Desktop Version 2023.1.0, Build: 2022-11-20 22:10:41
Location: C:\Program Files\AnsysEM\v231\Win64\ansysedt.exe
Non Graphical Mode: No Project??
Starting Batch Run: 4:27:27  juil. 18, 2026
Running as user: SEIFPC\hp
Temp directory: C:\Users\hp\AppData\Local\Temp
Project directory: C:\Users\hp\Documents\Ansoft
[warning] Electronics Desktop has found a recovery file for an unsaved project : Project3.aedt.auto
Please choose one of the following actions for this file: 
 Yes: Open the recovery file. 
 No: Discard the recovery file.
 Cancel: Leave the recovery file on disk ( this prompt will reappear during the next application start) .
The project 'my_project' has been edited and/or solved. Do you want to save the changes?
-- Message Window --
      *Global - Messages
        [warning] Electronics Desktop has found a recovery file for an unsaved project : Project3.aedt.auto Please choose one of the following actions for this file:   Yes: Open the recovery file.   No: Discard the recovery file.  Cancel: Leave the recovery file on disk ( this prompt will reappear during the next application start) .
        [info] GRPC server running on port: 9894. 
        [info] The project 'my_project' has been edited and/or solved. Do you want to save the changes?
      my_project (C:/Users/hp/Documents/Ansoft/)
        my_design
          [info] Import Native Bodies: Imported bodies have been scaled to model units. Please analyze the model. (4:27:42  juil. 18, 2026)
          [info] Normal completion of simulation on server: Local Machine. (4:29:20  juil. 18, 2026)
-- Message Window --
Stopping Batch Run: 4:35:19  juil. 18, 2026
 
Ansys Electronics Desktop Version 2023.1.0, Build: 2022-11-20 22:10:41
Location: C:\Program Files\AnsysEM\v231\Win64\ansysedt.exe
Non Graphical Mode: No Project??
Starting Batch Run: 4:35:25  juil. 18, 2026
Running as user: SEIFPC\hp
Temp directory: C:\Users\hp\AppData\Local\Temp
Project directory: C:\Users\hp\Documents\Ansoft
[warning] Electronics Desktop has found a recovery file for an unsaved project : Project3.aedt.auto
Please choose one of the following actions for this file: 
 Yes: Open the recovery file. 
 No: Discard the recovery file.
 Cancel: Leave the recovery file on disk ( this prompt will reappear during the next application start) .
-- Message Window --
      *Global - Messages
        [warning] Electronics Desktop has found a recovery file for an unsaved project : Project3.aedt.auto Please choose one of the following actions for this file:   Yes: Open the recovery file.   No: Discard the recovery file.  Cancel: Leave the recovery file on disk ( this prompt will reappear during the next application start) .
        [info] GRPC server running on port: 14241. 
-- Message Window --
Stopping Batch Run: 4:36:01  juil. 18, 2026
 
Ansys Electronics Desktop Version 2023.1.0, Build: 2022-11-20 22:10:41
Location: C:\Program Files\AnsysEM\v231\Win64\ansysedt.exe
Non Graphical Mode: No Project??
Starting Batch Run: 4:36:26  juil. 18, 2026
Running as user: SEIFPC\hp
Temp directory: C:\Users\hp\AppData\Local\Temp
Project directory: C:\Users\hp\Documents\Ansoft
[warning] Electronics Desktop has found a recovery file for an unsaved project : Project3.aedt.auto
Please choose one of the following actions for this file: 
 Yes: Open the recovery file. 
 No: Discard the recovery file.
 Cancel: Leave the recovery file on disk ( this prompt will reappear during the next application start) .
The project 'my_project' has been edited and/or solved. Do you want to save the changes?
-- Message Window --
      *Global - Messages
        [warning] Electronics Desktop has found a recovery file for an unsaved project : Project3.aedt.auto Please choose one of the following actions for this file:   Yes: Open the recovery file.   No: Discard the recovery file.  Cancel: Leave the recovery file on disk ( this prompt will reappear during the next application start) .
        [info] GRPC server running on port: 1388. 
        [info] The project 'my_project' has been edited and/or solved. Do you want to save the changes?
      my_project (C:/Users/hp/Documents/Ansoft/)
        my_design
          [info] Import Native Bodies: Imported bodies have been scaled to model units. Please analyze the model. (4:36:39  juil. 18, 2026)
          [info] Normal completion of simulation on server: Local Machine. (4:37:05  juil. 18, 2026)
-- Message Window --
Stopping Batch Run: 4:38:26  juil. 18, 2026
 
Ansys Electronics Desktop Version 2023.1.0, Build: 2022-11-20 22:10:41
Location: C:\Program Files\AnsysEM\v231\Win64\ansysedt.exe
Non Graphical Mode: No Project??
Starting Batch Run: 4:39:54  juil. 18, 2026
Running as user: SEIFPC\hp
Temp directory: C:\Users\hp\AppData\Local\Temp
Project directory: C:\Users\hp\Documents\Ansoft
[warning] Electronics Desktop has found a recovery file for an unsaved project : Project3.aedt.auto
Please choose one of the following actions for this file: 
 Yes: Open the recovery file. 
 No: Discard the recovery file.
 Cancel: Leave the recovery file on disk ( this prompt will reappear during the next application start) .
The project 'my_project' has been edited and/or solved. Do you want to save the changes?
-- Message Window --
      *Global - Messages
        [warning] Electronics Desktop has found a recovery file for an unsaved project : Project3.aedt.auto Please choose one of the following actions for this file:   Yes: Open the recovery file.   No: Discard the recovery file.  Cancel: Leave the recovery file on disk ( this prompt will reappear during the next application start) .
        [info] GRPC server running on port: 9977. 
        [info] The project 'my_project' has been edited and/or solved. Do you want to save the changes?
      my_project (C:/Users/hp/DocumeThe project 'my_project' has been edited and/or solved. Do you want to save the changes?
-- Message Window --
      *Global - Messages
        [warning] Electronics Desktop has found a recovery file for an unsaved project : Project3.aedt.auto Please choose one of the following actions for this file:   Yes: Open the recovery file.   No: Discard the recovery file.  Cancel: Leave the recovery file on disk ( this prompt will reappear during the next application start) .
        [info] GRPC server running on port: 5815. 
        [info] The project 'my_project' has been edited and/or solved. Do you want to save the changes?
      my_project (C:/Users/hp/Documents/Ansoft/)
        my_design
          [info] Import Native Bodies: Imported bodies have been scaled to model units. Please analyze the model. (4:41:22  juil. 18, 2026)
          [error] Parts "pinsulator_1" and "primary_secondary_insulation" intersect. (4:41:36  juil. 18, 2026)
          [error] Simulation completed with execution error on server: Local Machine. (4:41:37  juil. 18, 2026)
          [error] Script macro error: Simulation for my_project : my_design : CapSetup has failed with execution error.  (4:41:37  juil. 18, 2026)
          [error] Unable to get valid solution data for export. (4:41:37  juil. 18, 2026)
          [info] Accurate transparency rendering is disabled to avoid slow rendering performance. (4:41:49  juil. 18, 2026)
-- Message Window --
Stopping Batch Run: 4:42:21  juil. 18, 2026
 
Ansys Electronics Desktop Version 2023.1.0, Build: 2022-11-20 22:10:41
Location: C:\Program Files\AnsysEM\v231\Win64\ansysedt.exe
Non Graphical Mode: No Project??
Starting Batch Run: 4:42:38  juil. 18, 2026
Running as user: SEIFPC\hp
Temp directory: C:\Users\hp\AppData\Local\Temp
Project directory: C:\Users\hp\Documents\Ansoft
[warning] Electronics Desktop has found a recovery file for an unsaved project : Project3.aedt.auto
Please choose one of the following actions for this file: 
 Yes: Open the recovery file. 
 No: Discard the recovery file.
 Cancel: Leave the recovery file on disk ( this prompt will reappear during the next application start) .
The project 'my_project' has been edited and/or solved. Do you want to save the changes?
-- Message Window --
      *Global - Messages
        [warning] Electronics Desktop has found a recovery file for an unsaved project : Project3.aedt.auto Please choose one of the following actions for this file:   Yes: Open the recovery file.   No: Discard the recovery file.  Cancel: Leave the recovery file on disk ( this prompt will reappear during the next application start) .
        [info] GRPC server running on port: 8032. 
        [info] The project 'my_project' has been edited and/or solved. Do you want to save the changes?
      my_project (C:/Users/hp/Documents/Ansoft/)
        my_design
          [info] Import Native Bodies: Imported bodies have been scaled to model units. Please analyze the model. (4:42:51  juil. 18, 2026)
          [error] Parts "pinsulator_1" and "primary_secondary_insulation" intersect. (4:43:02  juil. 18, 2026)
          [error] Simulation completed with execution error on server: Local Machine. (4:43:04  juil. 18, 2026)
          [error] Script macro error: Simulation for my_project : my_design : CapSetup has failed with execution error.  (4:43:04  juil. 18, 2026)
          [error] Unable to get valid solution data for export. (4:43:04  juil. 18, 2026)
-- Message Window --
Stopping Batch Run: 4:45:08  juil. 18, 2026
 
Ansys Electronics Desktop Version 2023.1.0, Build: 2022-11-20 22:10:41
Location: C:\Program Files\AnsysEM\v231\Win64\ansysedt.exe
Non Graphical Mode: No Project??
Starting Batch Run: 4:45:12  juil. 18, 2026
Running as user: SEIFPC\hp
Temp directory: C:\Users\hp\AppData\Local\Temp
Project directory: C:\Users\hp\Documents\Ansoft
[warning] Electronics Desktop has found a recovery file for an unsaved project : Project3.aedt.auto
Please choose one of the following actions for this file: 
 Yes: Open the recovery file. 
 No: Discard the recovery file.
 Cancel: Leave the recovery file on disk ( this prompt will reappear during the next application start) .
The project 'my_project' has been edited and/or solved. Do you want to save the changes?
-- Message Window --
      *Global - Messages
        [warning] Electronics Desktop has found a recovery file for an unsaved project : Project3.aedt.auto Please choose one of the following actions for this file:   Yes: Open the recovery file.   No: Discard the recovery file.  Cancel: Leave the recovery file on disk ( this prompt will reappear during the next application start) .
        [info] GRPC server running on port: 9430. 
        [info] The project 'my_project' has been edited and/or solved. Do you want to save the changes?
      my_project (C:/Users/hp/Documents/Ansoft/)
        my_design
          [info] Import Native Bodies: Imported bodies have been scaled to model units. Please analyze the model. (4:45:29  juil. 18, 2026)
          [error] Parts "sinsulator_0" and "primary_secondary_insulation" intersect. (4:45:39  juil. 18, 2026)
          [error] Parts "pinsulator_1" and "primary_secondary_insulation" intersect. (4:45:39  juil. 18, 2026)
          [error] Parts "primary_secondary_insulation" and "rings10" intersect. (4:45:39  juil. 18, 2026)
          [error] Parts "primary_secondary_insulation" and "rings9" intersect. (4:45:39  juil. 18, 2026)
          [error] Parts "primary_secondary_insulation" and "rings8" intersect. (4:45:39  juil. 18, 2026)
          [error] Parts "primary_secondary_insulation" and "rings7" intersect. (4:45:39  juil. 18, 2026)
          [error] Parts "primary_secondary_insulation" and "rings6" intersect. (4:45:39  juil. 18, 2026)
          [error] Parts "primary_secondary_insulation" and "rings5" intersect. (4:45:39  juil. 18, 2026)
          [error] Parts "primary_secondary_insulation" and "rings4" intersect. (4:45:39  juil. 18, 2026)
          [error] Parts "primary_secondary_insulation" and "rings3" intersect. (4:45:39  juil. 18, 2026)
          [error] Parts "primary_secondary_insulation" and "rings2" intersect. (4:45:39  juil. 18, 2026)
          [error] Parts "primary_secondary_insulation" and "rings1" intersect. (4:45:39  juil. 18, 2026)
          [error] Simulation completed with execution error on server: Local Machine. (4:45:40  juil. 18, 2026)
          [error] Script macro error: Simulation for my_project : my_design : CapSetup has failed with execution error.  (4:45:40  juil. 18, 2026)
          [error] Unable to get valid solution data for export. (4:45:40  juil. 18, 2026)
-- Message Window --
Stopping Batch Run: 4:49:25  juil. 18, 2026
 
Ansys Electronics Desktop Version 2023.1.0, Build: 2022-11-20 22:10:41
Location: C:\Program Files\AnsysEM\v231\Win64\ansysedt.exe
Non Graphical Mode: No Project??
Starting Batch Run: 4:49:29  juil. 18, 2026
Running as user: SEIFPC\hp
Temp directory: C:\Users\hp\AppData\Local\Temp
Project directory: C:\Users\hp\Documents\Ansoft
[warning] Electronics Desktop has found a recovery file for an unsaved project : Project3.aedt.auto
Please choose one of the following actions for this file: 
 Yes: Open the recovery file. 
 No: Discard the recovery file.
 Cancel: Leave the recovery file on disk ( this prompt will reappear during the next application start) .
The project 'my_project' has been edited and/or solved. Do you want to save the changes?
-- Message Window --
      *Global - Messages
        [warning] Electronics Desktop has found a recovery file for an unsaved project : Project3.aedt.auto Please choose one of the following actions for this file:   Yes: Open the recovery file.   No: Discard the recovery file.  Cancel: Leave the recovery file on disk ( this prompt will reappear during the next application start) .
        [info] GRPC server running on port: 14234. 
        [info] The project 'my_project' has been edited and/or solved. Do you want to save the changes?
      my_project (C:/Users/hp/Documents/Ansoft/)
        my_design
          [info] Import Native Bodies: Imported bodies have been scaled to model units. Please analyze the model. (4:49:42  juil. 18, 2026)
          [error] Parts "sinsulator_0" and "primary_secondary_insulation" intersect. (4:49:51  juil. 18, 2026)
          [error] Parts "pinsulator_1" and "primary_secondary_insulation" intersect. (4:49:52  juil. 18, 2026)
          [error] Parts "primary_secondary_insulation" and "rings10" intersect. (4:49:52  juil. 18, 2026)
          [error] Parts "primary_secondary_insulation" and "rings9" intersect. (4:49:52  juil. 18, 2026)
          [error] Parts "primary_secondary_insulation" and "rings8" intersect. (4:49:52  juil. 18, 2026)
          [error] Parts "primary_secondary_insulation" and "rings7" intersect. (4:49:52  juil. 18, 2026)
          [error] Parts "primary_secondary_insulation" and "rings6" intersect. (4:49:52  juil. 18, 2026)
          [error] Parts "primary_secondary_insulation" and "rings5" intersect. (4:49:52  juil. 18, 2026)
          [error] Parts "primary_secondary_insulation" and "rings4" intersect. (4:49:52  juil. 18, 2026)
          [error] Parts "primary_secondary_insulation" and "rings3" intersect. (4:49:52  juil. 18, 2026)
          [error] Parts "primary_secondary_insulation" and "rings2" intersect. (4:49:52  juil. 18, 2026)
          [error] Parts "primary_secondary_insulation" and "rings1" intersect. (4:49:52  juil. 18, 2026)
          [error] Simulation completed with execution error on server: Local Machine. (4:49:53  juil. 18, 2026)
          [error] Script macro error: Simulation for my_project : my_design : CapSetup has failed with execution error.  (4:49:53  juil. 18, 2026)
          [error] Unable to get valid solution data for export. (4:49:53  juil. 18, 2026)
-- Message Window --
Stopping Batch Run: 4:55:05  juil. 18, 2026
 
Ansys Electronics Desktop Version 2023.1.0, Build: 2022-11-20 22:10:41
Location: C:\Program Files\AnsysEM\v231\Win64\ansysedt.exe
Non Graphical Mode: No Project??
Starting Batch Run: 4:55:12  juil. 18, 2026
Running as user: SEIFPC\hp
Temp directory: C:\Users\hp\AppData\Local\Temp
Project directory: C:\Users\hp\Documents\Ansoft
[warning] Electronics Desktop has found a recovery file for an unsaved project : Project3.aedt.auto
Please choose one of the following actions for this file: 
 Yes: Open the recovery file. 
 No: Discard the recovery file.
 Cancel: Leave the recovery file on disk ( this prompt will reappear during the next application start) .
The project 'my_project' has been edited and/or solved. Do you want to save the changes?
-- Message Window --
      *Global - Messages
        [warning] Electronics Desktop has found a recovery file for an unsaved project : Project3.aedt.auto Please choose one of the following actions for this file:   Yes: Open the recovery file.   No: Discard the recovery file.  Cancel: Leave the recovery file on disk ( this prompt will reappear during the next application start) .
        [info] GRPC server running on port: 3309. 
        [info] The project 'my_project' has been edited and/or solved. Do you want to save the changes?
      my_project (C:/Users/hp/DocumeThe project 'my_project' has been edited and/or solved. Do you want to save the changes?
-- Message Window --
      *Global - Messages
        [warning] Electronics Desktop has found a recovery file for an unsaved project : Project3.aedt.auto Please choose one of the following actions for this file:   Yes: Open the recovery file.   No: Discard the recovery file.  Cancel: Leave the recovery file on disk ( this prompt will reappear during the next application start) .
        [info] GRPC server running on port: 2537. 
        [info] The project 'my_project' has been edited and/or solved. Do you want to save the changes?
      my_project (C:/Users/hp/Documents/Ansoft/)
        my_design
          [info] Import Native Bodies: Imported bodies have been scaled to model units. Please analyze the model. (4:58:16  juil. 18, 2026)
          [error] Error updating solution state for solution: AdaptivePass. (4:58:51  juil. 18, 2026)
          [error] Simulation completed with execution error on server: Local Machine. (4:58:52  jui[warning] Electronics Desktop has found a recovery file for an unsaved project : Project3.aedt.auto
Please choose one of the following actions for this file: 
 Yes: Open the recovery file. 
 No: Discard the recovery file.
 Cancel: Leave the recovery file on disk ( this prompt will reappear during the next application start) .
The project 'my_project' has been edited and/or solved. Do you want to save the changes?
-- Message Window --
      *Global - Messages
        [warning] Electronics Desktop has found a recovery file for an unsaved project : Project3.aedt.auto Please choose one of the following actions for this file:   Yes: Open the recovery file.   No: Discard the recovery file.  Cancel: Leave the recovery file on disk ( this prompt will reappear during the next application start) .
        [info] GRPC server running on port: 2046. 
        [info] The project 'my_project' has been edited and/or solved. Do you want to save the changes?
      my_project (C:/Users/hp/Documents/Ansoft/)
        my_design
          [info] Import Native Bodies: Imported bodies have been scaled to model units. Please analyze the model. (4:59:57  juil. 18, 2026)
          [info] Normal completion of simulation on server: Local Machine. (5:00:55  juil. 18, 2026)
-- Message Window --
Stopping Batch Run: 5:16:42  juil. 18, 2026
 
Ansys Electronics Desktop Version 2023.1.0, Build: 2022-11-20 22:10:41
Location: C:\Program Files\AnsysEM\v231\Win64\ansysedt.exe
Non Graphical Mode: No Project??
Starting Batch Run: 5:16:49  juil. 18, 2026
Running as user: SEIFPC\hp
Temp directory: C:\Users\hp\AppData\Local\Temp
Project directory: C:\Users\hp\Documents\Ansoft
[warning] Electronics Desktop has found a recovery file for an unsaved project : Project3.aedt.auto
Please choose one of the following actions for this file: 
 Yes: Open the recovery file. 
 No: Discard the recovery file.
 Cancel: Leave the recovery file on disk ( this prompt will reappear during the next application start) .
The project 'my_project' has been edited and/or solved. Do you want to save the changes?
-- Message Window --
      *Global - Messages
        [warning] Electronics Desktop has found a recovery file for an unsaved project : Project3.aedt.auto Please choose one of the following actions for this file:   Yes: Open the recovery file.   No: Discard the recovery file.  Cancel: Leave the recovery file on disk ( this prompt will reappear during the next application start) .
        [info] GRPC server running on port: 14715. 
        [info] The project 'my_project' has been edited and/or solved. Do you want to save the changes?
      my_project (C:/Users/hp/Documents/Ansoft/)
        my_design
          [info] Import Native Bodies: Imported bodies have been scaled to model units. Please analyze the model. (5:17:01  juil. 18, 2026)
          [info] Normal completion of simulation on server: Local Machine. (5:17:31  juil. 18, 2026)
-- Message Window --
Stopping Batch Run: 5:20:55  juil. 18, 2026
 
Ansys Electronics Desktop Version 2023.1.0, Build: 2022-11-20 22:10:41
Location: C:\Program Files\AnsysEM\v231\Win64\ansysedt.exe
Non Graphical Mode: No Project??
Starting Batch Run: 5:21:02  juil. 18, 2026
Running as user: SEIFPC\hp
Temp directory: C:\Users\hp\AppData\Local\Temp
Project directory: C:\Users\hp\Documents\Ansoft
[warning] Electronics Desktop has found a recovery file for an unsaved project : Project3.aedt.auto
Please choose one of the following actions for this file: 
 Yes: Open the recovery file. 
 No: Discard the recovery file.
 Cancel: Leave the recovery file on disk ( this prompt will reappear during the next application start) .
The project 'my_project' has been edited and/or solved. Do you want to save the changes?
-- Message Window --
      *Global - Messages
        [warning] Electronics Desktop has found a recovery file for an unsaved project : Project3.aedt.auto Please choose one of the following actions for this file:   Yes: Open the recovery file.   No: Discard the recovery file.  Cancel: Leave the recovery file on disk ( this prompt will reappear during the next application start) .
        [info] GRPC server running on port: 3883. 
        [info] The project 'my_project' has been edited and/or solved. Do you want to save the changes?
      my_project (C:/Users/hp/Documents/Ansoft/)
        my_design
          [info] Import Native Bodies: Imported bodies have been scaled to model units. Please analyze the model. (5:21:14  juil. 18, 2026)
          [info] Normal completion of simulation on server: Local Machine. (5:21:42  juil. 18, 2026)
          [error] Can not open file 'C:/Users/hp/OneDrive - CEFEM INDUSTRIES/Thése/simulations/ngsolve_sim/cap_matrix.csv' for exporting. (5:21:42  juil. 18, 2026)
-- Message Window --
Stopping Batch Run: 5:21:58  juil. 18, 2026
 
Ansys Electronics Desktop Version 2023.1.0, Build: 2022-11-20 22:10:41
Location: C:\Program Files\AnsysEM\v231\Win64\ansysedt.exe
Non Graphical Mode: No Project??
Starting Batch Run: 5:22:03  juil. 18, 2026
Running as user: SEIFPC\hp
Temp directory: C:\Users\hp\AppData\Local\Temp
Project directory: C:\Users\hp\Documents\Ansoft
[warning] Electronics Desktop has found a recovery file for an unsaved project : Project3.aedt.auto
Please choose one of the following actions for this file: 
 Yes: Open the recovery file. 
 No: Discard the recovery file.
 Cancel: Leave the recovery file on disk ( this prompt will reappear during the next application start) .
The project 'my_project' has been edited and/or solved. Do you want to save the changes?
-- Message Window --
      *Global - Messages
        [warning] Electronics Desktop has found a recovery file for an unsaved project : Project3.aedt.auto Please choose one of the following actions for this file:   Yes: Open the recovery file.   No: Discard the recovery file.  Cancel: Leave the recovery file on disk ( this prompt will reappear during the next application start) .
        [info] GRPC server running on port: 6333. 
        [info] The project 'my_project' has been edited and/or solved. Do you want to save the changes?
      my_project (C:/Users/hp/Documents/Ansoft/)
        my_design
          [info] Import Native Bodies: Imported bodies have been scaled to model units. Please analyze the model. (5:22:16  juil. 18, 2026)
          [info] Normal completion of simulation on server: Local Machine. (5:22:43  juil. 18, 2026)
-- Message Window --
Stopping Batch Run: 5:40:28  juil. 18, 2026
 
Ansys Electronics Desktop Version 2023.1.0, Build: 2022-11-20 22:10:41
Location: C:\Program Files\AnsysEM\v231\Win64\ansysedt.exe
Non Graphical Mode: No Project??
Starting Batch Run: 5:40:56  juil. 18, 2026
Running as user: SEIFPC\hp
Temp directory: C:\Users\hp\AppData\Local\Temp
Project directory: C:\Users\hp\Documents\Ansoft
[warning] Electronics Desktop has found a recovery file for an unsaved project : Project3.aedt.auto
Please choose one of the following actions for this file: 
 Yes: Open the recovery file. 
 No: Discard the recovery file.
 Cancel: Leave the recovery file on disk ( this prompt will reappear during the next application start) .
The project 'my_project' has been edited and/or solved. Do you want to save the changes?
-- Message Window --
      *Global - Messages
        [warning] Electronics Desktop has found a recovery file for an unsaved project : Project3.aedt.auto Please choose one of the following actions for this file:   Yes: Open the recovery file.   No: Discard the recovery file.  Cancel: Leave the recovery file on disk ( this prompt will reappear during the next application start) .
        [info] GRPC server running on port: 3059. 
        [info] The project 'my_project' has been edited and/or solved. Do you want to save the changes?
      my_project (C:/Users/hp/Documents/Ansoft/)
        my_design
          [info] Import Native Bodies: Imported bodies have been scaled to model units. Please analyze the model. (5:41:09  juil. 18, 2026)
          [info] Normal completion of simulation on server: Local Machine. (5:41:36  juil. 18, 2026)
-- Message Window --
Stopping Batch Run: 5:51:48  juil. 18, 2026
 
Ansys Electronics Desktop Version 2023.1.0, Build: 2022-11-20 22:10:41
Location: C:\Program Files\AnsysEM\v231\Win64\ansysedt.exe
Non Graphical Mode: No Project??
Starting Batch Run: 5:51:52  juil. 18, 2026
Running as user: SEIFPC\hp
Temp directory: C:\Users\hp\AppData\Local\Temp
Project directory: C:\Users\hp\Documents\Ansoft
[warning] Electronics Desktop has found a recovery file for an unsaved project : Project3.aedt.auto
Please choose one of the following actions for this file: 
 Yes: Open the recovery file. 
 No: Discard the recovery file.
 Cancel: Leave the recovery file on disk ( this prompt will reappear during the next application start) .
-- Message Window --
      *Global - Messages
        [warning] Electronics Desktop has found a recovery file for an unsaved project : Project3.aedt.auto Please choose one of the following actions for this file:   Yes: Open the recovery file.   No: Discard the recovery file.  Cancel: Leave the recovery file on disk ( this prompt will reappear during the next application start) .
        [info] GRPC server running on port: 11768. 
-- Message Window --
Stopping Batch Run: 5:52:13  juil. 18, 2026
cannot be closed right now because it is being used by another application, script or extension wizard.

The project 'my_project' has been edited and/or solved. Do you want to save the changes?
-- Message Window --
      *Global - Messages
        [warning] Electronics Desktop has found a recovery file for an unsaved project : Project3.aedt.auto Please choose one of the following actions for this file:   Yes: Open the recovery file.   No: Discard the recovery file.  Cancel: Leave the recovery file on disk ( this prompt will reappear during the next application start) .
        [info] GRPC server running on port: 11782. 
        [warning] Electronics Desktop cannot be closed right now because it is being used by another application, script or extension wizard. 
        [warning] Electronics Desktop cannot be closed right now because it is being used by another application, script or extension wizard.
        [warning] Electronics Desktop cannot be closed right now because it is being used by another application, script or extension wizard. 
        [warning] Electronics Desktop cannot be closed right now because it is being used by another application, script or extension wizard.
        [info] The project 'my_project' has been edited and/or solved. Do you want to save the changes?
      my_project (C:/Users/hp/Documents/Ansoft/)
        my_design
          [info] Import Native Bodies: Imported bodies have been scaled to model units. Please analyze the model. (5:52:13  juil. 18, 2026)
-- Message Window --
Stopping Batch Run: 5:52:18  juil. 18, 2026
 
Ansys Electronics Desktop Version 2023.1.0, Build: 2022-11-20 22:10:41
Location: C:\Program Files\AnsysEM\v231\Win64\ansysedt.exe
Non Graphical Mode: No Project??
Starting Batch Run: 5:52:23  juil. 18, 2026
Running as user: SEIFPC\hp
Temp directory: C:\Users\hp\AppData\Local\Temp
Project directory: C:\Users\hp\Documents\Ansoft
[warning] Electronics Desktop has found a recovery file for an unsaved project : Project3.aedt.auto
Please choose one of the following actions for this file: 
 Yes: Open the recovery file. 
 No: Discard the recovery file.
 Cancel: Leave the recovery file on disk ( this prompt will reappear during the next application start) .
The project 'my_project' has been edited and/or solved. Do you want to save the changes?
-- Message Window --
      *Global - Messages
        [warning] Electronics Desktop has found a recovery file for an unsaved project : Project3.aedt.auto Please choose one of the following actions for this file:   Yes: Open the recovery file.   No: Discard the recovery file.  Cancel: Leave the recovery file on disk ( this prompt will reappear during the next application start) .
        [info] GRPC server running on port: 8009. 
        [info] The project 'my_project' has been edited and/or solved. Do you want to save the changes?
      my_project (C:/Users/hp/Documents/Ansoft/)
        my_design
          [info] Import Native Bodies: Imported bodies have been scaled to model units. Please analyze the model. (5:52:37  juil. 18, 2026)
          [info] Normal completion of simulation on server: Local Machine. (5:53:19  juil. 18, 2026)
          [warning] my_design: Solutions have been invalidated. Undo to recover. (5:53:19  juil. 18, 2026)
          [error] Script macro error: Net 'Core': Net should be assigned on conductors (5:53:19  juil. 18, 2026)
-- Message Window --
Stopping Batch Run: 5:54:00  juil. 18, 2026
 
Ansys Electronics Desktop Version 2023.1.0, Build: 2022-11-20 22:10:41
Location: C:\Program Files\AnsysEM\v231\Win64\ansysedt.exe
Non Graphical Mode: No Project??
Starting Batch Run: 5:54:08  juil. 18, 2026
Running as user: SEIFPC\hp
Temp directory: C:\Users\hp\AppData\Local\Temp
Project directory: C:\Users\hp\Documents\Ansoft
[warning] Electronics Desktop has found a recovery file for an unsaved project : Project3.aedt.auto
Please choose one of the following actions for this file: 
 Yes: Open the recovery file. 
 No: Discard the recovery file.
 Cancel: Leave the recovery file on disk ( this prompt will reappear during the next application start) .
The project 'my_project' has been edited and/or solved. Do you want to save the changes?
-- Message Window --
      *Global - Messages
        [warning] Electronics Desktop has found a recovery file for an unsaved project : Project3.aedt.auto Please choose one of the following actions for this file:   Yes: Open the recovery file.   No: Discard the recovery file.  Cancel: Leave the recovery file on disk ( this prompt will reappear during the next application start) .
        [info] GRPC server running on port: 12082. 
        [info] The project 'my_project' has been edited and/or solved. Do you want to save the changes?
      my_project (C:/Users/hp/Documents/Ansoft/)
        my_design
          [info] Import Native Bodies: Imported bodies have been scaled to model units. Please analyze the model. (5:54:20  juil. 18, 2026)
          [info] Normal completion of simulation on server: Local Machine. (5:54:46  juil. 18, 2026)
-- Message Window --
Stopping Batch Run: 5:55:15  juil. 18, 2026
 
Ansys Electronics Desktop Version 2023.1.0, Build: 2022-11-20 22:10:41
Location: C:\Program Files\AnsysEM\v231\Win64\ansysedt.exe
Non Graphical Mode: No Project??
Starting Batch Run: 5:56:00  juil. 18, 2026
Running as user: SEIFPC\hp
Temp directory: C:\Users\hp\AppData\Local\Temp
Project directory: C:\Users\hp\Documents\Ansoft
[warning] Electronics Desktop has found a recovery file for an unsaved project : Project3.aedt.auto
Please choose one of the following actions for this file: 
 Yes: Open the recovery file. 
 No: Discard the recovery file.
 Cancel: Leave the recovery file on disk ( this prompt will reappear during the next application start) .
The project 'my_project' has been edited and/or solved. Do you want to save the changes?
-- Message Window --
      *Global - Messages
        [warning] Electronics Desktop has found a recovery file for an unsaved project : Project3.aedt.auto Please choose one of the following actions for this file:   Yes: Open the recovery file.   No: Discard the recovery file.  Cancel: Leave the recovery file on disk ( this prompt will reappear during the next application start) .
        [info] GRPC server running on port: 2832. 
        [info] The project 'my_project' has been edited and/or solved. Do you want to save the changes?
      my_project (C:/Users/hp/Documents/Ansoft/)
        my_design
          [info] Import Native Bodies: Imported bodies have been scaled to model units. Please analyze the model. (5:56:13  juil. 18, 2026)
          [info] Normal completion of simulation on server: Local Machine. (5:56:34  juil. 18, 2026)
          [warning] my_design: Solutions have been invalidated. Undo to recover. (5:56:47  juil. 18, 2026)
          [error] Script macro error: Net 'Core': Net should be assigned on conductors (5:56:47  juil. 18, 2026)
-- Message Window --
Stopping Batch Run: 5:57:19  juil. 18, 2026
 
Ansys Electronics Desktop Version 2023.1.0, Build: 2022-11-20 22:10:41
Location: C:\Program Files\AnsysEM\v231\Win64\ansysedt.exe
Non Graphical Mode: No Project??
Starting Batch Run: 5:57:43  juil. 18, 2026
Running as user: SEIFPC\hp
Temp directory: C:\Users\hp\AppData\Local\Temp
Project directory: C:\Users\hp\Documents\Ansoft
[warning] Electronics Desktop has found a recovery file for an unsaved project : Project3.aedt.auto
Please choose one of the following actions for this file: 
 Yes: Open the recovery file. 
 No: Discard the recovery file.
 Cancel: Leave the recovery file on disk ( this prompt will reappear during the next application start) .
The project 'my_project' has been edited and/or solved. Do you want to save the changes?
-- Message Window --
      *Global - Messages
        [warning] Electronics Desktop has found a recovery file for an unsaved project : Project3.aedt.auto Please choose one of the following actions for this file:   Yes: Open the recovery file.   No: Discard the recovery file.  Cancel: Leave the recovery file on disk ( this prompt will reappear during the next application start) .
        [info] GRPC server running on port: 2934. 
        [info] The project 'my_project' has been edited and/or solved. Do you want to save the changes?
      my_project (C:/Users/hp/Documents/Ansoft/)
        my_design
          [info] Import Native Bodies: Imported bodies have been scaled to model units. Please analyze the model. (5:58:00  juil. 18, 2026)
          [info] Normal completion of simulation on server: Local Machine. (5:58:18  juil. 18, 2026)
          [warning] my_design: Solutions have been invalidated. Undo to recover. (5:58:20  juil. 18, 2026)
          [error] Net 'Core': Incorrect net. Net should contain a completely connected conductor (5:58:43  juil. 18, 2026)
          [error] Net 'Core': Net should be assigned on conductors (5:58:43  juil. 18, 2026)
          [error] Simulation completed with execution error on server: Local Machine. (5:58:44  juil. 18, 2026)
          [error] Script macro error: Simulation for my_project : my_design : CapSetup has failed with execution error.  (5:58:44  juil. 18, 2026)
          [error] Unable to get valid solution data for export. (5:58:44  juil. 18, 2026)
-- Message Window --
Stopping Batch Run: 6:00:19  juil. 18, 2026
 
Ansys Electronics Desktop Version 2023.1.0, Build: 2022-11-20 22:10:41
Location: C:\Program Files\AnsysEM\v231\Win64\ansysedt.exe
Non Graphical Mode: No Project??
Starting Batch Run: 6:00:23  juil. 18, 2026
Running as user: SEIFPC\hp
Temp directory: C:\Users\hp\AppData\Local\Temp
Project directory: C:\Users\hp\Documents\Ansoft
[warning] Electronics Desktop has found a recovery file for an unsaved project : Project3.aedt.auto
Please choose one of the following actions for this file: 
 Yes: Open the recovery file. 
 No: Discard the recovery file.
 Cancel: Leave the recovery file on disk ( this prompt will reappear during the next application start) .
The project 'my_project' has been edited and/or solved. Do you want to save the changes?
-- Message Window --
      *Global - Messages
        [warning] Electronics Desktop has found a recovery file for an unsaved project : Project3.aedt.auto Please choose one of the following actions for this file:   Yes: Open the recovery file.   No: Discard the recovery file.  Cancel: Leave the recovery file on disk ( this prompt will reappear during the next application start) .
        [info] GRPC server running on port: 7394. 
        [info] The project 'my_project' has been edited and/or solved. Do you want to save the changes?
      my_project (C:/Users/hp/Documents/Ansoft/)
        my_design
          [info] Normal completion of simulation on server: Local Machine. (6:02:08  juil. 18, 2026)
          [warning] Adaptive Passes for AC R/L did not converge based on specified criteria. (6:03:45  juil. 18, 2026)
          [info] Normal completion of simulation on server: Local Machine. (6:03:45  juil. 18, 2026)
-- Message Window --
Stopping Batch Run: 6:03:57  juil. 18, 2026
 
Ansys Electronics Desktop Version 2023.1.0, Build: 2022-11-20 22:10:41
Location: C:\Program Files\AnsysEM\v231\Win64\ansysedt.exe
Non Graphical Mode: No Project??
Starting Batch Run: 6:04:37  juil. 18, 2026
Running as user: SEIFPC\hp
Temp directory: C:\Users\hp\AppData\Local\Temp
Project directory: C:\Users\hp\Documents\Ansoft
[warning] Electronics Desktop has found a recovery file for an unsaved project : Project3.aedt.auto
Please choose one of the following actions for this file: 
 Yes: Open the recovery file. 
 No: Discard the recovery file.
 Cancel: Leave the recovery file on disk ( this prompt will reappear during the next application start) .
The project 'my_project' has been edited and/or solved. Do you want to save the changes?
-- Message Window --
      *Global - Messages
        [warning] Electronics Desktop has found a recovery file for an unsaved project : Project3.aedt.auto Please choose one of the following actions for this file:   Yes: Open the recovery file.   No: Discard the recovery file.  Cancel: Leave the recovery file on disk ( this prompt will reappear during the next application start) .
        [info] GRPC server running on port: 11031. 
        [info] The project 'my_project' has been edited and/or solved. Do you want to save the changes?
      my_project (C:/Users/hp/Documents/Ansoft/)
        my_design
          [info] Import Native Bodies: Imported bodies h-- Message Window --
      *Global - Messages
        [warning] Electronics Desktop has found a recovery file for an unsaved project : Project3.aedt.auto Please choose one of the following actions for this fStopping Batch Run: 6:10:08  juil. 18, 2026
card the recovery file.  Cancel: Leave the recovery file on disk ( this prompt will reappear during the next application start) .
        [info] GRPC server running on port: 13073. 
        [info] The project 'my_project' has been edited and/or solved. Do you want to save the changes?
      my_project (C:/Users/hp/Documents/Ansoft/)
        my_design
          [info] Import Native Bodies: Imported bodies have been scaled to model units. Please analyze the model. (6:07:24  juil. 18, 2026)
          [error] Error updating solution state for solution: AdaptivePass. (6:07:44  juil. 18, 2026)
          [error] Simulation completed with execution error on server: Local Machine. (6:07:46  juil. 18, 2026)
          [error] Script macro error: Simulation for my_project : my_design : CapSetup has failed with execution error.  (6:07:46  juil. 18, 2026)
          [error] Unable to get valid solution data for export. (6:07:46  juil. 18, 2026)
          [warning] my_design: Solutions have been invalidated. Undo to recover. (6:07:57  juil. 18, 2026)
          [error] Script macro error: Name is not a property name. (6:07:57  juil. 18, 2026)
          [error] Script macro error: Type is not a property name. (6:07:57  juil. 18, 2026)
          [warning] Setup 'CapSetup': For magnetic materials it is recommended to solve for at least 5 inductance passes. (6:08:20  juil. 18, 2026)
          [error] Error updating solution state for solution: AdaptivePass. (6:08:27  juil. 18, 2026)
          [error] Simulation completed with execution error on server: Local Machine. (6:08:28  juil. 18, 2026)
          [error] Script macro error: Simulation for my_project : my_design : CapSetup has failed with execution error.  (6:08:28  juil. 18, 2026)
-- Message Window --
Stopping Batch Run: 6:10:08  juil. 18, 2026
 
Ansys Electronics Desktop Version 2023.1.0, Build: 2022-11-20 22:10:41
Location: C:\Program Files\AnsysEM\v231\Win64\ansysedt.exe
Non Graphical Mode: No Project??
Starting Batch Run: 6:10:13  juil. 18, 2026
Running as user: SEIFPC\hp
Temp directory: C:\Users\hp\AppData\Local\Temp
Project directory: C:\Users\hp\Documents\Ansoft
[warning] Electronics Desktop has found a recovery file for an unsaved project : Project3.aedt.auto
Please choose one of the following actions for this file: 
 Yes: Open the recovery file. 
 No: Discard the recovery file.
 Cancel: Leave the recovery file on disk ( this prompt will reappear during the next application start) .
The project 'my_project' has been edited and/or solved. Do you want to save the changes?
-- Message Window --
      *Global - Messages
        [warning] Electronics Desktop has found a recovery file for an unsaved project : Project3.aedt.auto Please choose one of the following actions for this file:   Yes: Open the recovery file.   No: Discard the recovery file.  Cancel: Leave the recovery file on disk ( this prompt will reappear during the next application start) .
        [info] GRPC server running on port: 1262. 
        [info] The project 'my_project' has been edited and/or solved. Do you want to save the changes?
      my_project (C:/Users/hp/Documents/Ansoft/)
        my_design
          [info] Import Native Bodies: Imported bodies have been scaled to model units. Please analyze the model. (6:10:25  juil. 18, 2026)
          [info] Normal completion of simulation on server: Local Machine. (6:10:45  juil. 18, 2026)
          [warning] my_design: Solutions have been invalidated. Undo to recover. (6:10:54  juil. 18, 2026)
          [error] Script macro error: Name is not a property name. (6:10:55  juil. 18, 2026)
          [error] Script macro error: Type is not a property name. (6:10:55  juil. 18, 2026)
          [warning] Adaptive Passes for AC R/L did not converge based on specified criteria. (6:12:41  juil. 18, 2026)
          [info] Normal completion of simulation on server: Local Machine. (6:12:42  juil. 18, 2026)
-- Message Window --
Stopping Batch Run: 6:15:00  juil. 18, 2026
 
Ansys Electronics Desktop Version 2023.1.0, Build: 2022-11-20 22:10:41
Location: C:\Program Files\AnsysEM\v231\Win64\ansysedt.exe
Non Graphical Mode: No Project??
Starting Batch Run: 6:15:05  juil. 18, 2026
Running as user: SEIFPC\hp
Temp directory: C:\Users\hp\AppData\Local\Temp
Project directory: C:\Users\hp\Documents\Ansoft
[warning] Electronics Desktop has found a recovery file for an unsaved project : Project3.aedt.auto
Please choose one of the following actions for this file: 
 Yes: Open the recovery file. 
 No: Discard the recovery file.
 Cancel: Leave the recovery file on disk ( this prompt will reappear during the next application start) .
The project 'my_project' has been edited and/or solved. Do you want to save the changes?
-- Message Window --
      *Global - Messages
        [warning] Electronics Desktop has found a recovery file for an unsaved project : Project3.aedt.auto Please choose one of the following actions for this file:   Yes: Open the recovery file.   No: Discard the recovery file.  Cancel: Leave the recovery file on disk ( this prompt will reappear during the next application start) .
        [info] GRPC server running on port: 5494. 
        [info] The project 'my_project' has been edited and/or solved. Do you want to save the changes?
      my_project (C:/Users/hp/Documents/Ansoft/)
        my_design
          [info] Import Native Bodies: Imported bodies have been scaled to model units. Please analyze the model. (6:15:18  juil. 18, 2026)
          [info] Normal completion of simulation on server: Local Machine. (6:15:38  juil. 18, 2026)
          [warning] my_design: Solutions have been invalidated. Undo to recover. (6:15:45  juil. 18, 2026)
          [error] Script macro error: Name is not a property name. (6:15:46  juil. 18, 2026)
          [error] Script macro error: Type is not a property name. (6:15:46  juil. 18, 2026)
          [warning] Adaptive Passes for AC R/L did not converge based on specified criteria. (6:17:22  juil. 18, 2026)
          [info] Normal completion of simulation on server: Local Machine. (6:17:22  juil. 18, 2026)
-- Message Window --
Stopping Batch Run: 6:32:46  juil. 18, 2026
 
Ansys Electronics Desktop Version 2023.1.0, Build: 2022-11-20 22:10:41
Location: C:\Program Files\AnsysEM\v231\Win64\ansysedt.exe
Non Graphical Mode: No Project??
Starting Batch Run: 6:37:53  juil. 18, 2026
Running as user: SEIFPC\hp
Temp directory: C:\Users\hp\AppData\Local\Temp
Project directory: C:\Users\hp\Documents\Ansoft
[warning] Electronics Desktop has found a recovery file for an unsaved project : Project3.aedt.auto
Please choose one of the following actions for this file: 
 Yes: Open the recovery file. 
 No: Discard the recovery file.
 Cancel: Leave the recovery file on disk ( this prompt will reappear during the next application start) .
The project 'my_project' has been edited and/or solved. Do you want to save the changes?
-- Message Window --
      *Global - Messages
        [warning] Electronics Desktop has found a recovery file for an unsaved project : Project3.aedt.auto Please choose one of the following actions for this file:   Yes: Open the recovery file.   No: Discard the recovery file.  Cancel: Leave the recovery file on disk ( this prompt will reappear during the next application start) .
        [info] GRPC server running on port: 12823. 
        [info] The project 'my_project' has been edited and/or solved. Do you want to save the changes?
      my_project (C:/Users/hp/Documents/Ansoft/)
        my_design
          [info] Import Native Bodies: Imported bodies have been scaled to model units. Please analyze the model. (6:38:14  juil. 18, 2026)
          [info] Normal completion of simulation on server: Local Machine. (6:38:44  juil. 18, 2026)
          [warning] my_design: Solutions have been invalidated. Undo to recover. (6:38:52  juil. 18, 2026)
          [error] Script macro error: Name is not a property name. (6:38:53  juil. 18, 2026)
          [error] Script macro error: Type is not a property name. (6:38:53  juil. 18, 2026)
          [warning] Adaptive Passes for AC R/L did not converge based on specified criteria. (6:41:46  juil. 18, 2026)
          [info] Normal completion of simulation on server: Local Machine. (6:41:47  juil. 18, 2026)
-- Message Window --
Stopping Batch Run: 6:42:34  juil. 18, 2026
 
Ansys Electronics Desktop Version 2023.1.0, Build: 2022-11-20 22:10:41
Location: C:\Program Files\AnsysEM\v231\Win64\ansysedt.exe
Non Graphical Mode: No Project??
Starting Batch Run: 6:46:21  juil. 18, 2026
Running as user: SEIFPC\hp
Temp directory: C:\Users\hp\AppData\Local\Temp
Project directory: C:\Users\hp\Documents\Ansoft
[warning] Electronics Desktop has found a recovery file for an unsaved project : Project3.aedt.auto
Please choose one of the following actions for this file: 
 Yes: Open the recovery file. 
 No: Discard the recovery file.
 Cancel: Leave the recovery file on disk ( this prompt will reappear during the next application start) .
The project 'my_project' has been edited and/or solved. Do you want to save the changes?
-- Message Window --
      *Global - Messages
        [warning] Electronics Desktop has found a recovery file for an unsaved project : Project3.aedt.auto Please choose one of the following actions for this file:   Yes: Open the recovery file.   No: Discard the recovery file.  Cancel: Leave the recovery file on disk ( this prompt will reappear during the next application start) .
        [info] GRPC server running on port: 4772. 
        [info] The project 'my_project' has been edited and/or solved. Do you want to save the changes?
      my_project (C:/Users/hp/Documents/Ansoft/)
        my_design
          [info] Import Native Bodies: Imported bodies have been scaled to model units. Please analyze the model. (6:46:39  juil. 18, 2026)
          [info] Normal completion of simulation on server: Local Machine. (6:47:00  juil. 18, 2026)
          [warning] my_design: Solutions have been invalidated. Undo to recover. (6:47:12  juil. 18, 2026)
          [error] Script macro error: Name is not a property name. (6:47:13  juil. 18, 2026)
          [error] Script macro error: Type is not a property name. (6:47:13  juil. 18, 2026)
          [warning] Adaptive Passes for AC R/L did not converge based on specified criteria. (6:49:43  juil. 18, 2026)
          [info] Normal completion of simulation on server: Local Machine. (6:49:43  juil. 18, 2026)
-- Message Window --
Stopping Batch Run: 6:54:17  juil. 18, 2026
 
Ansys Electronics Desktop Version 2023.1.0, Build: 2022-11-20 22:10:41
Location: C:\Program Files\AnsysEM\v231\Win64\ansysedt.exe
Non Graphical Mode: No Project??
Starting Batch Run: 6:54:33  juil. 18, 2026
Running as user: SEIFPC\hp
Temp directory: C:\Users\hp\AppData\Local\Temp
Project directory: C:\Users\hp\Documents\Ansoft
[warning] Electronics Desktop has found a recovery file for an unsaved project : Project3.aedt.auto
Please choose one of the following actions for this file: 
 Yes: Open the recovery file. 
 No: Discard the recovery file.
 Cancel: Leave the recovery file on disk ( this prompt will reappear during the next application start) .
The project 'my_project' has been edited and/or solved. Do you want to save the changes?
-- Message Window --
      *Global - Messages
        [warning] Electronics Desktop has found a recovery file for an unsaved project : Project3.aedt.auto Please choose one of the following actions for this file:   Yes: Open the recovery file.   No: Discard the recovery file.  Cancel: Leave the recovery file on disk ( this prompt will reappear during the next application start) .
        [info] GRPC server running on port: 14254. 
        [info] The project 'my_project' has been edited and/or solved. Do you want to save the changes?
      my_project (C:/Users/hp/Documents/Ansoft/)
        my_design
          [info] Import Native Bodies: Imported bodies have been scaled to model units. Please analyze the model. (6:54:46  juil. 18, 2026)
          [info] Normal completion of simulation on server: Local Machine. (6:55:16  juil. 18, 2026)
          [warning] my_design: Solutions have been invalidated. Undo to recover. (6:55:30  juil. 18, 2026)
          [error] Script macro error: Name is not a property name. (6:55:30  juil. 18, 2026)
          [error] Script macro error: Type is not a property name. (6:55:30  juil. 18, 2026)
          [warning] Adaptive Passes for AC R/L did not converge based on specified criteria. (6:57:23  juil. 18, 2026)
          [info] Normal completion of simulation on server: Local Machine. (6:57:23  juil. 18, 2026)
-- Message Window --
Stopping Batch Run: 7:04:48  juil. 18, 2026
 
Ansys Electronics Desktop Version 2023.1.0, Build: 2022-11-20 22:10:41
Location: C:\Program Files\AnsysEM\v231\Win64\ansysedt.exe
Non Graphical Mode: No Project??
Starting Batch Run: 10:04:00  juil. 18, 2026
Running as user: SEIFPC\hp
Temp directory: C:\Users\hp\AppData\Local\Temp
Project directory: C:\Users\hp\Documents\Ansoft
[warning] Electronics Desktop has found a recovery file for an unsaved project : Project3.aedt.auto
Please choose one of the following actions for this file: 
 Yes: Open the recovery file. 
 No: Discard the recovery file.
 Cancel: Leave the recovery file on disk ( this prompt will reappear during the next application start) .
The project 'my_project' has been edited and/or solved. Do you want to save the changes?
-- Message Window --
      *Global - Messages
        [warning] Electronics Desktop has found a recovery file for an unsaved project : Project3.aedt.auto Please choose one of the following actions for this file:   Yes: Open the recovery file.   No: Discard the recovery file.  Cancel: Leave the recovery file on disk ( this prompt will reappear during the next application start) .
        [info] GRPC server running on port: 8708. 
        [info] The project 'my_project' has been edited and/or solved. Do you want to save the changes?
      my_project (C:/Users/hp/Documents/Ansoft/)
        my_design
          [info] Accurate transparency rendering is disabled to avoid slow rendering performance. (10:04:33  juil. 18, 2026)
          [info] Import Native Bodies: Imported bodies have been scaled to model units. Please analyze the model. (10:04:36  juil. 18, 2026)
          [info] Solution 'CapSetup : Sweep1', CG interpolating sweep is converged. (10:05:36  juil. 18, 2026)
          [info] Normal completion of simulation on server: Local Machine. (10:05:36  juil. 18, 2026)
-- Message Window --
Stopping Batch Run: 10:06:45  juil. 18, 2026
 
Ansys Electronics Desktop Version 2023.1.0, Build: 2022-11-20 22:10:41
Location: C:\Program Files\AnsysEM\v231\Win64\ansysedt.exe
Non Graphical Mode: No Project??
Starting Batch Run: 10:08:38  juil. 18, 2026
Running as user: SEIFPC\hp
Temp directory: C:\Users\hp\AppData\Local\Temp
Project directory: C:\Users\hp\Documents\Ansoft
[warning] Electronics Desktop has found a recovery file for an unsaved project : Project3.aedt.auto
Please choose one of the following actions for this file: 
 Yes: Open the recovery file. 
 No: Discard the recovery file.
 Cancel: Leave the recovery file on disk ( this prompt will reappear during the next application start) .
The project 'my_project' has been edited and/or solved. Do you want to save the changes?
-- Message Window --
      *Global - Messages
        [warning] Electronics Desktop has found a recovery file for an unsaved project : Project3.aedt.auto Please choose one of the following actions for this file:   Yes: Open the recovery file.   No: Discard the recovery file.  Cancel: Leave the recovery file on disk ( this prompt will reappear during the next application start) .
        [info] GRPC server running on port: 3139. 
        [info] The project 'my_project' has been edited and/or solved. Do you want to save the changes?
      my_project (C:/Users/hp/Documents/Ansoft/)
        my_design
          [info] Import Native Bodies: Imported bodies hav-- Message Window --
      *Global - Messages
        [warning] Electronics Desktop has found a recovery file for an unsaved project : Project3.aedt.auto Please choose one of the following actions for this file:   Yes: Open the recovery file.   No: Discard the recovery file.  Cancel: Leave the recovery file on disk ( this prompt will reappear during the next application start) .
        [info] GRPC server running on port: 4121. 
        [info] The project 'my_project' has been edited and/or solved. Do you want to save the changes?
      my_project (C:/Users/hp/Documents/Ansoft/)
        my_design
         Stopping Batch Run: 10:21:25  juil. 18, 2026
hav-- Message Window --
      *Global - Messages
        [warning] Electronics Desktop has found a recoveryStopping Batch Run: 10:21:25  juil. 18, 2026
uto Please choose one of the following actions for this file:   Yes: Open the recovery file.   No: Discard the recovery file.  Cancel: Leave the recovery file on disk ( this prompt will reappear during the next application start) .
        [info] GRPC server running on port: 12558. 
        [info] The project 'my_project' has been edited and/or solved. Do you want to save the changes?
      my_project (C:/Users/hp/Documents/Ansoft/)
        my_design
          [info] Accurate transparency rendering is disabled to avoid slow rendering performance. (10:18:54  juil. 18, 2026)
          [info] Import Native Bodies: Imported bodies have been scaled to model units. Please analyze the model. (10:18:55  juil. 18, 2026)
          [error] Error updating solution state for solution: AdaptivePass. (10:20:56  juil. 18, 2026)
          [error] Simulation completed with execution error on server: Local Machine. (10:20:56  juil. 18, 2026)
          [error] Script macro error: Simulation for my_project : my_design : CapSetup has failed with execution error.  (10:20:56  juil. 18, 2026)
          [error] Script macro error: CG[Solution Order/Choices] is not a property name. (10:20:57  juil. 18, 2026)
          [error] Script macro error: Max. Passes (Conduction) is not a property name. (10:20:57  juil. 18, 2026)
          [error] Script macro error: Min. Passes (Conduction) is not a property name. (10:20:57  juil. 18, 2026)
          [error] Script macro error: Min. Converged Passes (Conduction) is not a property name. (10:20:57  juil. 18, 2026)
          [error] Script macro error: Percent Error (Conduction) is not a property name. (10:20:57  juil. 18, 2026)
          [error] Script macro error: Percent Refine (Conduction) is not a property name. (10:20:57  juil. 18, 2026)
          [error] Script macro error: Max. Passes (Multipole) is not a property name. (10:20:57  juil. 18, 2026)
          [error] Script macro error: Min. Passes (Multipole) is not a property name. (10:20:58  juil. 18, 2026)
          [error] Script macro error: Min. Converged Passes (Multipole) is not a property name. (10:20:58  juil. 18, 2026)
          [error] Script macro error: Percent Error (Multipole) is not a property name. (10:20:58  juil. 18, 2026)
          [error] Script macro error: Percent Refine (Multipole) is not a property name. (10:20:58  juil. 18, 2026)
          [error] Script macro error: DC[Solution Order/Choices] is not a property name. (10:20:58  juil. 18, 2026)
          [error] Script macro error: Solution name does NOT exists. (10:20:58  juil. 18, 2026)
-- Message Window --
Stopping Batch Run: 10:21:26  juil. 18, 2026
 
Ansys Electronics Desktop Version 2023.1.0, Build: 2022-11-20 22:10:41
Location: C:\Program Files\AnsysEM\v231\Win64\ansysedt.exe
Non Graphical Mode: No Project??
Starting Batch Run: 10:23:20  juil. 18, 2026
Running as user: SEIFPC\hp
Temp directory: C:\Users\hp\AppData\Local\Temp
Project directory: C:\Users\hp\Documents\Ansoft
[warning] Electronics Desktop has found a recovery file for an unsaved project : Project3.aedt.auto
Please choose one of the following actions for this file: 
 Yes: Open the recovery file. 
 No: Discard the recovery file.
 Cancel: Leave the recovery file on disk ( this prompt will reappear during the next application start) .
The project 'my_project' has been edited and/or solved. Do you want to save the changes?
-- Message Window --
      *Global - Messages
        [warning] Electronics Desktop has found a recovery file for an unsaved project : Project3.aedt.auto Please choose one of the following actions for this file:   Yes: Open the recovery file.   No: Discard the recovery file.  Cancel: Leave the recovery file on disk ( this prompt will reappear during the next application start) .
        [info] GRPC server running on port: 5511. 
        [info] The project 'my_project' has been edited and/or solved. Do you want to save the changes?
      my_project (C:/Users/hp/Documents/Ansoft/)
        my_design
          [info] Import Native Bodies: Imported bodies have been scaled to model units. Please analyze the model. (10:23:33  juil. 18, 2026)
          [info] Solution 'CapSetup : Sweep1', CG interpolating sweep is converged. (10:24:06  juil. 18, 2026)
          [info] Normal completion of simulation on server: Local Machine. (10:24:06  juil. 18, 2026)
          [error] Script macro error: CG[Solution Order/Choices] is not a property name. (10:24:07  juil. 18, 2026)
          [error] Script macro error: Max. Passes (Conduction) is not a property name. (10:24:07  juil. 18, 2026)
          [error] Script macro error: Min. Passes (Conduction) is not a property name. (10:24:07  juil. 18, 2026)
          [error] Script macro error: Min. Converged Passes (Conduction) is not a property name. (10:24:07  juil. 18, 2026)
          [error] Script macro error: Percent Error (Conduction) is not a property name. (10:24:07  juil. 18, 2026)
          [error] Script macro error: Percent Refine (Conduction) is not a property name. (10:24:07  juil. 18, 2026)
          [error] Script macro error: Max. Passes (Multipole) is not a property name. (10:24:07  juil. 18, 2026)
          [error] Script macro error: Min. Passes (Multipole) is not a property name. (10:24:07  juil. 18, 2026)
          [error] Script macro error: Min. Converged Passes (Multipole) is not a property name. (10:24:08  juil. 18, 2026)
          [error] Script macro error: Percent Error (Multipole) is not a property name. (10:24:08  juil. 18, 2026)
          [error] Script macro error: Percent Refine (Multipole) is not a property name. (10:24:08  juil. 18, 2026)
          [error] Script macro error: DC[Solution Order/Choices] is not a property name. (10:24:08  juil. 18, 2026)
          [error] Script macro error: Solution name does NOT exists. (10:24:08  juil. 18, 2026)
-- Message Window --
Stopping Batch Run: 10:28:44  juil. 18, 2026
ses (Multipole) is not a property name. (10:28:17  juil. 18, 2026)
          [error] Script macro error: Min. Passes (Multipole) is not a property name. (10:28:17  juil. 18, 2026)
          [error] Script macro error: Min. Converged Passes (Multipole) is not a property name. (10:28:17  juil. 18, 2026)
          [error] Script macro error: Percent Error (Multipole) is not a property name. (10:28:17  juil. 18, 2026)
          [error] Script macro error: Percent Refine (Multipole) is not a property name. (10:28:17  juil. 18, 2026)
          [error] Script macro error: DC[Solution Order/Choices] is not a property name. (10:28:17  juil. 18, 2026)
          [error] Script macro error: Solution name does NOT exists. (10:28:17  juil. 18, 2026)
-- Message Window --
Stopping Batch Run: 10:28:41  juil. 18, 2026
 
Ansys Electronics Desktop Version 2023.1.0, Build: 2022-11-20 22:10:41
Location: C:\Program Files\AnsysEM\v231\Win64\ansysedt.exe
Non Graphical Mode: No Project??
Starting Batch Run: 10:28:50  juil. 18, 2026
Running as user: SEIFPC\hp
Temp directory: C:\Users\hp\AppData\Local\Temp
Project directory: C:\Users\hp\Documents\Ansoft
[warning] Electronics Desktop has found a recovery file for an unsaved project : Project3.aedt.auto
Please choose one of the following actions for this file: 
 Yes: Open the recovery file. 
 No: Discard the recovery file.
 Cancel: Leave the recovery file on disk ( this prompt will reappear during the next application start) .
The project 'my_project' has been edited and/or solved. Do you want to save the changes?
-- Message Window --
      *Global - Messages
        [warning] Electronics Desktop has found a recovery file for an unsaved project : Project3.aedt.auto Please choose one of the following actions for this file:   Yes: Open the recovery file.   No: Discard the recovery file.  Cancel: Leave the recovery file on disk ( this prompt will reappear during the next application start) .
        [info] GRPC server running on port: 11468. 
        [info] The project 'my_project' has been edited and/or solved. Do you want to save the changes?
      my_project (C:/Users/hp/Documents/Ansoft/)
        my_design
          [info] Import Native Bodies: Imported bodies have been scaled to model units. Please analyze the model. (10:29:06  juil. 18, 2026)
          [info] Solution 'CapSetup : Sweep1', CG interpolating sweep is converged. (10:29:36  juil. 18, 2026)
          [info] Normal completion of simulation on server: Local Machine. (10:29:36  juil. 18, 2026)
          [error] Script macro error: CG[Solution Order/Choices] is not a property name. (10:29:36  juil. 18, 2026)
          [error] Script macro error: Max. Passes (Conduction) is not a property name. (10:29:36  juil. 18, 2026)
          [error] Script macro error: Min. Passes (Conduction) is not a property name. (10:29:36  juil. 18, 2026)
          [error] Script macro error: Min. Converged Passes (Conduction) is not a property name. (10:29:36  juil. 18, 2026)
          [error] Script macro error: Percent Error (Conduction) is not a property name. (10:29:37  juil. 18, 2026)
          [error] Script macro error: Percent Refine (Conduction) is not a property name. (10:29:37  juil. 18, 2026)
          [error] Script macro error: Max. Passes (Multipole) is not a property name. (10:29:37  juil. 18, 2026)
          [error] Script macro error: Min. Passes (Multipole) is not a property name. (10:29:37  juil. 18, 2026)
          [error] Script macro error: Min. Converged Passes (Multipole) is not a property name. (10:29:37  juil. 18, 2026)
          [error] Script macro error: Percent Error (Multipole) is not a property name. (10:29:37  juil. 18, 2026)
          [error] Script macro error: Percent Refine (Multipole) is not a property name. (10:29:37  juil. 18, 2026)
          [error] Script macro error: DC[Solution Order/Choices] is not a property name. (10:29:37  juil. 18, 2026)
          [error] Script macro error: Solution name does NOT exists. (10:29:38  juil. 18, 2026)
-- Message Window --
Stopping Batch Run: 10:31:49  juil. 18, 2026
 
Ansys Electronics Desktop Version 2023.1.0, Build: 2022-11-20 22:10:41
Location: C:\Program Files\AnsysEM\v231\Win64\ansysedt.exe
Non Graphical Mode: No Project??
Starting Batch Run: 10:32:36  juil. 18, 2026
Running as user: SEIFPC\hp
Temp directory: C:\Users\hp\AppData\Local\Temp
Project directory: C:\Users\hp\Documents\Ansoft
[warning] Electronics Desktop has found a recovery file for an unsaved project : Project3.aedt.auto
Please choose one of the following actions for this file: 
 Yes: Open the recovery file. 
 No: Discard the recovery file.
 Cancel: Leave the recovery file on disk ( this prompt will reappear during the next application start) .
The project 'my_project' has been edited and/or solved. Do you want to save the changes?
-- Message Window --
      *Global - Messages
        [warning] Electronics Desktop has found a recovery file for an unsaved project : Project3.aedt.auto Please choose one of the following actions for this file:   Yes: Open the recovery file.   No: Discard the recovery file.  Cancel: Leave the recovery file on disk ( this prompt will reappear during the next application start) .
        [info] GRPC server running on port: 2154. 
        [info] The project 'my_project' has been edited and/or solved. Do you want to save the changes?
      my_project (C:/Users/hp/Documents/Ansoft/)
        my_design
          [info] Import Native Bodies: Imported bodies have been scaled to model units. Please analyze the model. (10:32:49  juil. 18, 2026)
          [info] Solution 'CapSetup : Sweep1', CG interpolating sweep is converged. (10:33:14  juil. 18, 2026)
          [info] Normal completion of simulation on server: Local Machine. (10:33:15  juil. 18, 2026)
-- Message Window --
Stopping Batch Run: 10:33:53  juil. 18, 2026
 
Ansys Electronics Desktop Version 2023.1.0, Build: 2022-11-20 22:10:41
Location: C:\Program Files\AnsysEM\v231\Win64\ansysedt.exe
Non Graphical Mode: No Project??
Starting Batch Run: 10:33:53  juil. 18, 2026
Running as user: SEIFPC\hp
Temp directory: C:\Users\hp\AppData\Local\Temp
Project directory: C:\Users\hp\Documents\Ansoft
[warning] Electronics Desktop has found a recovery file for an unsaved project : Project3.aedt.auto
Please choose one of the following actions for this file: 
 Yes: Open the recovery file. 
 No: Discard the recovery file.
 Cancel: Leave the recovery file on disk ( this prompt will reappear during the next application start) .
The project 'my_project' has been edited and/or solved. Do you want to save the changes?
-- Message Window --
      *Global - Messages
        [warning] Electronics Desktop has found a recovery file for an unsaved project : Project3.aedt.auto Please choose one of the following actions for this file:   Yes: Open the recovery file.   No: Discard the recovery file.  Cancel: Leave the recovery file on disk ( this prompt will reappear during the next application start) .
        [info] GRPC server running on port: 4597. 
        [info] The project 'my_project' has been edited and/or solved. Do you want to save the changes?
      my_project (C:/Users/hp/Documents/Ansoft/)
        my_design
          [info] Import Native Bodies: Imported bodies have been scaled to model units. Please analyze the model. (10:34:10  juil. 18, 2026)
          [info] Solution 'CapSetup : Sweep1', CG interpolating sweep is converged. (10:34:38  juil. 18, 2026)
          [info] Normal completion of simulation on server: Local Machine. (10:34:39  juil. 18, 2026)
-- Message Window --
Stopping Batch Run: 10:38:57  juil. 18, 2026
ication start) .
        [info] GRPC server running on port: 11923. 
        [info] The project 'my_project' has been edited and/or solved. Do you want to save the changes?
      my_project (C:/Users/hp/Documents/Ansoft/)
        my_design
          [info] Import Native Bodies: Imported bodies have been scaled to model units. Please analyze the model. (10:36:04  juil. 18, 2026)
          [error] Error updating solution state for solution: AdaptivePass. (10:36:29  juil. 18, 2026)
          [error] Simulation completed with execution error on server: Local Machine. (10:36:29  juil. 18, 2026)
          [error] Script macro error: Simulation for my_project : my_design : CapSetup has failed with execution error.  (10:36:29  juil. 18, 2026)
          [error] Script macro error: CG[Solution Order/Choices] is not a property name. (10:36:30  juil. 18, 2026)
          [error] Script macro error: Max. Passes (Conduction) is not a property name. (10:36:30  juil. 18, 2026)
          [error] Script macro error: Min. Passes (Conduction) is not a property name. (10:36:30  juil. 18, 2026)
          [error] Script macro error: Min. Converged Passes (Conduction) is not a property name. (10:36:30  juil. 18, 2026)
          [error] Script macro error: Percent Error (Conduction) is not a property name. (10:36:30  juil. 18, 2026)
          [error] Script macro error: Percent Refine (Conduction) is not a property name. (10:36:30  juil. 18, 2026)
          [error] Script macro error: Max. Passes (Multipole) is not a property name. (10:36:30  juil. 18, 2026)
          [error] Script macro error: Min. Passes (Multipole) is not a property name. (10:36:30  juil. 18, 2026)
          [error] Script macro error: Min. Converged Passes (Multipole) is not a property name. (10:36:31  juil. 18, 2026)
          [error] Script macro error: Percent Error (Multipole) is not a property name. (10:36:31  juil. 18, 2026)
          [error] Script macro error: Percent Refine (Multipole) is not a property name. (10:36:31  juil. 18, 2026)
          [error] Script macro error: DC[Solution Order/Choices] is not a property name. (10:36:31  juil. 18, 2026)
          [error] Script macro error: CG[Solution Order/Choices] is not a property name. (10:36:31  juil. 18, 2026)
          [error] Script macro error: Max. Passes (Conduction) is not a property name. (10:36:31  juil. 18, 2026)
          [error] Script macro error: Min. Passes (Conduction) is not a property name. (10:36:31  juil. 18, 2026)
          [error] Script macro error: Min. Converged Passes (Conduction) is not a property name. (10:36:31  juil. 18, 2026)
          [error] Script macro error: Percent Error (Conduction) is not a property name. (10:36:32  juil. 18, 2026)
          [error] Script macro error: Percent Refine (Conduction) is not a property name. (10:36:32  juil. 18, 2026)
          [error] Script macro error: Max. Passes (Multipole) is not a property name. (10:36:32  juil. 18, 2026)
          [error] Script macro error: Min. Passes (Multipole) is not a property name. (10:36:32  juil. 18, 2026)
          [error] Script macro error: Min. Converged Passes (Multipole) is not a property name. (10:36:32  juil. 18, 2026)
          [error] Script macro error: Percent Error (Multipole) is not a property name. (10:36:32  juil. 18, 2026)
          [error] Script macro error: Percent Refine (Multipole) is not a property name. (10:36:32  juil. 18, 2026)
          [error] Script macro error: DC[Solution Order/Choices] is not a property name. (10:36:32  juil. 18, 2026)
          [error] No Solution found, make sure the solution name 'CapSetup : CapSweep' is correct. (10:36:33  juil. 18, 2026)
          [error] Script macro error: Argument Format error (10:36:33  juil. 18, 2026)
-- Message Window --
Stopping Batch Run: 10:38:55  juil. 18, 2026
 name. (10:38:21  juil. 18, 2026)
          [error] Script macro error: Percent Error (Multipole) is not a property name. (10:38:21  juil. 18, 2026)
          [error] Script macro error: Percent Refine (Multipole) is not a property name. (10:38:21  juil. 18, 2026)
          [error] Script macro error: DC[Solution Order/Choices] is not a property name. (10:38:21  juil. 18, 2026)
          [error] No Solution found, make sure the solution name 'CapSetup : CapSweep' is correct. (10:38:21  juil. 18, 2026)
          [error] Script macro error: Argument Format error (10:38:21  juil. 18, 2026)
-- Message Window --
Stopping Batch Run: 10:38:54  juil. 18, 2026
 
Ansys Electronics Desktop Version 2023.1.0, Build: 2022-11-20 22:10:41
Location: C:\Program Files\AnsysEM\v231\Win64\ansysedt.exe
Non Graphical Mode: No Project??
Starting Batch Run: 10:39:07  juil. 18, 2026
Running as user: SEIFPC\hp
Temp directory: C:\Users\hp\AppData\Local\Temp
Project directory: C:\Users\hp\Documents\Ansoft
[warning] Electronics Desktop has found a recovery file for an unsaved project : Project3.aedt.auto
Please choose one of the following actions for this file: 
 Yes: Open the recovery file. 
 No: Discard the recovery file.
 Cancel: Leave the recovery file on disk ( this prompt will reappear during the next application start) .
The project 'my_project' has been edited and/or solved. Do you want to save the changes?
-- Message Window --
      *Global - Messages
        [warning] Electronics Desktop has found a recovery file for an unsaved project : Project3.aedt.auto Please choose one of the following actions for this file:   Yes: Open the recovery file.   No: Discard the recovery file.  Cancel: Leave the recovery file on disk ( this prompt will reappear during the next application start) .
        [info] GRPC server running on port: 6133. 
        [info] The project 'my_project' has been edited and/or solved. Do you want to save the changes?
      my_project (C:/Users/hp/Documents/Ansoft/)
        my_design
          [info] Import Native Bodies: Imported bodies have been scaled to model units. Please analyze the model. (10:39:20  juil. 18, 2026)
          [info] Solution 'CapSetup : CapSweep', CG interpolating sweep is converged. (10:39:44  juil. 18, 2026)
          [info] Normal completion of simulation on server: Local Machine. (10:39:45  juil. 18, 2026)
          [error] Script macro error: CG[Solution Order/Choices] is not a property name. (10:39:45  juil. 18, 2026)
          [error] Script macro error: Max. Passes (Conduction) is not a property name. (10:39:45  juil. 18, 2026)
          [error] Script macro error: Min. Passes (Conduction) is not a property name. (10:39:45  juil. 18, 2026)
          [error] Script macro error: Min. Converged Passes (Conduction) is not a property name. (10:39:45  juil. 18, 2026)
          [error] Script macro error: Percent Error (Conduction) is not a property name. (10:39:45  juil. 18, 2026)
          [error] Script macro error: Percent Refine (Conduction) is not a property name. (10:39:46  juil. 18, 2026)
          [error] Script macro error: Max. Passes (Multipole) is not a property name. (10:39:46  juil. 18, 2026)
          [error] Script macro error: Min. Passes (Multipole) is not a property name. (10:39:46  juil. 18, 2026)
          [error] Script macro error: Min. Converged Passes (Multipole) is not a property name. (10:39:46  juil. 18, 2026)
          [error] Script macro error: Percent Error (Multipole) is not a property name. (10:39:46  juil. 18, 2026)
          [error] Script macro error: Percent Refine (Multipole) is not a property name. (10:39:46  juil. 18, 2026)
          [error] Script macro error: DC[Solution Order/Choices] is not a property name. (10:39:46  juil. 18, 2026)
          [error] Script macro error: CG[Solution Order/Choices] is not a property name. (10:39:46  juil. 18, 2026)
          [error] Script macro error: Max. Passes (Conduction) is not a property name. (10:39:47  juil. 18, 2026)
          [error] Script macro error: Min. Passes (Conduction) is not a property name. (10:39:47  juil. 18, 2026)
          [error] Script macro error: Min. Converged Passes (Conduction) is not a property name. (10:39:47  juil. 18, 2026)
          [error] Script macro error: Percent Error (Conduction) is not a property name. (10:39:47  juil. 18, 2026)
          [error] Script macro error: Percent Refine (Conduction) is not a property name. (10:39:47  juil. 18, 2026)
          [error] Script macro error: Max. Passes (Multipole) is not a property name. (10:39:47  juil. 18, 2026)
          [error] Script macro error: Min. Passes (Multipole) is not a property name. (10:39:47  juil. 18, 2026)
          [error] Script macro error: Min. Converged Passes (Multipole) is not a property name. (10:39:47  juil. 18, 2026)
          [error] Script macro error: Percent Error (Multipole) is not a property name. (10:39:48  juil. 18, 2026)
          [error] Script macro error: Percent Refine (Multipole) is not a property name. (10:39:48  juil. 18, 2026)
          [error] Script macro error: DC[Solution Order/Choices] is not a property name. (10:39:48  juil. 18, 2026)
          [warning] The variable  'Phase' doesn't have an associated sweep and is excluded from the definition of trace. (10:39:48  juil. 18, 2026)
          [warning] my_design: Solutions have been invalidated. Undo to recover. (10:40:02  juil. 18, 2026)
          [error] Script macro error: Name is not a property name. (10:40:02  juil. 18, 2026)
          [error] Script macro error: Type is not a property name. (10:40:03  juil. 18, 2026)
-- Message Window --
Stopping Batch Run: 10:42:23  juil. 18, 2026
Error (Multipole) is not a property name. (10:41:58  juil. 18, 2026)
          [error] Script macro error: Percent Refine (Multipole) is not a property name. (10:41:58  juil. 18, 2026)
          [error] Script macro error: DC[Solution Order/Choices] is not a property name. (10:41:58  juil. 18, 2026)
          [warning] The variable  'Phase' doesn't have an associated sweep and is excluded from the definition of trace. (10:41:58  juil. 18, 2026)
          [error] Script macro error: No trace data for quantities: C(Core,Core), C(Core,ringp1), C(Core,ringp2), C(Core,ringp3), C(Core,ringp4), C(Core,ringp5), C(Core,ringp6), C(ringp1,Core), C(ringp1,ringp1), C(ringp1,ringp2) (10:41:58  juil. 18, 2026)
-- Message Window --
Stopping Batch Run: 10:42:23  juil. 18, 2026
 
Ansys Electronics Desktop Version 2023.1.0, Build: 2022-11-20 22:10:41
Location: C:\Program Files\AnsysEM\v231\Win64\ansysedt.exe
Non Graphical Mode: No Project??
Starting Batch Run: 10:42:29  juil. 18, 2026
Running as user: SEIFPC\hp
Temp directory: C:\Users\hp\AppData\Local\Temp
Project directory: C:\Users\hp\Documents\Ansoft
[warning] Electronics Desktop has found a recovery file for an unsaved project : Project3.aedt.auto
Please choose one of the following actions for this file: 
 Yes: Open the recovery file. 
 No: Discard the recovery file.
 Cancel: Leave the recovery file on disk ( this prompt will reappear during the next application start) .
The project 'my_project' has been edited and/or solved. Do you want to save the changes?
-- Message Window --
      *Global - Messages
        [warning] Electronics Desktop has found a recovery file for an unsaved project : Project3.aedt.auto Please choose one of the following actions for this file:   Yes: Open the recovery file.   No: Discard the recovery file.  Cancel: Leave the recovery file on disk ( this prompt will reappear during the next application start) .
        [info] GRPC server running on port: 12793. 
        [info] The project 'my_project' has been edited and/or solved. Do you want to save the changes?
      my_project (C:/Users/hp/Documents/Ansoft/)
        my_design
          [info] Import Native Bodies: Imported bodies ha-- Message Window --
      *Global - Messages
        [warning] Electronics Desktop has found a recovery file for an unsaved project : Project3.aedt.auto Please choose one of the following actions for this file:   Yes: Open the recovery file.   No: Discard the recovery file.  Cancel: Leave the recovery file on disk ( this prompt will reappear during the next application start) .
        [info] GRPC server running on port: 13012. 
        [info] The project 'my_project' has been edited and/or solved. Do you want to save the changes?
      my_project (C:/Users/hp/Documents/Ansoft/)
        my_design
          [info] Import Native Bodies: Imported bodies have been scaled to model units. Please analyze the model. (10:47:01  juil. 18, 2026)
          [error] Error updating solution state for solution: AdaptivePass. (10:47:15  juil. 18, 2026)
          [error] Simulation completed with execution error on server: Local Machine. (10:47:16  juil. 18, 2026)
          [error] Script macro error: Simulation for my_project : my_design : CapSetup has failed with execution error.  (10:47:16  juil. 18, 2026)
          [error] Script macro error: CG[Solution Order/Choices] is not a property name. (10:47:16  juil. 18, 2026)
          [error] Script macro error: Max. Passes (Conduction) is not a property name. (10:47:16  juil. 18, 2026)
          [error] Script macro error: Min. Passes (Conduction) is not a property name. (10:47:16  juil. 18, 2026)
          [error] Script macro error: Min. Converged Passes (Conduction) is not a property name. (10:47:16  juil. 18, 2026)
          [error] Script macro error: Percent Error (Conduction) is not a property name. (10:47:17  juil. 18, 2026)
          [error] Script macro error: Percent Refine (Conduction) is not a property name. (10:47:17  juil. 18, 2026)
          [error] Script macro error: Max. Passes (Multipole) is not a property name. (10:47:17  juil. 18, 2026)
          [error] Script macro error: Min. Passes (Multipole) is not a property name. (10:47:17  juil. 18, 2026)
          [error] Script macro error: Min. Converged Passes (Multipole) is not a property name. (10:47:17  juil. 18, 2026)
          [error] Script macro error: Percent Error (Multipole) is not a property name. (10:47:17  juil. 18, 2026)
          [error] Script macro error: Percent Refine (Multipole) is not a property name. (10:47:17  juil. 18, 2026)
          [error] Script macro error: DC[Solution Order/Choices] is not a property name. (10:47:17  juil. 18, 2026)
          [error] Script macro error: CG[Solution Order/Choices] is not a property name. (10:47:18  juil. 18, 2026)
          [error] Script macro error: Max. Passes (Conduction) is not a property name. (10:47:18  juil. 18, 2026)
          [error] Script macro error: Min. Passes (Conduction) is not a property name. (10:47:18  juil. 18, 2026)
          [error] Script macro error: Min. Converged Passes (Conduction) is not a property name. (10:47:18  juil. 18, 2026)
          [error] Script macro error: Percent Error (Conduction) is not a property name. (10:47:18  juil. 18, 2026)
          [error] Script macro error: Percent Refine (Conduction) is not a property name. (10:47:18  juil. 18, 2026)
          [error] Script macro error: Max. Passes (MulStopping Batch Run: 10:47:24  juil. 18, 2026
l. 18, 2026)
          [error] Script macro error: Min. Passes (Multipole) is not a property name. (10:47:18  juil. 18, 2026)
          [error] Script macro error: Min. Converged Passes (Multipole) is not a property name. (10:47:19  juil. 18, 2026)
          [error] Script macro error: Percent Error (Multipole) is not a property name. (10:47:19  juil. 18, 2026)
          [error] Script macro error: Percent Refine (Multipole) is not a property name. (10:47:19  juil. 18, 2026)
          [error] Script macro error: DC[Solution Order/Choices] is not a property name. (10:47:19  juil. 18, 2026)
          [warning] The variable  'Phase' doesn't have an associated sweep and is excluded from the definition of trace. (10:47:19  juil. 18, 2026)
          [error] Script macro error: No trace data for quantities: C(Core,Core), C(Core,ringp1), C(Core,ringp2), C(Core,ringp3), C(Core,ringp4), C(Core,ringp5), C(Core,ringp6), C(ringp1,Core), C(ringp1,ringp1), C(ringp1,ringp2) (10:47:19  juil. 18, 2026)
-- Message Window --
Stopping Batch Run: 10:47:25  juil. 18, 2026
 
Ansys Electronics Desktop Version 2023.1.0, Build: 2022-11-20 22:10:41
Location: C:\Program Files\AnsysEM\v231\Win64\ansysedt.exe
Non Graphical Mode: No Project??
Starting Batch Run: 10:47:29  juil. 18, 2026
Running as user: SEIFPC\hp
Temp directory: C:\Users\hp\AppData\Local\Temp
Project directory: C:\Users\hp\Documents\Ansoft
[warning] Electronics Desktop has found a recovery file for an unsaved project : Project3.aedt.auto
Please choose one of the following actions for this file: 
 Yes: Open the recovery file. 
 No: Discard the recovery file.
 Cancel: Leave the recovery file on disk ( this prompt will reappear during the next application start) .
The project 'my_project' has been edited and/or solved. Do you want to save the changes?
-- Message Window --
      *Global - Messages
        [warning] Electronics Desktop has found a recovery file for an unsaved project : Project3.aedt.auto Please choose one of the following actions for this file:   Yes: Open the recovery file.   No: Discard the recovery file.  Cancel: Leave the recovery file on disk ( this prompt will reappear during the next application start) .
        [info] GRPC server running on port: 4546. 
        [info] The project 'my_project' has been edited and/or solved. Do you want to save the changes?
      my_project (C:/Users/hp/Documents/Ansoft/)
        my_design
          [info] Import Native Bodies: Imported bodies have been scaled to model units. Please analyze the model. (10:47:42  juil. 18, 2026)
          [info] Solution 'CapSetup : CapSweep', CG interpolating sweep is converged. (10:48:18  juil. 18, 2026)
          [info] Normal completion of simulation on server: Local Machine. (10:48:18  juil. 18, 2026)
          [error] Script macro error: CG[Solution Order/Choices] is not a property name. (10:48:18  juil. 18, 2026)
          [error] Script macro error: Max. Passes (Conduction) is not a property name. (10:48:18  juil. 18, 2026)
          [error] Script macro error: Min. Passes (Conduction) is not a property name. (10:48:18  juil. 18, 2026)
          [error] Script macro error: Min. Converged Passes (Conduction) is not a property name. (10:48:18  juil. 18, 2026)
          [error] Script macro error: Percent Error (Conduction) is not a property name. (10:48:19  juil. 18, 2026)
          [error] Script macro error: Percent Refine (Conduction) is not a property name. (10:48:19  juil. 18, 2026)
          [error] Script macro error: Max. Passes (Multipole) is not a property name. (10:48:19  juil. 18, 2026)
          [error] Script macro error: Min. Passes (Multipole) is not a property name. (10:48:19  juil. 18, 2026)
          [error] Script macro error: Min. Converged Passes (Multipole) is not a property name. (10:48:19  juil. 18, 2026)
          [error] Script macro error: Percent Error (Multipole) is not a property name. (10:48:19  juil. 18, 2026)
          [error] Script macro error: Percent Refine (Multipole) is not a property name. (10:48:19  juil. 18, 2026)
          [error] Script macro error: DC[Solution Order/Choices] is not a property name. (10:48:19  juil. 18, 2026)
          [error] Script macro error: CG[Solution Order/Choices] is not a property name. (10:48:20  juil. 18, 2026)
          [error] Script macro error: Max. Passes (Conduction) is not a property name. (10:48:20  juil. 18, 2026)
          [error] Script macro error: Min. Passes (Conduction) is not a property name. (10:48:20  juil. 18, 2026)
          [error] Script macro error: Min. Converged Passes (Conduction) is not a property name. (10:48:20  juil. 18, 2026)
          [error] Script macro error: Percent Error (Conduction) is not a property name. (10:48:20  juil. 18, 2026)
          [error] Script macro error: Percent Refine (Conduction) is not a property name. (10:48:20  juil. 18, 2026)
          [error] Script macro error: Max. Passes (Multipole) is not a property name. (10:48:20  juil. 18, 2026)
          [error] Script macro error: Min. Passes (Multipole) is not a property name. (10:48:20  juil. 18, 2026)
          [error] Script macro error: Min. Converged Passes (Multipole) is not a property name. (10:48:20  juil. 18, 2026)
          [error] Script macro error: Percent Error (Multipole) is not a property name. (10:48:21  juil. 18, 2026)
          [error] Script macro error: Percent Refine (Multipole) is not a property name. (10:48:21  juil. 18, 2026)
          [error] Script macro error: DC[Solution Order/Choices] is not a property name. (10:48:21  juil. 18, 2026)
          [warning] The variable  'Phase' doesn't have an associated sweep and is excluded from the definition of trace. (10:48:21  juil. 18, 2026)
-- Message Window --
Stopping Batch Run: 10:53:29  juil. 18, 2026
 
Ansys Electronics Desktop Version 2023.1.0, Build: 2022-11-20 22:10:41
Location: C:\Program Files\AnsysEM\v231\Win64\ansysedt.exe
Non Graphical Mode: No Project??
Starting Batch Run: 10:53:36  juil. 18, 2026
Running as user: SEIFPC\hp
Temp directory: C:\Users\hp\AppData\Local\Temp
Project directory: C:\Users\hp\Documents\Ansoft
[warning] Electronics Desktop has found a recovery file for an unsaved project : Project3.aedt.auto
Please choose one of the following actions for this file: 
 Yes: Open the recovery file. 
 No: Discard the recovery file.
 Cancel: Leave the recovery file on disk ( this prompt will reappear during the next application start) .
The project 'my_project' has been edited and/or solved. Do you want to save the changes?
-- Message Window --
      *Global - Messages
        [warning] Electronics Desktop has found a recovery file for an unsaved project : Project3.aedt.auto Please choose one of the following actions for this file:   Yes: Open the recovery file.   No: Discard the recovery file.  Cancel: Leave the recovery file on disk ( this prompt will reappear during the next application start) .
        [info] GRPC server running on port: 10419. 
        [info] The project 'my_project' has been edited and/or solved. Do you want to save the changes?
      my_project (C:/Users/hp/Documents/Ansoft/)
        my_design
          [info] Import Native Bodies: Imported bodies have been scaled to model units. Please analyze the model. (10:53:48  juil. 18, 2026)
          [info] Solution 'CapSetup : CapSweep', CG interpolating sweep is converged. (10:54:13  juil. 18, 2026)
          [info] Normal completion of simulation on server: Local Machine. (10:54:14  juil. 18, 2026)
          [error] Script macro error: CG[Solution Order/Choices] is not a property name. (10:54:14  juil. 18, 2026)
          [error] Script macro error: Max. Passes (Conduction) is not a property name. (10:54:14  juil. 18, 2026)
          [error] Script macro error: Min. Passes (Conduction) is not a property name. (10:54:14  juil. 18, 2026)
          [error] Script macro error: Min. Converged Passes (Conduction) is not a property name. (10:54:14  juil. 18, 2026)
          [error] Script macro error: Percent Error (Conduction) is not a property name. (10:54:14  juil. 18, 2026)
          [error] Script macro error: Percent Refine (Conduction) is not a property name. (10:54:14  juil. 18, 2026)
          [error] Script macro error: Max. Passes (Multipole) is not a property name. (10:54:14  juil. 18, 2026)
          [error] Script macro error: Min. Passes (Multipole) is not a property name. (10:54:15  juil. 18, 2026)
          [error] Script macro error: Min. Converged Passes (Multipole) is not a property name. (10:54:15  juil. 18, 2026)
          [error] Script macro error: Percent Error (Multipole) is not a property name. (10:54:15  juil. 18, 2026)
          [error] Script macro error: Percent Refine (Multipole) is not a property name. (10:54:15  juil. 18, 2026)
          [error] Script macro error: DC[Solution Order/Choices] is not a property name. (10:54:15  juil. 18, 2026)
          [error] Script macro error: CG[Solution Order/Choices] is not a property name. (10:54:15  juil. 18, 2026)
          [error] Script macro error: Max. Passes (Conduction) is not a property name. (10:54:15  juil. 18, 2026)
          [error] Script macro error: Min. Passes (Conduction) is not a property name. (10:54:15  juil. 18, 2026)
          [error] Script macro error: Min. Converged Passes (Conduction) is not a property name. (10:54:16  juil. 18, 2026)
          [error] Script macro error: Percent Error (Conduction) is not a property name. (10:54:16  juil. 18, 2026)
          [error] Script macro error: Percent Refine (Conduction) is not a property name. (10:54:16  juil. 18, 2026)
          [error] Script macro error: Max. Passes (Multipole) is not a property name. (10:54:16  juil. 18, 2026)
          [error] Script macro error: Min. Passes (Multipole) is not a property name. (10:54:16  juil. 18, 2026)
          [error] Script macro error: Min. Converged Passes (Multipole) is not a property name. (10:54:16  juil. 18, 2026)
          [error] Script macro error: Percent Error (Multipole) is not a property name. (10:54:16  juil. 18, 2026)
          [error] Script macro error: Percent Refine (Multipole) is not a property name. (10:54:16  juil. 18, 2026)
          [error] Script macro error: DC[Solution Order/Choices] is not a property name. (10:54:17  juil. 18, 2026)
          [warning] The variable  'Phase' doesn't have an associated sweep and is excluded from the definition of trace. (10:54:17  juil. 18, 2026)
-- Message Window --
Stopping Batch Run: 10:57:49  juil. 18, 2026
 
Ansys Electronics Desktop Version 2023.1.0, Build: 2022-11-20 22:10:41
Location: C:\Program Files\AnsysEM\v231\Win64\ansysedt.exe
Non Graphical Mode: No Project??
Starting Batch Run: 10:57:50  juil. 18, 2026
Running as user: SEIFPC\hp
Temp directory: C:\Users\hp\AppData\Local\Temp
Project directory: C:\Users\hp\Documents\Ansoft
[warning] Electronics Desktop has found a recovery file for an unsaved project : Project3.aedt.auto
Please choose one of the following actions for this file: 
 Yes: Open the recovery file. 
 No: Discard the recovery file.
 Cancel: Leave the recovery file on disk ( this prompt will reappear during the next application start) .
The project 'my_project' has been edited and/or solved. Do you want to save the changes?
-- Message Window --
      *Global - Messages
        [warning] Electronics Desktop has found a recovery file for an unsaved project : Project3.aedt.auto Please choose one of the following actions for this file:   Yes: Open the recovery file.   No: Discard the recovery file.  Cancel: Leave the recovery file on disk ( this prompt will reappear during the next application start) .
        [info] GRPC server running on port: 2331. 
        [info] The project 'my_project' has been edited and/or solved. Do you want to save the changes?
      my_project (C:/Users/hp/Documents/Ansoft/)
        my_design
          [info] Import Native Bodies: Imported bodies have been scaled to model units. Please analyze the model. (10:58:05  juil. 18, 2026)
          [info] Solution 'CapSetup : CapSweep', CG interpolating sweep is converged. (10:58:30  juil. 18, 2026)
          [info] Normal completion of simulation on server: Local Machine. (10:58:31  juil. 18, 2026)
          [error] Script macro error: CG[Solution Order/Choices] is not a property name. (10:58:31  juil. 18, 2026)
          [error] Script macro error: Max. Passes (Conduction) is not a property name. (10:58:31  juil. 18, 2026)
          [error] Script macro error: Min. Passes (Conduction) is not a property name. (10:58:31  juil. 18, 2026)
          [error] Script macro error: Min. Converged Passes (Conduction) is not a property name. (10:58:31  juil. 18, 2026)
          [error] Script macro error: Percent Error (Conduction) is not a property name. (10:58:31  juil. 18, 2026)
          [error] Script macro error: Percent Refine (Conduction) is not a property name. (10:58:31  juil. 18, 2026)
          [error] Script macro error: Max. Passes (Multipole) is not a property name. (10:58:31  juil. 18, 2026)
          [error] Script macro error: Min. Passes (Multipole) is not a property name. (10:58:32  juil. 18, 2026)
          [error] Script macro error: Min. Converged Passes (Multipole) is not a property name. (10:58:32  juil. 18, 2026)
          [error] Script macro error: Percent Error (Multipole) is not a property name. (10:58:32  juil. 18, 2026)
          [error] Script macro error: Percent Refine (Multipole) is not a property name. (10:58:32  juil. 18, 2026)
          [error] Script macro error: DC[Solution Order/Choices] is not a property name. (10:58:32  juil. 18, 2026)
          [error] Script macro error: CG[Solution Order/Choices] is not a property name. (10:58:32  juil. 18, 2026)
          [error] Script macro error: Max. Passes (Conduction) is not a property name. (10:58:32  juil. 18, 2026)
          [error] Script macro error: Min. Passes (Conduction) is not a property name. (10:58:32  juil. 18, 2026)
          [error] Script macro error: Min. Converged Passes (Conduction) is not a property name. (10:58:33  juil. 18, 2026)
          [error] Script macro error: Percent Error (Conduction) is not a property name. (10:58:33  juil. 18, 2026)
          [error] Script macro error: Percent Refine (Conduction) is not a property name. (10:58:33  juil. 18, 2026)
          [error] Script macro error: Max. Passes (Multipole) is not a property name. (10:58:33  juil. 18, 2026)
          [error] Script macro error: Min. Passes (Multipole) is not a property name. (10:58:33  juil. 18, 2026)
          [error] Script macro error: Min. Converged Passes (Multipole) is not a property name. (10:58:33  juil. 18, 2026)
          [error] Script macro error: Percent Error (Multipole) is not a property name. (10:58:33  juil. 18, 2026)
          [error] Script macro error: Percent Refine (Multipole) is not a property name. (10:58:33  juil. 18, 2026)
          [error] Script macro error: DC[Solution Order/Choices] is not a property name. (10:58:33  juil. 18, 2026)
          [warning] The variable  'Phase' doesn't have an associated sweep and is excluded from the definition of trace. (10:58:34  juil. 18, 2026)
-- Message Window --
Stopping Batch Run: 11:07:14  juil. 18, 2026
 
Ansys Electronics Desktop Version 2023.1.0, Build: 2022-11-20 22:10:41
Location: C:\Program Files\AnsysEM\v231\Win64\ansysedt.exe
Non Graphical Mode: No Project??
Starting Batch Run: 11:07:23  juil. 18, 2026
Running as user: SEIFPC\hp
Temp directory: C:\Users\hp\AppData\Local\Temp
Project directory: C:\Users\hp\Documents\Ansoft
[warning] Electronics Desktop has found a recovery file for an unsaved project : Project3.aedt.auto
Please choose one of the following actions for this file: 
 Yes: Open the recovery file. 
 No: Discard the recovery file.
 Cancel: Leave the recovery file on disk ( this prompt will reappear during the next application start) .
[warning] Electronics Desktop cannot be closed right now because it is being used by another application, script or extension wizard.

[warning] Electronics Desktop cannot be closed right now because it is being used by another application, script or extension wizard.

[warning] Electronics Desktop cannot be closed right now because it is being used by another application, script or extension wizard.

The project 'my_project' has been edited and/or solved. Do you want to save the changes?
-- Message Window --
      *Global - Messages
        [warning] Electronics Desktop has found a recovery file for an unsaved project : Project3.aedt.auto Please choose one of the following actions for this file:   Yes: Open the recovery file.   No: Discard the recovery file.  Cancel: Leave the recovery file on disk ( this prompt will reappear during the next application start) .
        [info] GRPC server running on port: 4186. 
        [warning] Electronics Desktop cannot be closed right now because it is being used by another application, script or extension wizard. 
        [warning] Electronics Desktop cannot be closed right now because it is being used by another application, script or extension wizard.
        [warning] Electronics Desktop cannot be closed right now because it is being used by another application, script or extension wizard. 
        [warning] Electronics Desktop cannot be closed right now because it is being used by another application, script or extension wizard.
        [warning] Electronics Desktop cannot be closed right now because it is being used by another application, script or extension wizard. 
        [warning] Electronics Desktop cannot be closed right now because it is being used by another application, script or extension wizard.
        [info] The project 'my_project' has been edited and/or solved. Do you want to save the changes?
      my_project (C:/Users/hp/Documents/Ansoft/)
        my_design
          [info] Import Native Bodies: Imported bodies have been scaled to model units. Please analyze the model. (11:07:37  juil. 18, 2026)
          [info] Solution 'CapSetup : CapSweep', CG interpolating sweep is converged. (11:08:05  juil. 18, 2026)
          [info] Normal completion of simulation on server: Local Machine. (11:08:07  juil. 18, 2026)
          [error] Script macro error: CG[Solution Order/Choices] is not a property name. (11:08:07  juil. 18, 2026)
          [error] Script macro error: Max. Passes (Conduction) is not a property name. (11:08:07  juil. 18, 2026)
          [error] Script macro error: Min. Passes (Conduction) is not a property name. (11:08:07  juil. 18, 2026)
          [error] Script macro error: Min. Converged Passes (Conduction) is not a property name. (11:08:07  juil. 18, 2026)
          [error] Script macro error: Percent Error (Conduction) is not a property name. (11:08:08  juil. 18, 2026)
          [error] Script macro error: Percent Refine (Conduction) is not a property name. (11:08:08  juil. 18, 2026)
          [error] Script macro error: Max. Passes (Multipole) is not a property name. (11:08:08  juil. 18, 2026)
          [error] Script macro error: Min. Passes (Multipole) is not a property name. (11:08:08  juil. 18, 2026)
          [error] Script macro error: Min. Converged Passes (Multipole) is not a property name. (11:08:08  juil. 18, 2026)
          [error] Script macro error: Percent Error (Multipole) is not a property name. (11:08:08  juil. 18, 2026)
          [error] Script macro error: Percent Refine (Multipole) is not a property name. (11:08:08  juil. 18, 2026)
          [error] Script macro error: DC[Solution Order/Choices] is not a property name. (11:08:08  juil. 18, 2026)
          [error] Script macro error: CG[Solution Order/Choices] is not a property name. (11:08:09  juil. 18, 2026)
          [error] Script macro error: Max. Passes (Conduction) is not a property name. (11:08:09  juil. 18, 2026)
          [error] Script macro error: Min. Passes (Conduction) is not a property name. (11:08:09  juil. 18, 2026)
          [error] Script macro error: Min. Converged Passes (Conduction) is not a property name. (11:08:09  juil. 18, 2026)
          [error] Script macro error: Percent Error (Conduction) is not a property name. (11:08:09  juil. 18, 2026)
          [error] Script macro error: Percent Refine (Conduction) is not a property name. (11:08:09  juil. 18, 2026)
          [error] Script macro error: Max. Passes (Multipole) is not a property name. (11:08:09  juil. 18, 2026)
          [error] Script macro error: Min. Passes (Multipole) is not a property name. (11:08:10  juil. 18, 2026)
          [error] Script macro error: Min. Converged Passes (Multipole) is not a property name. (11:08:10  juil. 18, 2026)
          [error] Script macro error: Percent Error (Multipole) is not a property name. (11:08:10  juil. 18, 2026)
          [error] Script macro error: Percent Refine (Multipole) is not a property name. (11:08:10  juil. 18, 2026)
          [error] Script macro error: DC[Solution Order/Choices] is not a property name. (11:08:10  juil. 18, 2026)
          [warning] The variable  'Phase' doesn't have an associated sweep and is excluded from the definition of trace. (11:08:10  juil. 18, 2026)
          [error] Script macro error: CG[Solution Order/Choices] is not a property name. (11:08:10  juil. 18, 2026)
          [error] Script macro error: Max. Passes (Conduction) is not a property name. (11:08:11  juil. 18, 2026)
          [error] Script macro error: Min. Passes (Conduction) is not a property name. (11:08:11  juil. 18, 2026)
          [error] Script macro error: Min. Converged Passes (Conduction) is not a property name. (11:08:11  juil. 18, 2026)
          [error] Script macro error: Percent Error (Conduction) is not a property name. (11:08:11  juil. 18, 2026)
          [error] Script macro error: Percent Refine (Conduction) is not a property name. (11:08:11  juil. 18, 2026)
          [error] Script macro error: Max. Passes (Multipole) is not a property name. (11:08:11  juil. 18, 2026)
          [error] Script macro error: Min. Passes (Multipole) is not a property name. (11:08:11  juil. 18, 2026)
          [error] Script macro error: Min. Converged Passes (Multipole) is not a property name. (11:08:11  juil. 18, 2026)
          [error] Script macro error: Percent Error (Multipole) is not a property name. (11:08:12  juil. 18, 2026)
          [error] Script macro error: Percent Refine (Multipole) is not a property name. (11:08:12  juil. 18, 2026)
          [error] Script macro error: DC[Solution Order/Choices] is not a property name. (11:08:12  juil. 18, 2026)
          [error] Script macro error: CG[Solution Order/Choices] is not a property name. (11:08:12  juil. 18, 2026)
          [error] Script macro error: Max. Passes (Conduction) is not a property name. (11:08:12  juil. 18, 2026)
          [error] Script macro error: Min. Passes (Conduction) is not a property name. (11:08:12  juil. 18, 2026)
          [error] Script macro error: Min. Converged Passes (Conduction) is not a property name. (11:08:12  juil. 18, 2026)
          [error] Script macro error: Percent Error (Conduction) is not a property name. (11:08:13  juil. 18, 2026)
          [error] Script macro error: Percent Refine (Conduction) is not a property name. (11:08:13  juil. 18, 2026)
          [error] Script macro error: Max. Passes (Multipole) is not a property name. (11:08:13  juil. 18, 2026)
          [error] Script macro error: Min. Passes (Multipole) is not a property name. (11:08:13  juil. 18, 2026)
          [error] Script macro error: Min. Converged Passes (Multipole) is not a property name. (11:08:13  juil. 18, 2026)
          [error] Script macro error: Percent Error (Multipole) is not a property name. (11:08:13  juil. 18, 2026)
          [error] Script macro error: Percent Refine (Multipole) is not a property name. (11:08:13  juil. 18, 2026)
          [error] Script macro error: DC[Solution Order/Choices] is not a property name. (11:08:13  juil. 18, 2026)
          [warning] The variable  'Phase' doesn't have an associated sweep and is excluded from the definition of trace. (11:08:14  juil. 18, 2026)
-- Message Window --
Stopping Batch Run: 11:12:38  juil. 18, 2026
 
Ansys Electronics Desktop Version 2023.1.0, Build: 2022-11-20 22:10:41
Location: C:\Program Files\AnsysEM\v231\Win64\ansysedt.exe
Non Graphical Mode: No Project??
Starting Batch Run: 11:12:49  juil. 18, 2026
Running as user: SEIFPC\hp
Temp directory: C:\Users\hp\AppData\Local\Temp
Project directory: C:\Users\hp\Documents\Ansoft
[warning] Electronics Desktop has found a recovery file for an unsaved project : Project3.aedt.auto
Please choose one of the following actions for this file: 
 Yes: Open the recovery file. 
 No: Discard the recovery file.
 Cancel: Leave the recovery file on disk ( this prompt will reappear during the next application start) .
[warning] Electronics Desktop cannot be closed right now because it is being used by another application, script or extension wizard.

The project 'my_project' has been edited and/or solved. Do you want to save the changes?
-- Message Window --
      *Global - Messages
        [warning] Electronics Desktop has found a recovery file for an unsaved project : Project3.aedt.auto Please choose one of the following actions for this file:   Yes: Open the recovery file.   No: Discard the recovery file.  Cancel: Leave the recovery file on disk ( this prompt will reappear during the next application start) .
        [info] GRPC server running on port: 1423. 
        [warning] Electronics Desktop cannot be closed right now because it is being used by another application, script or extension wizard. The project 'my_project' has been edited and/or solved. Do you want to save the changes?
-- Message Window --
      *Global - Messages
        [warning] Electronics Desktop has found a recovery file for an unsaved project : Project3.aedt.auto Please choose one of the following actions for this file:   Yes: Open the recovery file.   No: Discard the recovery file.  Cancel: Leave the recovery file on disk ( this prompt will reappear during the next application start) .
        [info] GRPC server running on port: 4462. 
        [info] The project 'my_project' has been edited and/or solved. Do you want to save the changes?
      my_project (C:/Users/hp/Documents/Ansoft/)
        my_design
          [info] Import Native Bodies: Imported bodies have been scaled to model units. Please analyze the model. (11:14:55  juil. 18, 2026)
          [error] Error updating solution state for solution: AdaptivePass. (11:15:17  juil. 18, 2026)
          [error] Simulation completed with execution error on server: Local Machine. (11:15:17  juil. 18, 2026)
          [error] Script macro error: Simulation for my_project : my_design : CapSetup has failed with execution error.  (11:15:17  juil. 18, 2026)
          [error] Script macro error: CG[Solution Order/Choices] is not a property name. (11:15:18  juil. 18, 2026)
          [error] Script macro error: Max. Passes (Conduction) is not a property name. (11:15:18  juil. 18, 2026)
          [error] Script macro error: Min. Passes (Conduction) is not a property name. (11:15:18  juil. 18, 2026)
          [error] Script macro error: Min. Converged Passes (Conduction) is not a property name. (11:15:18  juil. 18, 2026)
          [error] Script macro error: Percent Error (Conduction) is not a property name. (11:15:18  juil. 18, 2026)
          [error] Script macro error: Percent Refine (Conduction) is not a property name. (11:15:18  juil. 18, 2026)
          [error] Script macro error: Max. Passes (Multipole) is not a property name. (11:15:18  juil. 18, 2026)
          [error] Script macro error: Min. Passes (Multipole) is not a property name. (11:15:18  juil. 18, 2026)
          [error] Script macro error: Min. Converged Passes (Multipole) is not a property name. (11:15:19  juil. 18, 2026)
          [error] Script macro error: Percent Error (Multipole) is not a property name. (11:15:19  juil. 18, 2026)
          [error] Script macro error: Percent Refine (Multipole) is not a property name. (11:15:19  juil. 18, 2026)
          [error] Script macro error: DC[Solution Order/Choices] is not a property name. (11:15:19  juil. 18, 2026)
          [error] Script macro error: CG[Solution Order/Choices] is not a property name. (11:15:19  juil. 18, 2026)
          [error] Script macro error: Max. Passes (Conduction) is not a property name. (11:15:19  juil. 18, 2026)
          [error] Script macro error: Min. Passes (Conduction) is not a property name. (11:15:19  juil. 18, 2026)
          [error] Script macro error: Min. Converged Passes (Conduction) is not a property name. (11:15:19  juil. 18, 2026)
          [error] Script macro error: Percent Error (Conduction) is not a property name. (11:15:20  juil. 18, 2026)
          [error] Script macro error: Percent Refine (Conduction) is not a property name. (11:15:20  juil. 18, 2026)
          [error] Script macro error: Max. Passes (Multipole) is not a property name. (11:15:20  juil. 18, 2026)
          [error] Script macro error: Min. Passes (Multipole) is not a property name. (11:15:20  juil. 18, 2026)
          [error] Script macro error: Min. Converged Passes (Multipole) is not a property name. (11:15:20  juil. 18, 2026)
          [error] Script macro error: Percent Error (Multipole) is not a property name. (11:15:20  juil. 18, 2026)
          [error] Script macro error: Percent Refine (Multipole) is not a property name. (11:15:20  juil. 18, 2026)
          [error] Script macro error: DC[Solution Order/Choices] is not a property name. (11:15:20  juil. 18, 2026)
          [warning] The variable  'Phase' doesn't have an associated sweep and is excluded from the definition of trace. (11:15:21  juil. 18, 2026)
          [error] Script macro error: No trace data for quantities: C(Core,Core), C(Core,ringp1), C(Core,ringp2), C(Core,ringp3), C(Core,ringp4), C(Core,ringp5), C(Core,ringp6), C(ringp1,Core), C(ringp1,ringp1), C(ringp1,ringp2) (11:15:21  juil. 18, 2026)
-- Message Window --
Stopping Batch Run: 11:15:26  juil. 18, 2026
: Min. Passes (Multipole) is not a property name. (11:13:31  juil. 18, 2026)
          [error] Script macro error: Min. Converged Passes (Multipole) is not a property name. (11:13:31  juil. 18, 2026)
          [error] Script macro error: Percent Error (Multipole) is not a property name. (11:13:31  juil. 18, 2026)
          [error] Script macro error: Percent Refine (Multipole) is not a property name. (11:13:31  juil. 18, 2026)
          [error] Script macro error: DC[Solution Order/Choices] is not a property name. (11:13:31  juil. 18, 2026)
          [error] Script macro error: CG[Solution Order/Choices] is not a property name. (11:13:31  juil. 18, 2026)
          [error] Script macro error: Max. Passes (Conduction) is not a property name. (11:13:31  juil. 18, 2026)
          [error] Script macro error: Min. Passes (Conduction) is not a property name. (11:13:31  juil. 18, 2026)
          [error] Script macro error: Min. Converged Passes (Conduction) is not a property name. (11:13:32  juil. 18, 2026)
          [error] Script macro error: Percent Error (Conduction) is not a property name. (11:13:32  juil. 18, 2026)
          [error] Script macro error: Percent Refine (Conduction) is not a property name. (11:13:32  juil. 18, 2026)
          [error] Script macro error: Max. Passes (Multipole) is not a property name. (11:13:32  juil. 18, 2026)
          [error] Script macro error: Min. Passes (Multipole) is not a property name. (11:13:32  juil. 18, 2026)
          [error] Script macro error: Min. Converged Passes (Multipole) is not a property name. (11:13:32  juil. 18, 2026)
          [error] Script macro error: Percent Error (Multipole) is not a property name. (11:13:32  juil. 18, 2026)
          [error] Script macro error: Percent Refine (Multipole) is not a property name. (11:13:32  juil. 18, 2026)
          [error] Script macro error: DC[Solution Order/Choices] is not a property name. (11:13:32  juil. 18, 2026)
          [warning] The variable  'Phase' doesn't have an associated sweep and is excluded from the definition of trace. (11:13:33  juil. 18, 2026)
-- Message Window --
Stopping Batch Run: 11:15:12  juil. 18, 2026
 
Ansys Electronics Desktop Version 2023.1.0, Build: 2022-11-20 22:10:41
Location: C:\Program Files\AnsysEM\v231\Win64\ansysedt.exe
Non Graphical Mode: No Project??
Starting Batch Run: 11:15:33  juil. 18, 2026
Running as user: SEIFPC\hp
Temp directory: C:\Users\hp\AppData\Local\Temp
Project directory: C:\Users\hp\Documents\Ansoft
[warning] Electronics Desktop has found a recovery file for an unsaved project : Project3.aedt.auto
Please choose one of the following actions for this file: 
 Yes: Open the recovery file. 
 No: Discard the recovery file.
 Cancel: Leave the recovery file on disk ( this prompt will reappear during the next application start) .
The project 'my_project' has been edited and/or solved. Do you want to save the changes?
-- Message Window --
      *Global - Messages
        [warning] Electronics Desktop has found a recovery file for an unsaved project : Project3.aedt.auto Please choose one of the following actions for this file:   Yes: Open the recovery file.   No: Discard the recovery file.  Cancel: Leave the recovery file on disk ( this prompt will reappear during the next application start) .
        [info] GRPC server running on port: 11218. 
        [info] The project 'my_project' has been edited and/or solved. Do you want to save the changes?
      my_project (C:/Users/hp/Documents/Ansoft/)
        my_design
          [info] Import Native Bodies: Imported bodies have been scaled to model units. Please analyze the model. (11:15:50  juil. 18, 2026)
          [info] Solution 'CapSetup : CapSweep', CG interpolating sweep is converged. (11:16:14  juil. 18, 2026)
          [info] Normal completion of simulation on server: Local Machine. (11:16:14  juil. 18, 2026)
          [error] Script macro error: CG[Solution Order/Choices] is not a property name. (11:16:14  juil. 18, 2026)
          [error] Script macro error: Max. Passes (Conduction) is not a property name. (11:16:14  juil. 18, 2026)
          [error] Script macro error: Min. Passes (Conduction) is not a property name. (11:16:14  juil. 18, 2026)
          [error] Script macro error: Min. Converged Passes (Conduction) is not a property name. (11:16:15  juil. 18, 2026)
          [error] Script macro error: Percent Error (Conduction) is not a property name. (11:16:15  juil. 18, 2026)
          [error] Script macro error: Percent Refine (Conduction) is not a property name. (11:16:15  juil. 18, 2026)
          [error] Script macro error: Max. Passes (Multipole) is not a property name. (11:16:15  juil. 18, 2026)
          [error] Script macro error: Min. Passes (Multipole) is not a property name. (11:16:15  juil. 18, 2026)
          [error] Script macro error: Min. Converged Passes (Multipole) is not a property name. (11:16:15  juil. 18, 2026)
          [error] Script macro error: Percent Error (Multipole) is not a property name. (11:16:15  juil. 18, 2026)
          [error] Script macro error: Percent Refine (Multipole) is not a property name. (11:16:15  juil. 18, 2026)
          [error] Script macro error: DC[Solution Order/Choices] is not a property name. (11:16:16  juil. 18, 2026)
          [error] Script macro error: CG[Solution Order/Choices] is not a property name. (11:16:16  juil. 18, 2026)
          [error] Script macro error: Max. Passes (Conduction) is not a property name. (11:16:16  juil. 18, 2026)
          [error] Script macro error: Min. Passes (Conduction) is not a property name. (11:16:16  juil. 18, 2026)
          [error] Script macro error: Min. Converged Passes (Conduction) is not a property name. (11:16:16  juil. 18, 2026)
          [error] Script macro error: Percent Error (Conduction) is not a property name. (11:16:16  juil. 18, 2026)
          [error] Script macro error: Percent Refine (Conduction) is not a property name. (11:16:16  juil. 18, 2026)
          [error] Script macro error: Max. Passes (Multipole) is not a property name. (11:16:16  juil. 18, 2026)
          [error] Script macro error: Min. Passes (Multipole) is not a property name. (11:16:16  juil. 18, 2026)
          [error] Script macro error: Min. Converged Passes (Multipole) is not a property name. (11:16:17  juil. 18, 2026)
          [error] Script macro error: Percent Error (Multipole) is not a property name. (11:16:17  juil. 18, 2026)
          [error] Script macro error: Percent Refine (Multipole) is not a property name. (11:16:17  juil. 18, 2026)
          [error] Script macro error: DC[Solution Order/Choices] is not a property name. (11:16:17  juil. 18, 2026)
          [warning] The variable  'Phase' doesn't have an associated sweep and is excluded from the definition of trace. (11:16:17  juil. 18, 2026)
          [error] Script macro error: CG[Solution Order/Choices] is not a property name. (11:16:17  juil. 18, 2026)
          [error] Script macro error: Max. Passes (Conduction) is not a property name. (11:16:17  juil. 18, 2026)
          [error] Script macro error: Min. Passes (Conduction) is not a property name. (11:16:18  juil. 18, 2026)
          [error] Script macro error: Min. Converged Passes (Conduction) is not a property name. (11:16:18  juil. 18, 2026)
          [error] Script macro error: Percent Error (Conduction) is not a property name. (11:16:18  juil. 18, 2026)
          [error] Script macro error: Percent Refine (Conduction) is not a property name. (11:16:18  juil. 18, 2026)
          [error] Script macro error: Max. Passes (Multipole) is not a property name. (11:16:18  juil. 18, 2026)
          [error] Script macro error: Min. Passes (Multipole) is not a property name. (11:16:18  juil. 18, 2026)
          [error] Script macro error: Min. Converged Passes (Multipole) is not a property name. (11:16:18  juil. 18, 2026)
          [error] Script macro error: PStopping Batch Run: 11:22:41  juil. 18, 2026
e. (11:16:18  juil. 18, 2026)
          [error] Script macro error: Percent Refine (Multipole) is not a property name. (11:16:19  juil. 18, 2026)
          [error] Script macro error: DC[Solution Order/Choices] is not a property name. (11:16:19  juil. 18, 2026)
          [error] Script macro error: CG[Solution Order/Choices] is not a property name. (11:16:19  juil. 18, 2026)
          [error] Script macro error: Max. Passes (Conduction) is not a property name. (11:16:19  juil. 18, 2026)
          [error] Script macro error: Min. Passes (Conduction) is not a property name. (11:16:19  juil. 18, 2026)
          [error] Script macro error: Min. Converged Passes (Conduction) is not a property name. (11:16:19  juil. 18, 2026)
          [error] Script macro error: Percent Error (Conduction) is not a property name. (11:16:19  juil. 18, 2026)
          [error] Script macro error: Percent Refine (Conduction) is not a property name. (11:16:19  juil. 18, 2026)
          [error] Script macro error: Max. Passes (Multipole) is not a property name. (11:16:20  juil. 18, 2026)
          [error] Script macro error: Min. Passes (Multipole) is not a property name. (11:16:20  juil. 18, 2026)
          [error] Script macro error: Min. Converged Passes (Multipole) is not a property name. (11:16:20  juil. 18, 2026)
          [error] Script macro error: Percent Error (Multipole) is not a property name. (11:16:20  juil. 18, 2026)
          [error] Script macro error: Percent Refine (Multipole) is not a property name. (11:16:20  juil. 18, 2026)
          [error] Script macro error: DC[Solution Order/Choices] is not a property name. (11:16:20  juil. 18, 2026)
          [warning] The variable  'Phase' doesn't have an associated sweep and is excluded from the definition of trace. (11:16:20  juil. 18, 2026)
-- Message Window --
Stopping Batch Run: 11:22:41  juil. 18, 2026
 
Ansys Electronics Desktop Version 2023.1.0, Build: 2022-11-20 22:10:41
Location: C:\Program Files\AnsysEM\v231\Win64\ansysedt.exe
Non Graphical Mode: No Project??
Starting Batch Run: 11:22:47  juil. 18, 2026
Running as user: SEIFPC\hp
Temp directory: C:\Users\hp\AppData\Local\Temp
Project directory: C:\Users\hp\Documents\Ansoft
[warning] Electronics Desktop has found a recovery file for an unsaved project : Project3.aedt.auto
Please choose one of the following actions for this file: 
 Yes: Open the recovery file. 
 No: Discard the recovery file.
 Cancel: Leave the recovery file on disk ( this prompt will reappear during the next application start) .
The project 'my_project' has been edited and/or solved. Do you want to save the changes?
-- Message Window --
      *Global - Messages
        [warning] Electronics Desktop has found a recovery file for an unsaved project : Project3.aedt.auto Please choose one of the following actions for this file:   Yes: Open the recovery file.   No: Discard the recovery file.  Cancel: Leave the recovery file on disk ( this prompt will reappear during the next application start) .
        [info] GRPC server running on port: 5025. 
        [info] The project 'my_project' has been edited and/or solved. Do you want to save the changes?
      my_project (C:/Users/hp/Documents/Ansoft/)
        my_design
          [info] Import Native Bodies: Imported bodies have been scaled to model units. Please analyze the model. (11:23:01  juil. 18, 2026)
          [info] Solution 'CapSetup : CapSweep', CG interpolating sweep is converged. (11:23:46  juil. 18, 2026)
          [info] Normal completion of simulation on server: Local Machine. (11:23:46  juil. 18, 2026)
          [error] Script macro error: CG[Solution Order/Choices] is not a property name. (11:23:46  juil. 18, 2026)
          [error] Script macro error: Max. Passes (Conduction) is not a property name. (11:23:46  juil. 18, 2026)
          [error] Script macro error: Min. Passes (Conduction) is not a property name. (11:23:46  juil. 18, 2026)
          [error] Script macro error: Min. Converged Passes (Conduction) is not a property name. (11:23:46  juil. 18, 2026)
          [error] Script macro error: Percent Error (Conduction) is not a property name. (11:23:47  juil. 18, 2026)
          [error] Script macro error: Percent Refine (Conduction) is not a property name. (11:23:47  juil. 18, 2026)
          [error] Script macro error: Max. Passes (Multipole) is not a property name. (11:23:47  juil. 18, 2026)
          [error] Script macro error: Min. Passes (Multipole) is not a property name. (11:23:47  juil. 18, 2026)
          [error] Script macro error: Min. Converged Passes (Multipole) is not a property name. (11:23:47  juil. 18, 2026)
          [error] Script macro error: Percent Error (Multipole) is not a property name. (11:23:47  juil. 18, 2026)
          [error] Script macro error: Percent Refine (Multipole) is not a property name. (11:23:47  juil. 18, 2026)
          [error] Script macro error: DC[Solution Order/Choices] is not a property name. (11:23:48  juil. 18, 2026)
          [error] Script macro error: CG[Solution Order/Choices] is not a property name. (11:23:48  juil. 18, 2026)
          [error] Script macro error: Max. Passes (Conduction) is not a property name. (11:23:48  juil. 18, 2026)
          [error] Script macro error: Min. Passes (Conduction) is not a property name. (11:23:48  juil. 18, 2026)
          [error] Script macro error: Min. Converged Passes (Conduction) is not a property name. (11:23:48  juil. 18, 2026)
          [error] Script macro error: Percent Error (Conduction) is not a property name. (11:23:48  juil. 18, 2026)
          [error] Script macro error: Percent Refine (Conduction) is not a property name. (11:23:48  juil. 18, 2026)
          [error] Script macro error: Max. Passes (Multipole) is not a property name. (11:23:48  juil. 18, 2026)
          [error] Script macro error: Min. Passes (Multipole) is not a property name. (11:23:49  juil. 18, 2026)
          [error] Script macro error: Min. Converged Passes (Multipole) is not a property name. (11:23:49  juil. 18, 2026)
          [error] Script macro error: Percent Error (Multipole) is not a property name. (11:23:49  juil. 18, 2026)
          [error] Script macro error: Percent Refine (Multipole) is not a property name. (11:23:49  juil. 18, 2026)
          [error] Script macro error: DC[Solution Order/Choices] is not a property name. (11:23:49  juil. 18, 2026)
          [warning] The variable  'Phase' doesn't have an associated sweep and is excluded from the definition of trace. (11:23:49  juil. 18, 2026)
          [error] Script macro error: CG[Solution Order/Choices] is not a property name. (11:23:50  juil. 18, 2026)
          [error] Script macro error: Max. Passes (Conduction) is not a property name. (11:23:50  juil. 18, 2026)
          [error] Script macro error: Min. Passes (Conduction) is not a property name. (11:23:50  juil. 18, 2026)
          [error] Script macro error: Min. Converged Passes (Conduction) is not a property name. (11:23:50  juil. 18, 2026)
          [error] Script macro error: Percent Error (Conduction) is not a property name. (11:23:50  juil. 18, 2026)
          [error] Script macro error: Percent Refine (Conduction) is not a property name. (11:23:50  juil. 18, 2026)
          [error] Script macro error: Max. Passes (Multipole) is not a property name. (11:23:50  juil. 18, 2026)
          [error] Script macro error: Min. Passes (Multipole) is not a property name. (11:23:50  juil. 18, 2026)
          [error] Script macro error: Min. Converged Passes (Multipole) is not a property name. (11:23:51  juil. 18, 2026)
          [error] Script macro error: Percent Error (Multipole) is not a property name. (11:23:51  juil. 18, 2026)
          [error] Script macro error: Percent Refine (Multipole) is not a property name. (11:23:51  juil. 18, 2026)
          [error] Script macro error: DC[Solution Order/Choices] is not a property name. (11:23:51  juil. 18, 2026)
          [error] Script macro error: CG[Solution Order/Choices] is not a property name. (11:23:51  juil. 18, 2026)
          [error] Script macro error: Max. Passes (Conduction) is not a property name. (11:23:51  juil. 18, 2026)
          [error] Script macro error: Min. Passes (Conduction) is not a property name. (11:23:51  juil. 18, 2026)
          [error] Script macro error: Min. Converged Passes (Conduction) is not a property name. (11:23:52  juil. 18, 2026)
          [error] Script macro error: Percent Error (Conduction) is not a property name. (11:23:52  juil. 18, 2026)
          [error] Script macro error: Percent Refine (Conduction) is not a property name. (11:23:52  juil. 18, 2026)
          [error] Script macro error: Max. Passes (Multipole) is not a property name. (11:23:52  juil. 18, 2026)
          [error] Script macro error: Min. Passes (Multipole) is not a property name. (11:23:52  juil. 18, 2026)
          [error] Script macro error: Min. Converged Passes (Multipole) is not a property name. (11:23:52  juil. 18, 2026)
          [error] Script macro error: Percent Error (Multipole) is not a property name. (11:23:52  juil. 18, 2026)
          [error] Script macro error: Percent Refine (Multipole) is not a property name. (11:23:53  juil. 18, 2026)
          [error] Script macro error: DC[Solution Order/Choices] is not a property name. (11:23:53  juil. 18, 2026)
          [warning] The variable  'Phase' doesn't have an associated sweep and is excluded from the definition of trace. (11:23:53  juil. 18, 2026)
-- Message Window --
Stopping Batch Run: 11:27:42  juil. 18, 2026
 
Ansys Electronics Desktop Version 2023.1.0, Build: 2022-11-20 22:10:41
Location: C:\Program Files\AnsysEM\v231\Win64\ansysedt.exe
Non Graphical Mode: No Project??
Starting Batch Run: 11:27:53  juil. 18, 2026
Running as user: SEIFPC\hp
Temp directory: C:\Users\hp\AppData\Local\Temp
Project directory: C:\Users\hp\Documents\Ansoft
[warning] Electronics Desktop has found a recovery file for an unsaved project : Project3.aedt.auto
Please choose one of the following actions for this file: 
 Yes: Open the recovery file. 
 No: Discard the recovery file.
 Cancel: Leave the recovery file on disk ( this prompt will reappear during the next application start) .
[warning] Electronics Desktop cannot be closed right now because it is being used by another application, script or extension wizard.

The project 'my_project' has been edited and/or solved. Do you want to save the changes?
-- Message Window --
      *Global - Messages
        [warning] Electronics Desktop has found a recovery file for an unsaved project : Project3.aedt.auto Please choose one of the following actions for this file:   Yes: Open the recovery file.   No: Discard the recovery file.  Cancel: Leave the recovery file on disk ( this prompt will reappear during the next application start) .
        [info] GRPC server running on port: 5130. 
        [warning] Electronics Desktop cannot be closed right now because it is being used by another application, script or extension wizard. 
        [warning] Electronics Desktop cannot be closed right now because it is being used by another application, script or extension wizard.
        [info] The project 'my_project' has been edited and/or solved. Do you want to save the changes?
      my_project (C:/Users/hp/Documents/Ansoft/)
        my_design
          [info] Import Native Bodies: Imported bodies have been scaled to model units. Please analyze the model. (11:28:08  juil. 18, 2026)
          [info] Solution 'CapSetup : CapSweep', CG interpolating sweep is converged. (11:28:34  juil. 18, 2026)
          [info] Normal completion of simulation on server: Local Machine. (11:28:35  juil. 18, 2026)
          [error] Script macro error: CG[Solution Order/Choices] is not a property name. (11:28:35  juil. 18, 2026)
          [error] Script macro error: Max. Passes (Conduction) is not a property name. (11:28:35  juil. 18, 2026)
          [error] Script macro error: Min. Passes (Conduction) is not a property name. (11:28:35  juil. 18, 2026)
          [error] Script macro error: Min. Converged Passes (Conduction) is not a property name. (11:28:35  juil. 18, 2026)
          [error] Script macro error: Percent Error (Conduction) is not a property name. (11:28:35  juil. 18, 2026)
          [error] Script macro error: Percent Refine (Conduction) is not a property name. (11:28:36  juil. 18, 2026)
          [error] Script macro error: Max. Passes (Multipole) is not a property name. (11:28:36  juil. 18, 2026)
          [error] Script macro error: Min. Passes (Multipole) is not a property name. (11:28:36  juil. 18, 2026)
          [error] Script macro error: Min. Converged Passes (Multipole) is not a property name. (11:28:36  juil. 18, 2026)
          [error] Script macro error: Percent Error (Multipole) is not a property name. (11:28:36  juil. 18, 2026)
          [error] Script macro error: Percent Refine (Multipole) is not a property name. (11:28:36  juil. 18, 2026)
          [error] Script macro error: DC[Solution Order/Choices] is not a property name. (11:28:36  juil. 18, 2026)
          [error] Script macro error: CG[Solution Order/Choices] is not a property name. (11:28:37  juil. 18, 2026)
          [error] Script macro error: Max. Passes (Conduction) is not a property name. (11:28:37  juil. 18, 2026)
          [error] Script macro error: Min. Passes (Conduction) is not a property name. (11:28:37  juil. 18, 2026)
          [error] Script macro error: Min. Converged Passes (Conduction) is not a property name. (11:28:37  juil. 18, 2026)
          [error] Script macro error: Percent Error (Conduction) is not a property name. (11:28:37  juil. 18, 2026)
          [error] Script macro error: Percent Refine (Conduction) is not a property name. (11:28:37  juil. 18, 2026)
          [error] Script macro error: Max. Passes (Multipole) is not a property name. (11:28:37  juil. 18, 2026)
          [error] Script macro error: Min. Passes (Multipole) is not a property name. (11:28:37  juil. 18, 2026)
          [error] Script macro error: Min. Converged Passes (Multipole) is not a property name. (11:28:38  juil. 18, 2026)
          [error] Script macro error: Percent Error (Multipole) is not a property name. (11:28:38  juil. 18, 2026)
          [error] Script macro error: Percent Refine (Multipole) is not a property name. (11:28:38  juil. 18, 2026)
          [error] Script macro error: DC[Solution Order/Choices] is not a property name. (11:28:38  juil. 18, 2026)
          [warning] The variable  'Phase' doesn't have an associated sweep and is excluded from the definition of trace. (11:28:38  juil. 18, 2026)
          [error] Script macro error: CG[Solution Order/Choices] is not a property name. (11:28:38  juil. 18, 2026)
          [error] Script macro error: Max. Passes (Conduction) is not a property name. (11:28:38  juil. 18, 2026)
          [error] Script macro error: Min. Passes (Conduction) is not a property name. (11:28:39  juil. 18, 2026)
          [error] Script macro error: Min. Converged Passes (Conduction) is not a property name. (11:28:39  juil. 18, 2026)
          [error] Script macro error: Percent Error (Conduction) is not a property name. (11:28:39  juil. 18, 2026)
          [error] Script macro error: Percent Refine (Conduction) is not a property name. (11:28:39  juil. 18, 2026)
          [error] Script macro error: Max. Passes (Multipole) is not a property name. (11:28:39  juil. 18, 2026)
          [error] Script macro error: Min. Passes (Multipole) is not a property name. (11:28:39  juil. 18, 2026)
          [error] Script macro error: Min. Converged Passes (Multipole) is not a property name. (11:28:39  juil. 18, 2026)
          [error] Script macro error: Percent Error (Multipole) is not a property name. (11:28:39  juil. 18, 2026)
          [error] Script macro error: Percent Refine (Multipole) is not a property name. (11:28:40  juil. 18, 2026)
          [error] Script macro error: DC[Solution Order/Choices] is not a property name. (11:28:40  juil. 18, 2026)
          [error] Script macro error: CG[Solution Order/Choices] is not a property name. (11:28:40  juil. 18, 2026)
          [error] Script macro error: Max. Passes (Conduction) is not a property name. (11:28:40  juil. 18, 2026)
          [error] Script macro error: Min. Passes (Conduction) is not a property name. (11:28:40  juil. 18, 2026)
          [error] Script macro error: Min. Converged Passes (Conduction) is not a property name. (11:28:40  juil. 18, 2026)
          [error] Script macro error: Percent Error (Conduction) is not a property name. (11:28:40  juil. 18, 2026)
          [error] Script macro error: Percent Refine (Conduction) is not a property name. (11:28:40  juil. 18, 2026)
          [error] Script macro error: Max. Passes (Multipole) is not a property name. (11:28:41  juil. 18, 2026)
          [error] Script macro error: Min. Passes (Multipole) is not a property name. (11:28:41  juil. 18, 2026)
          [error] Script macro error: Min. Converged Passes (Multipole) is not a property name. (11:28:41  juil. 18, 2026)
          [error] Script macro error: Percent Error (Multipole) is not a property name. (11:28:41  juil. 18, 2026)
          [error] Script macro error: Percent Refine (Multipole) is not a property name. (11:28:41  juil. 18, 2026)
          [error] Script macro error: DC[Solution Order/Choices] is not a property name. (11:28:41  juil. 18, 2026)
          [warning] The variable  'Phase' doesn't have an associated sweep and is excluded from the definition of trace. (11:28:41  juil. 18, 2026)
-- Message Window --
Stopping Batch Run: 11:38:59  juil. 18, 2026
 
Ansys Electronics Desktop Version 2023.1.0, Build: 2022-11-20 22:10:41
Location: C:\Program Files\AnsysEM\v231\Win64\ansysedt.exe
Non Graphical Mode: No Project??
Starting Batch Run: 11:39:44  juil. 18, 2026
Running as user: SEIFPC\hp
Temp directory: C:\Users\hp\AppData\Local\Temp
Project directory: C:\Users\hp\Documents\Ansoft
[warning] Electronics Desktop has found a recovery file for an unsaved project : Project3.aedt.auto
Please choose one of the following actions for this file: 
 Yes: Open the recovery file. 
 No: Discard the recovery file.
 Cancel: Leave the recovery file on disk ( this prompt will reappear during the next application start) .
The project 'my_project' has been edited and/or solved. Do you want to save the changes?
-- Message Window --
      *Global - Messages
        [warning] Electronics Desktop has found a recovery file for an unsaved project : Project3.aedt.auto Please choose one of the following actions for this file:   Yes: Open the recovery file.   No: Discard the recovery file.  Cancel: Leave the recovery file on disk ( this prompt will reappear during the next application start) .
        [info] GRPC server running on port: 6814. 
        [info] The project 'my_project' has been edited and/or solved. Do you want to save the changes?
      my_project (C:/Users/hp/Documents/Ansoft/)
        my_design
          [info] Import Native Bodies: Imported bodies have been scaled to model units. Please analyze the model. (11:39:56  juil. 18, 2026)
          [info] Solution 'CapSetup : CapSweep', CG interpolating sweep is converged. (11:40:34  juil. 18, 2026)
          [info] Normal completion of simulation on server: Local Machine. (11:40:34  juil. 18, 2026)
          [error] Script macro error: CG[Solution Order/Choices] is not a property name. (11:40:34  juil. 18, 2026)
          [error] Script macro error: Max. Passes (Conduction) is not a property name. (11:40:35  juil. 18, 2026)
          [error] Script macro error: Min. Passes (Conduction) is not a property name. (11:40:35  juil. 18, 2026)
          [error] Script macro error: Min. Converged Passes (Conduction) is not a property name. (11:40:35  juil. 18, 2026)
          [error] Script macro error: Percent Error (Conduction) is not a property name. (11:40:35  juil. 18, 2026)
          [error] Script macro error: Percent Refine (Conduction) is not a property name. (11:40:35  juil. 18, 2026)
          [error] Script macro error: Max. Passes (Multipole) is not a property name. (11:40:35  juil. 18, 2026)
          [error] Script macro error: Min. Passes (Multipole) is not a property name. (11:40:35  juil. 18, 2026)
          [error] Script macro error: Min. Converged Passes (Multipole) is not a property name. (11:40:35  juil. 18, 2026)
          [error] Script macro error: Percent Error (Multipole) is not a property name. (11:40:36  juil. 18, 2026)
          [error] Script macro error: Percent Refine (Multipole) is not a property name. (11:40:36  juil. 18, 2026)
          [error] Script macro error: DC[Solution Order/Choices] is not a property name. (11:40:36  juil. 18, 2026)
          [error] Script macro error: CG[Solution Order/Choices] is not a property name. (11:40:36  juil. 18, 2026)
          [error] Script macro error: Max. Passes (Conduction) is not a property name. (11:40:36  juil. 18, 2026)
          [error] Script macro error: Min. Passes (Conduction) is not a property name. (11:40:36  juil. 18, 2026)
          [error] Script macro error: Min. Converged Passes (Conduction) is not a property name. (11:40:36  juil. 18, 2026)
          [error] Script macro error: Percent Error (Conduction) is not a property name. (11:40:36  juil. 18, 2026)
          [error] Script macro error: Percent Refine (Conduction) is not a property name. (11:40:37  juil. 18, 2026)
          [error] Script macro error: Max. Passes (Multipole) is not a property name. (11:40:37  juil. 18, 2026)
          [error] Script macro error: Min. Passes (Multipole) is not a property name. (11:40:37  juil. 18, 2026)
          [error] Script macro error: Min. Converged Passes (Multipole) is not a property name. (11:40:37  juil. 18, 2026)
          [error] Script macro error: Percent Error (Multipole) is not a property name. (11:40:37  juil. 18, 2026)
          [error] Script macro error: Percent Refine (Multipole) is not a property name. (11:40:37  juil. 18, 2026)
          [error] Script macro error: DC[Solution Order/Choices] is not a property name. (11:40:37  juil. 18, 2026)
          [warning] The variable  'Phase' doesn't have an associated sweep and is excluded from the definition of trace. (11:40:38  juil. 18, 2026)
          [error] Script macro error: CG[Solution Order/Choices] is not a property name. (11:40:38  juil. 18, 2026)
          [error] Script macro error: Max. Passes (Conduction) is not a property name. (11:40:38  juil. 18, 2026)
          [error] Script macro error: Min. Passes (Conduction) is not a property name. (11:40:38  juil. 18, 2026)
          [error] Script macro error: Min. Converged Passes (Conduction) is not a property name. (11:40:38  juil. 18, 2026)
          [error] Script macro error: Percent Error (Conduction) is not a property name. (11:40:38  juil. 18, 2026)
          [error] Script macro error: Percent Refine (Conduction) is not a property name. (11:40:38  juil. 18, 2026)
          [error] Script macro error: Max. Passes (Multipole) is not a property name. (11:40:39  juil. 18, 2026)
          [error] Script macro error: Min. Passes (Multipole) is not a property name. (11:40:39  juil. 18, 2026)
          [error] Script macro error: Min. Converged Passes (Multipole) is not a property name. (11:40:39  juil. 18, 2026)
          [error] Script macro error: Percent Error (Multipole) is not a property name. (11:40:39  juil. 18, 2026)
          [error] Script macro error: Percent Refine (Multipole) is not a property name. (11:40:39  juil. 18, 2026)
          [error] Script macro error: DC[Solution Order/Choices] is not a property name. (11:40:39  juil. 18, 2026)
          [error] Script macro error: CG[Solution Order/Choices] is not a property name. (11:40:39  juil. 18, 2026)
          [error] Script macro error: Max. Passes (Conduction) is not a property name. (11:40:40  juil. 18, 2026)
          [error] Script macro error: Min. Passes (Conduction) is not a property name. (11:40:40  juil. 18, 2026)
          [error] Script macro error: Min. Converged Passes (Conduction) is not a property name. (11:40:40  juil. 18, 2026)
          [error] Script macro error: Percent Error (Conduction) is not a property name. (11:40:40  juil. 18, 2026)
          [error] Script macro error: Percent Refine (Conduction) is not a property name. (11:40:40  juil. 18, 2026)
          [error] Script macro error: Max. Passes (Multipole) is not a property name. (11:40:40  juil. 18, 2026)
          [error] Script macro error: Min. Passes (Multipole) is not a property name. (11:40:40  juil. 18, 2026)
          [error] Script macro error: Min. Converged Passes (Multipole) is not a property name. (11:40:40  juil. 18, 2026)
          [error] Script macro error: Percent Error (Multipole) is not a property name. (11:40:41  juil. 18, 2026)
          [error] Script macro error: Percent Refine (Multipole) is not a property name. (11:40:41  juil. 18, 2026)
          [error] Script macro error: DC[Solution Order/Choices] is not a property name. (11:40:41  juil. 18, 2026)
          [warning] The variable  'Phase' doesn't have an associated sweep and is excluded from the definition of trace. (11:40:41  juil. 18, 2026)
-- Message Window --
Stopping Batch Run: 11:42:22  juil. 18, 2026
 
Ansys Electronics Desktop Version 2023.1.0, Build: 2022-11-20 22:10:41
Location: C:\Program Files\AnsysEM\v231\Win64\ansysedt.exe
Non Graphical Mode: No Project??
Starting Batch Run: 11:42:36  juil. 18, 2026
Running as user: SEIFPC\hp
Temp directory: C:\Users\hp\AppData\Local\Temp
Project directory: C:\Users\hp\Documents\Ansoft
[warning] Electronics Desktop has found a recovery file for an unsaved project : Project3.aedt.auto
Please choose one of the following actions for this file: 
 Yes: Open the recovery file. 
 No: Discard the recovery file.
 Cancel: Leave the recovery file on disk ( this prompt will reappear during the next application start) .
The project 'my_project' has been edited and/or solved. Do you want to save the changes?
-- Message Window --
      *Global - Messages
        [warning] Electronics Desktop has found a recovery file for an unsaved project : Project3.aedt.auto Please choose one of the following actions for this file:   Yes: Open the recovery file.   No: Discard the recovery file.  Cancel: Leave the recovery file on disk ( this prompt will reappear during the next application start) .
        [info] GRPC server running on port: 14297. 
        [info] The project 'my_project' has been edited and/or solved. Do you want to save the changes?
      my_project (C:/Users/hp/Documents/Ansoft/)
        my_design
          [info] Import Native Bodies: Imported bodies have been scaled to model units. Please analyze the model. (11:42:48  juil. 18, 2026)
          [info] Normal completion of simulation on server: Local Machine. (11:43:12  juil. 18, 2026)
-- Message Window --
Stopping Batch Run: 11:43:33  juil. 18, 2026
 during the next application start) .
-- Message Window --
Stopping Batch Run: 11:42:55  juil. 18, 2026
 
Ansys Electronics Desktop Version 2023.1.0, Build: 2022-11-20 22:10:41
Location: C:\Program Files\AnsysEM\v231\Win64\ansysedt.exe
Non Graphical Mode: No Project??
Starting Batch Run: 11:43:40  juil. 18, 2026
Running as user: SEIFPC\hp
Temp directory: C:\Users\hp\AppData\Local\Temp
Project directory: C:\Users\hp\Documents\Ansoft
[warning] Electronics Desktop has found a recovery file for an unsaved project : Project3.aedt.auto
Please choose one of the following actions for this file: 
 Yes: Open the recovery file. 
 No: Discard the recovery file.
 Cancel: Leave the recovery file on disk ( this prompt will reappear during the next application start) .
The project 'my_project' has been edited and/or solved. Do you want to save the changes?
-- Message Window --
      *Global - Messages
        [warning] Electronics Desktop has found a recovery file for an unsaved project : Project3.aedt.auto Please choose one of the following actions for this file:   Yes: Open the recovery file.   No: Discard the recovery file.  Cancel: Leave the recovery file on disk ( this prompt will reappear during the next application start) .
        [info] GRPC server running on port: 7678. 
        [info] The project 'my_project' has been edited and/or solved. Do you want to save the changes?
      my_project (C:/Users/hp/Documents/Ansoft/)
        my_design
          [info] Import Native Bodies: Imported bodies have been scaled to model units. Please analyze the model. (11:43:51  juil. 18, 2026)
          [error] Script macro error: Solution Setup 'CapSetup', Sweep 'CapSweep': The start frequency of an interpolating sweep must be less than the stop frequency. (11:43:55  juil. 18, 2026)
-- Message Window --
Stopping Batch Run: 11:44:11  juil. 18, 2026
 
Ansys Electronics Desktop Version 2023.1.0, Build: 2022-11-20 22:10:41
Location: C:\Program Files\AnsysEM\v231\Win64\ansysedt.exe
Non Graphical Mode: No Project??
Starting Batch Run: 11:44:17  juil. 18, 2026
Running as user: SEIFPC\hp
Temp directory: C:\Users\hp\AppData\Local\Temp
Project directory: C:\Users\hp\Documents\Ansoft
[warning] Electronics Desktop has found a recovery file for an unsaved project : Project3.aedt.auto
Please choose one of the following actions for this file: 
 Yes: Open the recovery file. 
 No: Discard the recovery file.
 Cancel: Leave the recovery file on disk ( this prompt will reappear during the next application start) .
The project 'my_project' has been edited and/or solved. Do you want to save the changes?
-- Message Window --
      *Global - Messages
        [warning] Electronics Desktop has found a recovery file for an unsaved project : Project3.aedt.auto Please choose one of the following actions for this file:   Yes: Open the recovery file.   No: Discard the recovery file.  Cancel: Leave the recovery file on disk ( this prompt will reappear during the next application start) .
        [info] GRPC server running on port: 7732. 
        [info] The project 'my_project' has been edited and/or solved. Do you want to save the changes?
      my_project (C:/Users/hp/Documents/Ansoft/)
        my_design
          [info] Import Native Bodies: Imported bodies have been scaled to model units. Please analyze the model. (11:44:30  juil. 18, 2026)
          [error] Script macro error: Solution Setup 'CapSetup', Sweep 'CapSweep': The start frequency of an interpolating sweep must be less than the stop frequency. (11:44:33  juil. 18, 2026)
-- Message Window --
Stopping Batch Run: 11:45:04  juil. 18, 2026
 
Ansys Electronics Desktop Version 2023.1.0, Build: 2022-11-20 22:10:41
Location: C:\Program Files\AnsysEM\v231\Win64\ansysedt.exe
Non Graphical Mode: No Project??
Starting Batch Run: 11:45:10  juil. 18, 2026
Running as user: SEIFPC\hp
Temp directory: C:\Users\hp\AppData\Local\Temp
Project directory: C:\Users\hp\Documents\Ansoft
[warning] Electronics Desktop has found a recovery file for an unsaved project : Project3.aedt.auto
Please choose one of the following actions for this file: 
 Yes: Open the recovery file. 
 No: Discard the recovery file.
 Cancel: Leave the recovery file on disk ( this prompt will reappear during the next application start) .
The project 'my_project' has been edited and/or solved. Do you want to save the changes?
-- Message Window --
      *Global - Messages
        [warning] Electronics Desktop has found a recovery file for an unsaved project : Project3.aedt.auto Please choose one of the following actions for this file:   Yes: Open the recovery file.   No: Discard the recovery file.  Cancel: Leave the recovery file on disk ( this prompt will reappear during the next application start) .
        [info] GRPC server running on port: 7795. 
        [info] The project 'my_project' has been edited and/or solved. Do you want to save the changes?
      my_project (C:/Users/hp/Documents/Ansoft/)
        my_design
          [info] Import Native Bodies: Imported bodies have been scaled to model units. Please analyze the model. (11:45:25  juil. 18, 2026)
          [info] Solution 'CapSetup : CapSweep', CG interpolating sweep is converged. (11:45:58  juil. 18, 2026)
          [info] Normal completion of simulation on server: Local Machine. (11:45:59  juil. 18, 2026)
          [error] Script macro error: CG[Solution Order/Choices] is not a property name. (11:45:59  juil. 18, 2026)
          [error] Script macro error: Max. Passes (Conduction) is not a property name. (11:45:59  juil. 18, 2026)
          [error] Script macro error: Min. Passes (Conduction) is not a property name. (11:45:59  juil. 18, 2026)
          [error] Script macro error: Min. Converged Passes (Conduction) is not a property name. (11:45:59  juil. 18, 2026)
          [error] Script macro error: Percent Error (Conduction) is not a property name. (11:45:59  juil. 18, 2026)
          [error] Script macro error: Percent Refine (Conduction) is not a property name. (11:45:59  juil. 18, 2026)
          [error] Script macro error: Max. Passes (Multipole) is not a property name. (11:45:59  juil. 18, 2026)
          [error] Script macro error: Min. Passes (Multipole) is not a property name. (11:46:00  juil. 18, 2026)
          [error] Script macro error: Min. Converged Passes (Multipole) is not a property name. (11:46:00  juil. 18, 2026)
          [error] Script macro error: Percent Error (Multipole) is not a property name. (11:46:00  juil. 18, 2026)
          [error] Script macro error: Percent Refine (Multipole) is not a property name. (11:46:00  juil. 18, 2026)
          [error] Script macro error: DC[Solution Order/Choices] is not a property name. (11:46:00  juil. 18, 2026)
          [error] Script macro error: CG[Solution Order/Choices] is not a property name. (11:46:00  juil. 18, 2026)
          [error] Script macro error: Max. Passes (Conduction) is not a property name. (11:46:00  juil. 18, 2026)
          [error] Script macro error: Min. Passes (Conduction) is not a property name. (11:46:00  juil. 18, 2026)
          [error] Script macro error: Min. Converged Passes (Conduction) is not a property name. (11:46:01  juil. 18, 2026)
          [error] Script macro error: Percent Error (Conduction) is not a property name. (11:46:01  juil. 18, 2026)
          [error] Script macro error: Percent Refine (Conduction) is not a property name. (11:46:01  juil. 18, 2026)
          [error] Script macro error: Max. Passes (Multipole) is not a property name. (11:46:01  juil. 18, 2026)
          [error] Script macro error: Min. Passes (Multipole) is not a property name. (11:46:01  juil. 18, 2026)
          [error] Script macro error: Min. Converged Passes (Multipole) is not a property name. (11:46:01  juil. 18, 2026)
          [error] Script macro error: Percent Error (Multipole) is not a property name. (11:46:01  juil. 18, 2026)
          [error] Script macro error: Percent Refine (Multipole) is not a property name. (11:46:01  juil. 18, 2026)
          [error] Script macro error: DC[Solution Order/Choices] is not a property name. (11:46:01  juil. 18, 2026)
          [warning] The variable  'Phase' doesn't have an associated sweep and is excluded from the definition of trace. (11:46:02  juil. 18, 2026)
-- Message Window --
Stopping Batch Run: 11:47:35  juil. 18, 2026
 
Ansys Electronics Desktop Version 2023.1.0, Build: 2022-11-20 22:10:41
Location: C:\Program Files\AnsysEM\v231\Win64\ansysedt.exe
Non Graphical Mode: No Project??
Starting Batch Run: 11:47:43  juil. 18, 2026
Running as user: SEIFPC\hp
Temp directory: C:\Users\hp\AppData\Local\Temp
Project directory: C:\Users\hp\Documents\Ansoft
[warning] Electronics Desktop has found a recovery file for an unsaved project : Project3.aedt.auto
Please choose one of the following actions for this file: 
 Yes: Open the recovery file. 
 No: Discard the recovery file.
 Cancel: Leave the recovery file on disk ( this prompt will reappear during the next application start) .
The project 'my_project' has been edited and/or solved. Do you want to save the changes?
-- Message Window --
      *Global - Messages
        [warning] Electronics Desktop has found a recovery file for an unsaved project : Project3.aedt.auto Please choose one of the following actions for this file:   Yes: Open the recovery file.   No: Discard the recovery file.  Cancel: Leave the recovery file on disk ( this prompt will reappear during the next application start) .
        [info] GRPC server running on port: 1547. 
        [info] The project 'my_project' has been edited and/or solved. Do you want to save the changes?
      my_project (C:/Users/hp/Documents/Ansoft/)
        my_design
          [info] Import Native Bodies: Imported bodies have been scaled to model units. Please analyze the model. (11:47:56  juil. 18, 2026)
          [info] Solution 'CapSetup : CapSweep', CG interpolating sweep is converged. (11:48:31  juil. 18, 2026)
          [info] Normal completion of simulation on server: Local Machine. (11:48:32  juil. 18, 2026)
          [error] Script macro error: CG[Solution Order/Choices] is not a property name. (11:48:33  juil. 18, 2026)
          [error] Script macro error: Max. Passes (Conduction) is not a property name. (11:48:33  juil. 18, 2026)
          [error] Script macro error: Min. Passes (Conduction) is not a property name. (11:48:33  juil. 18, 2026)
          [error] Script macro error: Min. Converged Passes (Conduction) is not a property name. (11:48:33  juil. 18, 2026)
          [error] Script macro error: Percent Error (Conduction) is not a property name. (11:48:33  juil. 18, 2026)
          [error] Script macro error: Percent Refine (Conduction) is not a property name. (11:48:33  juil. 18, 2026)
          [error] Script macro error: Max. Passes (Multipole) is not a property name. (11:48:34  juil. 18, 2026)
          [error] Script macro error: Min. Passes (Multipole) is not a property name. (11:48:34  juil. 18, 2026)
          [error] Script macro error: Min. Converged Passes (Multipole) is not a property name. (11:48:34  juil. 18, 2026)
          [error] Script macro error: Percent Error (Multipole) is not a property name. (11:48:34  juil. 18, 2026)
          [error] Script macro error: Percent Refine (Multipole) is not a property name. (11:48:34  juil. 18, 2026)
          [error] Script macro error: DC[Solution Order/Choices] is not a property name. (11:48:34  juil. 18, 2026)
          [error] Script macro error: CG[Solution Order/Choices] is not a property name. (11:48:34  juil. 18, 2026)
          [error] Script macro error: Max. Passes (Conduction) is not a property name. (11:48:34  juil. 18, 2026)
          [error] Script macro error: Min. Passes (Conduction) is not a property name. (11:48:35  juil. 18, 2026)
          [error] Script macro error: Min. Converged Passes (Conduction) is not a property name. (11:48:35  juil. 18, 2026)
          [error] Script macro error: Percent Error (Conduction) is not a property name. (11:48:35  juil. 18, 2026)
          [error] Script macro error: Percent Refine (Conduction) is not a property name. (11:48:35  juil. 18, 2026)
          [error] Script macro error: Max. Passes (Multipole) is not a property name. (11:48:35  juil. 18, 2026)
          [error] Script macro error: Min. Passes (Multipole) is not a property name. (11:48:35  juil. 18, 2026)
          [error] Script macro error: Min. Converged Passes (Multipole) is not a property name. (11:48:35  juil. 18, 2026)
          [error] Script macro error: Percent Error (Multipole) is not a property name. (11:48:36  juil. 18, 2026)
          [error] Script macro error: Percent Refine (Multipole) is not a property name. (11:48:36  juil. 18, 2026)
          [error] Script macro error: DC[Solution Order/Choices] is not a property name. (11:48:36  juil. 18, 2026)
          [warning] The variable  'Phase' doesn't have an associated sweep and is excluded from the definition of trace. (11:48:36  juil. 18, 2026)
          [warning] my_design: Solutions have been invalidated. Undo to recover. (11:48:45  juil. 18, 2026)
          [error] Script macro error: Name is not a property name. (11:48:45  juil. 18, 2026)
          [error] Script macro error: Type is not a property name. (11:48:45  juil. 18, 2026)
-- Message Window --
Stopping Batch Run: 11:49:28  juil. 18, 2026
 
Ansys Electronics Desktop Version 2023.1.0, Build: 2022-11-20 22:10:41
Location: C:\Program Files\AnsysEM\v231\Win64\ansysedt.exe
Non Graphical Mode: No Project??
Starting Batch Run: 11:49:36  juil. 18, 2026
Running as user: SEIFPC\hp
Temp directory: C:\Users\hp\AppData\Local\Temp
Project directory: C:\Users\hp\Documents\Ansoft
[warning] Electronics Desktop has found a recovery file for an unsaved project : Project3.aedt.auto
Please choose one of the following actions for this file: 
 Yes: Open the recovery file. 
 No: Discard the recovery file.
 Cancel: Leave the recovery file on disk ( this prompt will reappear during the next application start) .
The project 'my_project' has been edited and/or solved. Do you want to save the changes?
-- Message Window --
      *Global - Messages
        [warning] Electronics Desktop has found a recovery file for an unsaved project : Project3.aedt.auto Please choose one of the following actions for this file:   Yes: Open the recovery file.   No: Discard the recovery file.  Cancel: Leave the recovery file on disk ( this prompt will reappear during the next application start) .
        [info] GRPC server running on port: 11032. 
        [info] The project 'my_project' has been edited and/or solved. Do you want to save the changes?
      my_project (C:/Users/hp/Documents/Ansoft/)
        my_design
          [info] Import Native Bodies: Imported bodies have been scaled to model units. Please analyze the model. (11:49:48  juil. 18, 2026)
          [info] Solution 'CapSetup : CapSweep', CG interpolating sweep is converged. (11:50:57  juil. 18, 2026)
          [info] Normal completion of simulation on server: Local Machine. (11:50:57  juil. 18, 2026)
          [error] Script macro error: CG[Solution Order/Choices] is not a property name. (11:50:57  juil. 18, 2026)
          [error] Script macro error: Max. Passes (Conduction) is not a property name. (11:50:57  juil. 18, 2026)
          [error] Script macro error: Min. Passes (Conduction) is not a property name. (11:50:57  juil. 18, 2026)
          [error] Script macro error: Min. Converged Passes (Conduction) is not a property name. (11:50:57  juil. 18, 2026)
          [error] Script macro error: Percent Error (Conduction) is not a property name. (11:50:58  juil. 18, 2026)
          [error] Script macro error: Percent Refine (Conduction) is not a property name. (11:50:58  juil. 18, 2026)
          [error] Script macro error: Max. Passes (Multipole) is not a property name. (11:50:58  juil. 18, 2026)
          [error] Script macro error: Min. Passes (Multipole) is not a property name. (11:50:58  juil. 18, 2026)
          [error] Script macro error: Min. Converged Passes (Multipole) is not a property name. (11:50:58  juil. 18, 2026)
          [error] Script macro error: Percent Error (Multipole) is not a property name. (11:50:58  juil. 18, 2026)
          [error] Script macro error: Percent Refine (Multipole) is not a property name. (11:50:58  juil. 18, 2026)
          [error] Script macro error: DC[Solution Order/Choices] is not a property name. (11:50:58  juil. 18, 2026)
          [error] Script macro error: CG[Solution Order/Choices] is not a property name. (11:50:59  juil. 18, 2026)
          [error] Script macro error: Max. Passes (Conduction) is not a property name. (11:50:59  juil. 18, 2026)
          [error] Script macro error: Min. Passes (Conduction) is not a property name. (11:50:59  juil. 18, 2026)
          [error] Script macro error: Min. Converged Passes (Conduction) is not a property name. (11:50:59  juil. 18, 2026)
          [error] Script macro error: Percent Error (Conduction) is not a property name. (11:50:59  juil. 18, 2026)
          [error] Script macro error: Percent Refine (Conduction) is not a property name. (11:50:59  juil. 18, 2026)
          [error] Script macro error: Max. Passes (Multipole) is not a property name. (11:50:59  juil. 18, 2026)
          [error] Script macro error: Min. Passes (Multipole) is not a property name. (11:51:00  juil. 18, 2026)
          [error] Script macro error: Min. Converged Passes (Multipole) is not a property name. (11:51:00  juil. 18, 2026)
          [error] Script macro error: Percent Error (Multipole) is not a property name. (11:51:00  juil. 18, 2026)
          [error] Script macro error: Percent Refine (Multipole) is not a property name. (11:51:00  juil. 18, 2026)
          [error] Script macro error: DC[Solution Order/Choices] is not a property name. (11:51:00  juil. 18, 2026)
          [warning] The variable  'Phase' doesn't have an associated sweep and is excluded from the definition of trace. (11:51:00  juil. 18, 2026)
          [warning] my_design: Solutions have been invalidated. Undo to recover. (11:51:02  juil. 18, 2026)
          [error] Script macro error: Name is not a property name. (11:51:03  juil. 18, 2026)
          [error] Script macro error: Type is not a property name. (11:51:03  juil. 18, 2026)
          [error] Script macro error: Auto Increase Solution Order is not a property name. (11:51:04  juil. 18, 2026)
          [error] Script macro error: CG[Solution Order/Choices] is not a property name. (11:51:04  juil. 18, 2026)
          [error] Script macro error: Solver Type is not a property name. (11:51:04  juil. 18, 2026)
          [error] Script macro error: Max. Passes (Conduction) is not a property name. (11:51:04  juil. 18, 2026)
          [error] Script macro error: Min. Passes (Conduction) is not a property name. (11:51:04  juil. 18, 2026)
          [error] Script macro error: Min. Converged Passes (Conduction) is not a property name. (11:51:04  juil. 18, 2026)
          [error] Script macro error: Percent Error (Conduction) is not a property name. (11:51:05  juil. 18, 2026)
          [error] Script macro error: Percent Refine (Conduction) is not a property name. (11:51:05  juil. 18, 2026)
          [error] Script macro error: Max. Passes (Multipole) is not a property name. (11:51:05  juil. 18, 2026)
          [error] Script macro error: Min. Passes (Multipole) is not a property name. (11:51:05  juil. 18, 2026)
          [error] Script macro error: Min. Converged Passes (Multipole) is not a property name. (11:51:05  juil. 18, 2026)
          [error] Script macro error: Percent Error (Multipole) is not a property name. (11:51:05  juil. 18, 2026)
          [error] Script macro error: Percent Refine (Multipole) is not a property name. (11:51:05  juil. 18, 2026)
          [error] Script macro error: DC[Solution Order/Choices] is not a property name. (11:51:06  juil. 18, 2026)
          [error] Script macro error: Auto Increase Solution Order is not a property name. (11:51:06  juil. 18, 2026)
          [error] Script macro error: CG[Solution Order/Choices] is not a property name. (11:51:06  juil. 18, 2026)
          [error] Script macro error: Solver Type is not a property name. (11:51:06  juil. 18, 2026)
          [error] Script macro error: Max. Passes (Conduction) is not a property name. (11:51:06  juil. 18, 2026)
          [error] Script macro error: Min. Passes (Conduction) is not a property name. (11:51:06  juil. 18, 2026)
          [error] Script macro error: Min. Converged Passes (Conduction) is not a property name. (11:51:06  juil. 18, 2026)
          [error] Script macro error: Percent Error (Conduction) is not a property name. (11:51:06  juil. 18, 2026)
          [error] Script macro error: Percent Refine (Conduction) is not a property name. (11:51:07  juil. 18, 2026)
          [error] Script macro error: Max. Passes (Multipole) is not a property name. (11:51:07  juil. 18, 2026)
          [error] Script macro error: Min. Passes (Multipole) is not a property name. (11:51:07  juil. 18, 2026)
          [error] Script macro error: Min. Converged Passes (Multipole) is not a property name. (11:51:07  juil. 18, 2026)
          [error] Script macro error: Percent Error (Multipole) is not a property name. (11:51:07  juil. 18, 2026)
          [error] Script macro error: Percent Refine (Multipole) is not a property name. (11:51:07  juil. 18, 2026)
          [error] Script macro error: DC[Solution Order/Choices] is not a property name. (11:51:07  juil. 18, 2026)
          [warning] The variable  'Phase' doesn't have an associated sweep and is excluded from the definition of trace. (11:51:08  juil. 18, 2026)
          [error] Script macro error: No trace data for quantities: ACL(ringp1:ringp1_src,ringp1:ringp1_src), ACL(ringp1:ringp1_src,ringp2:ringp2_src), ACL(ringp1:ringp1_src,ringp3:ringp3_src), ACL(ringp1:ringp1_src,ringp4:ringp4_src), ACL(ringp1:ringp1_src,ringp5:ringp5_src), ACL(ringp1:ringp1_src,ringp6:ringp6_src), ACL(ringp2:ringp2_src,ringp1:ringp1_src), ACL(ringp2:ringp2_src,ringp2:ringp2_src), ACL(ringp2:ringp2_src,ringp3:ringp3_src), ACL(ringp2:ringp2_src,ringp4:ringp4_src) (11:51:08  juil. 18, 2026)
-- Message Window --
Stopping Batch Run: 11:52:08  juil. 18, 2026
 
Ansys Electronics Desktop Version 2023.1.0, Build: 2022-11-20 22:10:41
Location: C:\Program Files\AnsysEM\v231\Win64\ansysedt.exe
Non Graphical Mode: No Project??
Starting Batch Run: 11:52:14  juil. 18, 2026
Running as user: SEIFPC\hp
Temp directory: C:\Users\hp\AppData\Local\Temp
Project directory: C:\Users\hp\Documents\Ansoft
[warning] Electronics Desktop has found a recovery file for an unsaved project : Project3.aedt.auto
Please choose one of the following actions for this file: 
 Yes: Open the recovery file. 
 No: Discard the recovery file.
 Cancel: Leave the recovery file on disk ( this prompt will reappear during the next application start) .
The project 'my_project' has been edited and/or solved. Do you want to save the changes?
-- Message Window --
      *Global - Messages
        [warning] Electronics Desktop has found a recovery file for an unsaved project : Project3.aedt.auto Please choose one of the following actions for this file:   Yes: Open the recovery file.   No: Discard the recovery file.  Cancel: Leave the recovery file on disk ( this prompt will reappear during the next application start) .
        [info] GRPC server running on port: 6607. 
        [info] The project 'my_project' has been edited and/or solved. Do you want to save the changes?
      my_project (C:/Users/hp/Documents/Ansoft/)
        my_design
          [info] Import Native Bodies: Imported bodies have been scaled to model units. Please analyze the model. (11:52:27  juil. 18, 2026)
          [info] Solution 'CapSetup : CapSweep', CG interpolating sweep is converged. (11:52:56  juil. 18, 2026)
          [info] Normal completion of simulation on server: Local Machine. (11:52:57  juil. 18, 2026)
          [error] Script macro error: CG[Solution Order/Choices] is not a property name. (11:52:57  juil. 18, 2026)
          [error] Script macro error: Max. Passes (Conduction) is not a property name. (11:52:57  juil. 18, 2026)
          [error] Script macro error: Min. Passes (Conduction) is not a property name. (11:52:57  juil. 18, 2026)
          [error] Script macro error: Min. Converged Passes (Conduction) is not a property name. (11:52:57  juil. 18, 2026)
          [error] Script macro error: Percent Error (Conduction) is not a property name. (11:52:57  juil. 18, 2026)
          [error] Script macro error: Percent Refine (Conduction) is not a property name. (11:52:57  juil. 18, 2026)
          [error] Script macro error: Max. Passes (Multipole) is not a property name. (11:52:57  juil. 18, 2026)
          [error] Script macro error: Min. Passes (Multipole) is not a property name. (11:52:58  juil. 18, 2026)
          [error] Script macro error: Min. Converged Passes (Multipole) is not a property name. (11:52:58  juil. 18, 2026)
          [error] Script macro error: Percent Error (Multipole) is not a property name. (11:52:58  juil. 18, 2026)
          [error] Script macro error: Percent Refine (Multipole) is not a property name. (11:52:58  juil. 18, 2026)
          [error] Script macro error: DC[Solution Order/Choices] is not a property name. (11:52:58  juil. 18, 2026)
          [error] Script macro error: CG[Solution Order/Choices] is not a property name. (11:52:58  juil. 18, 2026)
          [error] Script macro error: Max. Passes (Conduction) is not a property name. (11:52:58  juil. 18, 2026)
          [error] Script macro error: Min. Passes (Conduction) is not a property name. (11:52:59  juil. 18, 2026)
          [error] Script macro error: Min. Converged Passes (Conduction) is not a property name. (11:52:59  juil. 18, 2026)
          [error] Script macro error: Percent Error (Conduction) is not a property name. (11:52:59  juil. 18, 2026)
          [error] Script macro error: Percent Refine (Conduction) is not a property name. (11:52:59  juil. 18, 2026)
          [error] Script macro error: Max. Passes (Multipole) is not a property name. (11:52:59  juil. 18, 2026)
          [error] Script macro error: Min. Passes (Multipole) is not a property name. (11:52:59  juil. 18, 2026)
          [error] Script macro error: Min. Converged Passes (Multipole) is not a property name. (11:52:59  juil. 18, 2026)
          [error] Script macro error: Percent Error (Multipole) is not a property name. (11:52:59  juil. 18, 2026)
          [error] Script macro error: Percent Refine (Multipole) is not a property name. (11:53:00  juil. 18, 2026)
          [error] Script macro error: DC[Solution Order/Choices] is not a property name. (11:53:00  juil. 18, 2026)
          [warning] The variable  'Phase' doesn't have an associated sweep and is excluded from the definition of trace. (11:53:00  juil. 18, 2026)
          [warning] my_design: Solutions have been invalidated. Undo to recover. (11:53:04  juil. 18, 2026)
          [error] Script macro error: Name is not a property name. (11:53:04  juil. 18, 2026)
          [error] Script macro error: Type is not a property name. (11:53:04  juil. 18, 2026)
          [error] Script macro error: Auto Increase Solution Order is not a property name. (11:53:05  juil. 18, 2026)
          [error] Script macro error: CG[Solution Order/Choices] is not a property name. (11:53:06  juil. 18, 2026)
          [error] Script macro error: Solver Type is not a property name. (11:53:06  juil. 18, 2026)
          [error] Script macro error: Max. Passes (Conduction) is not a property name. (11:53:06  juil. 18, 2026)
          [error] Script macro error: Min. Passes (Conduction) is not a property name. (11:53:06  juil. 18, 2026)
          [error] Script macro error: Min. Converged Passes (Conduction) is not a property name. (11:53:06  juil. 18, 2026)
          [error] Script macro error: Percent Error (Conduction) is not a property name. (11:53:06  juil. 18, 2026)
          [error] Script macro error: Percent Refine (Conduction) is not a property name. (11:53:06  juil. 18, 2026)
          [error] Script macro error: Max. Passes (Multipole) is not a property name. (11:53:06  juil. 18, 2026)
          [error] Script macro error: Min. Passes (Multipole) is not a property name. (11:53:07  juil. 18, 2026)
          [error] Script macro error: Min. Converged Passes (Multipole) is not a property name. (11:53:07  juil. 18, 2026)
          [error] Script macro error: Percent Error (Multipole) is not a property name. (11:53:07  juil. 18, 2026)
          [error] Script macro error: Percent Refine (Multipole) is not a property name. (11:53:07  juil. 18, 2026)
          [error] Script macro error: DC[Solution Order/Choices] is not a property name. (11:53:07  juil. 18, 2026)
          [error] Script macro error: Auto Increase Solution Order is not a property name. (11:53:07  juil. 18, 2026)
          [error] Script macro error: CG[Solution Order/Choices] is not a property name. (11:53:07  juil. 18, 2026)
          [error] Script macro error: Solver Type is not a property name. (11:53:08  juil. 18, 2026)
          [error] Script macro error: Max. Passes (Conduction) is not a property name. (11:53:08  juil. 18, 2026)
          [error] Script macro error: Min. Passes (Conduction) is not a property name. (11:53:08  juil. 18, 2026)
          [error] Script macro error: Min. Converged Passes (Conduction) is not a property name. (11:53:08  juil. 18, 2026)
          [error] Script macro error: Percent Error (Conduction) is not a property name. (11:53:08  juil. 18, 2026)
          [error] Script macro error: Percent Refine (Conduction) is not a property name. (11:53:08  juil. 18, 2026)
          [error] Script macro error: Max. Passes (Multipole) is not a property name. (11:53:08  juil. 18, 2026)
          [error] Script macro error: Min. Passes (Multipole) is not a property name. (11:53:08  juil. 18, 2026)
          [error] Script macro error: Min. Converged Passes (Multipole) is not a property name. (11:53:09  juil. 18, 2026)
          [error] Script macro error: Percent Error (Multipole) is not a property name. (11:53:09  juil. 18, 2026)
          [error] Script macro error: Percent Refine (Multipole) is not a property name. (11:53:09  juil. 18, 2026)
          [error] Script macro error: DC[Solution Order/Choices] is not a property name. (11:53:09  juil. 18, 2026)
          [warning] The variable  'Phase' doesn't have an associated sweep and is excluded from the definition of trace. (11:53:09  juil. 18, 2026)
          [error] Script macro error: No trace data for quantities: ACL(ringp1:ringp1_src,ringp1:ringp1_src), ACL(ringp1:ringp1_src,ringp2:ringp2_src), ACL(ringp1:ringp1_src,ringp3:ringp3_src), ACL(ringp1:ringp1_src,ringp4:ringp4_src), ACL(ringp1:ringp1_src,ringp5:ringp5_src), ACL(ringp1:ringp1_src,ringp6:ringp6_src), ACL(ringp2:ringp2_src,ringp1:ringp1_src), ACL(ringp2:ringp2_src,ringp2:ringp2_src), ACL(ringp2:ringp2_src,ringp3:ringp3_src), ACL(ringp2:ringp2_src,ringp4:ringp4_src) (11:53:09  juil. 18, 2026)
          [info] Import Native Bodies: Imported bodies have been scaled to model units. Please analyze the model. (11:54:13  juil. 18, 2026)
          [info] 'ringp1' is a duplicate name. Part named 'ringp1' has been renamed to 'ringp1_1'. (11:54:13  juil. 18, 2026)
          [info] 'ringp2' is a duplicate name. Part named 'ringp2' has been renamed to 'ringp2_1'. (11:54:13  juil. 18, 2026)
          [info] 'ringp3' is a duplicate name. Part named 'ringp3' has been renamed to 'ringp3_1'. (11:54:13  juil. 18, 2026)
          [info] 'ringp4' is a duplicate name. Part named 'ringp4' has been renamed to 'ringp4_1'. (11:54:13  juil. 18, 2026)
          [info] 'ringp5' is a duplicate name. Part named 'ringp5' has been renamed to 'ringp5_1'. (11:54:13  juil. 18, 2026)
          [info] 'ringp6' is a duplicate name. Part named 'ringp6' has been renamed to 'ringp6_1'. (11:54:13  juil. 18, 2026)
          [info] 'Core' is a duplicate name. Part named 'Core' has been renamed to 'Core_1'. (11:54:13  juil. 18, 2026)
          [info] 'pinsulator_0' is a duplicate name. Part named 'pinsulator_0' has been renamed to 'pinsulator_0_1'. (11:54:13  juil. 18, 2026)
          [info] 'pinsulator_1' is a duplicate name. Part named 'pinsulator_1' has been renamed to 'pinsulator_1_1'. (11:54:13  juil. 18, 2026)
          [info] 'primary_secondary_insulation' is a duplicate name. Part named 'primary_secondary_insulation' has been renamed to 'primary_secondary_insulation_1'. (11:54:13  juil. 18, 2026)
          [error] Script macro error: Duplicate net name: 'ringp1' (11:54:15  juil. 18, 2026)
-- Message Window --
Stopping Batch Run: 11:54:25  juil. 18, 2026
 
Ansys Electronics Desktop Version 2023.1.0, Build: 2022-11-20 22:10:41
Location: C:\Program Files\AnsysEM\v231\Win64\ansysedt.exe
Non Graphical Mode: No Project??
Starting Batch Run: 11:54:59  juil. 18, 2026
Running as user: SEIFPC\hp
Temp directory: C:\Users\hp\AppData\Local\Temp
Project directory: C:\Users\hp\Documents\Ansoft
[warning] Electronics Desktop has found a recovery file for an unsaved project : Project3.aedt.auto
Please choose one of the following actions for this file: 
 Yes: Open the recovery file. 
 No: Discard the recovery file.
 Cancel: Leave the recovery file on disk ( this prompt will reappear during the next application start) .
-- Message Window --
      *Global - Messages
        [warning] Electronics Desktop has found a recovery file for an unsaved project : Project3.aedt.auto Please choose one of the following actions for this file:   Yes: Open the recovery file.   No: Discard the recovery file.  Cancel: Leave the recovery file on disk ( this prompt will reappear during the next application start) .
        [info] GRPC server running on port: 9404. 
-- Message Window --
Stopping Batch Run: 11:55:12  juil. 18, 2026
 
Ansys Electronics Desktop Version 2023.1.0, Build: 2022-11-20 22:10:41
Location: C:\Program Files\AnsysEM\v231\Win64\ansysedt.exe
Non Graphical Mode: No Project??
Starting Batch Run: 11:57:33  juil. 18, 2026
Running as user: SEIFPC\hp
Temp directory: C:\Users\hp\AppData\Local\Temp
Project directory: C:\Users\hp\Documents\Ansoft
[warning] Electronics Desktop has found a recovery file for an unsaved project : Project3.aedt.auto
Please choose one of the following actions for this file: 
 Yes: Open the recovery file. 
 No: Discard the recovery file.
 Cancel: Leave the recovery file on disk ( this prompt will reappear during the next application start) .
The project 'my_project' has been edited and/or solved. Do you want to save the changes?
-- Message Window --
      *Global - Messages
        [warning] Electronics Desktop has found a recovery file for an unsaved project : Project3.aedt.auto Please choose one of the following actions for this file:   Yes: Open the recovery file.   No: Discard the recovery file.  Cancel: Leave the recovery file on disk ( this prompt will reappear during the next application start) .
        [info] GRPC server running on port: 3212. 
        [info] The project 'my_project' has been edited and/or solved. Do you want to save the changes?
      my_project (C:/Users/hp/Documents/Ansoft/)
        my_design
          [info] Import Native Bodies: Imported bodies have been scaled to model units. Please analyze the model. (11:57:46  juil. 18, 2026)
          [info] Solution 'CapSetup : CapSweep', CG interpolating sweep is converged. (11:58:19  juil. 18, 2026)
          [info] Normal completion of simulation on server: Local Machine. (11:58:20  juil. 18, 2026)
          [error] Script macro error: CG[Solution Order/Choices] is not a property name. (11:58:20  juil. 18, 2026)
          [error] Script macro error: Max. Passes (Conduction) is not a property name. (11:58:20  juil. 18, 2026)
          [error] Script macro error: Min. Passes (Conduction) is not a property name. (11:58:20  juil. 18, 2026)
          [error] Script macro error: Min. Converged Passes (Conduction) is not a property name. (11:58:20  juil. 18, 2026)
          [error] Script macro error: Percent Error (Conduction) is not a property name. (11:58:20  juil. 18, 2026)
          [error] Script macro error: Percent Refine (Conduction) is not a property name. (11:58:20  juil. 18, 2026)
          [error] Script macro error: Max. Passes (Multipole) is not a property name. (11:58:20  juil. 18, 2026)
          [error] Script macro error: Min. Passes (Multipole) is not a property name. (11:58:21  juil. 18, 2026)
          [error] Script macro error: Min. Converged Passes (Multipole) is not a property name. (11:58:21  juil. 18, 2026)
          [error] Script macro error: Percent Error (Multipole) is not a property name. (11:58:21  juil. 18, 2026)
          [error] Script macro error: Percent Refine (Multipole) is not a property name. (11:58:21  juil. 18, 2026)
          [error] Script macro error: DC[Solution Order/Choices] is not a property name. (11:58:21  juil. 18, 2026)
          [error] Script macro error: CG[Solution Order/Choices] is not a property name. (11:58:21  juil. 18, 2026)
          [error] Script macro error: Max. Passes (Conduction) is not a property name. (11:58:21  juil. 18, 2026)
          [error] Script macro error: Min. Passes (Conduction) is not a property name. (11:58:22  juil. 18, 2026)
          [error] Script macro error: Min. Converged Passes (Conduction) is not a property name. (11:58:22  juil. 18, 2026)
          [error] Script macro error: Percent Error (Conduction) is not a property name. (11:58:22  juil. 18, 2026)
          [error] Script macro error: Percent Refine (Conduction) is not a property name. (11:58:22  juil. 18, 2026)
          [error] Script macro error: Max. Passes (Multipole) is not a property name. (11:58:22  juil. 18, 2026)
          [error] Script macro error: Min. Passes (Multipole) is not a property name. (11:58:22  juil. 18, 2026)
          [error] Script macro error: Min. Converged Passes (Multipole) is not a property name. (11:58:22  juil. 18, 2026)
          [error] Script macro error: Percent Error (Multipole) is not a property name. (11:58:22  juil. 18, 2026)
          [error] Script macro error: Percent Refine (Multipole) is not a property name. (11:58:23  juil. 18, 2026)
          [error] Script macro error: DC[Solution Order/Choices] is not a property name. (11:58:23  juil. 18, 2026)
          [warning] The variable  'Phase' doesn't have an associated sweep and is excluded from the definition of trace. (11:58:23  juil. 18, 2026)
          [warning] my_design: Solutions have been invalidated. Undo to recover. (11:58:25  juil. 18, 2026)
          [error] Script macro error: Name is not a property name. (11:58:25  juil. 18, 2026)
          [error] Script macro error: Type is not a property name. (11:58:26  juil. 18, 2026)
          [warning] Setup 'InducSetup': Please include a DC RL solution in order to obtain an accurate AC RL sweep result. (11:58:54  juil. 18, 2026)
          [warning] Adaptive Passes for AC R/L did not converge based on specified criteria. (12:00:48  juil. 19, 2026)
          [info] Normal completion of simulation on server: Local Machine. (12:00:49  juil. 19, 2026)
          [error] Script macro error: Auto Increase Solution Order is not a property name. (12:00:49  juil. 19, 2026)
          [error] Script macro error: CG[Solution Order/Choices] is not a property name. (12:00:49  juil. 19, 2026)
          [error] Script macro error: Solver Type is not a property name. (12:00:49  juil. 19, 2026)
          [error] Script macro error: Max. Passes (Conduction) is not a property name. (12:00:49  juil. 19, 2026)
          [error] Script macro error: Min. Passes (Conduction) is not a property name. (12:00:49  juil. 19, 2026)
          [error] Script macro error: Min. Converged Passes (Conduction) is not a property name. (12:00:49  juil. 19, 2026)
          [error] Script macro error: Percent Error (Conduction) is not a property name. (12:00:50  juil. 19, 2026)
          [error] Script macro error: Percent Refine (Conduction) is not a property name. (12:00:50  juil. 19, 2026)
          [error] Script macro error: Max. Passes (Multipole) is not a property name. (12:00:50  juil. 19, 2026)
          [error] Script macro error: Min. Passes (Multipole) is not a property name. (12:00:50  juil. 19, 2026)
          [error] Script macro error: Min. Converged Passes (Multipole) is not a property name. (12:00:50  juil. 19, 2026)
          [error] Script macro error: Percent Error (Multipole) is not a property name. (12:00:50  juil. 19, 2026)
          [error] Script macro error: Percent Refine (Multipole) is not a property name. (12:00:50  juil. 19, 2026)
          [error] Script macro error: DC[Solution Order/Choices] is not a property name. (12:00:50  juil. 19, 2026)
          [error] Script macro error: Auto Increase Solution Order is not a property name. (12:00:51  juil. 19, 2026)
          [error] Script macro error: CG[Solution Order/Choices] is not a property name. (12:00:51  juil. 19, 2026)
          [error] Script macro error: Solver Type is not a property name. (12:00:51  juil. 19, 2026)
          [error] Script macro error: Max. Passes (Conduction) is not a property name. (12:00:51  juil. 19, 2026)
          [error] Script macro error: Min. Passes (Conduction) is not a property name. (12:00:51  juil. 19, 2026)
          [error] Script macro error: Min. Converged Passes (Conduction) is not a property name. (12:00:51  juil. 19, 2026)
          [error] Script macro error: Percent Error (Conduction) is not a property name. (12:00:51  juil. 19, 2026)
          [error] Script macro error: Percent Refine (Conduction) is not a property name. (12:00:51  juil. 19, 2026)
          [error] Script macro error: Max. Passes (Multipole) is not a property name. (12:00:52  juil. 19, 2026)
          [error] Script macro error: Min. Passes (Multipole) is not a property name. (12:00:52  juil. 19, 2026)
          [error] Script macro error: Min. Converged Passes (Multipole) is not a property name. (12:00:52  juil. 19, 2026)
          [error] Script macro error: Percent Error (Multipole) is not a property name. (12:00:52  juil. 19, 2026)
          [error] Script macro error: Percent Refine (Multipole) is not a property name. (12:00:52  juil. 19, 2026)
          [error] Script macro error: DC[Solution Order/Choices] is not a property name. (12:00:52  juil. 19, 2026)
          [warning] The variable  'Phase' doesn't have an associated sweep and is excluded from the definition of trace. (12:00:52  juil. 19, 2026)
-- Message Window --
Stopping Batch Run: 12:07:52  juil. 19, 2026
 
Ansys Electronics Desktop Version 2023.1.0, Build: 2022-11-20 22:10:41
Location: C:\Program Files\AnsysEM\v231\Win64\ansysedt.exe
Non Graphical Mode: No Project??
Starting Batch Run: 12:08:08  juil. 19, 2026
Running as user: SEIFPC\hp
Temp directory: C:\Users\hp\AppData\Local\Temp
Project directory: C:\Users\hp\Documents\Ansoft
[warning] Electronics Desktop has found a recovery file for an unsaved project : Project3.aedt.auto
Please choose one of the following actions for this file: 
 Yes: Open the recovery file. 
 No: Discard the recovery file.
 Cancel: Leave the recovery file on disk ( this prompt will reappear during the next application start) .
The project 'my_project' has been edited and/or solved. Do you want to save the changes?
-- Message Window --
      *Global - Messages
        [warning] Electronics Desktop has found a recovery file for an unsaved project : Project3.aedt.auto Please choose one of the following actions for this file:   Yes: Open the recovery file.   No: Discard the recovery file.  Cancel: Leave the recovery file on disk ( this prompt will reappear during the next application start) .
        [info] GRPC server running on port: 6384. 
        [info] The project 'my_project' has been edited and/or solved. Do you want to save the changes?
      my_project (C:/Users/hp/Documents/Ansoft/)
        my_design
          [info] Import Native Bodies: Imported bodies have been scaled to model units. Please analyze the model. (12:08:22  juil. 19, 2026)
          [info] Solution 'CapSetup : CapSweep', CG interpolating sweep is converged. (12:08:51  juil. 19, 2026)
          [info] Normal completion of simulation on server: Local Machine. (12:08:52  juil. 19, 2026)
          [error] Script macro error: CG[Solution Order/Choices] is not a property name. (12:08:52  juil. 19, 2026)
          [error] Script macro error: Max. Passes (Conduction) is not a property name. (12:08:52  juil. 19, 2026)
          [error] Script macro error: Min. Passes (Conduction) is not a property name. (12:08:53  juil. 19, 2026)
          [error] Script macro error: Min. Converged Passes (Conduction) is not a property name. (12:08:53  juil. 19, 2026)
          [error] Script macro error: Percent Error (Conduction) is not a property name. (12:08:53  juil. 19, 2026)
          [error] Script macro error: Percent Refine (Conduction) is not a property name. (12:08:53  juil. 19, 2026)
          [error] Script macro error: Max. Passes (Multipole) is not a property name. (12:08:53  juil. 19, 2026)
          [error] Script macro error: Min. Passes (Multipole) is not a property name. (12:08:53  juil. 19, 2026)
          [error] Script macro error: Min. Converged Passes (Multipole) is not a property name. (12:08:53  juil. 19, 2026)
          [error] Script macro error: Percent Error (Multipole) is not a property name. (12:08:53  juil. 19, 2026)
          [error] Script macro error: Percent Refine (Multipole) is not a property name. (12:08:54  juil. 19, 2026)
          [error] Script macro error: DC[Solution Order/Choices] is not a property name. (12:08:54  juil. 19, 2026)
          [error] Script macro error: CG[Solution Order/Choices] is not a property name. (12:08:54  juil. 19, 2026)
          [error] Script macro error: Max. Passes (Conduction) is not a property name. (12:08:54  juil. 19, 2026)
          [error] Script macro error: Min. Passes (Conduction) is not a property name. (12:08:54  juil. 19, 2026)
          [error] Script macro error: Min. Converged Passes (Conduction) is not a property name. (12:08:54  juil. 19, 2026)
          [error] Script macro error: Percent Error (Conduction) is not a property name. (12:08:54  juil. 19, 2026)
          [error] Script macro error: Percent Refine (Conduction) is not a property name. (12:08:54  juil. 19, 2026)
          [error] Script macro error: Max. Passes (Multipole) is not a property name. (12:08:55  juil. 19, 2026)
          [error] Script macro error: Min. Passes (Multipole) is not a property name. (12:08:55  juil. 19, 2026)
          [error] Script macro error: Min. Converged Passes (Multipole) is not a property name. (12:08:55  juil. 19, 2026)
          [error] Script macro error: Percent Error (Multipole) is not a property name. (12:08:55  juil. 19, 2026)
          [error] Script macro error: Percent Refine (Multipole) is not a property name. (12:08:55  juil. 19, 2026)
          [error] Script macro error: DC[Solution Order/Choices] is not a property name. (12:08:55  juil. 19, 2026)
          [warning] The variable  'Phase' doesn't have an associated sweep and is excluded from the definition of trace. (12:08:55  juil. 19, 2026)
          [warning] my_design: Solutions have been invalidated. Undo to recover. (12:11:00  juil. 19, 2026)
          [error] Script macro error: Name is not a property name. (12:11:00  juil. 19, 2026)
          [error] Script macro error: Type is not a property name. (12:11:00  juil. 19, 2026)
          [warning] Setup 'InducSetup': For magnetic materials it is recommended to solve for at least 5 inductance passes. (12:11:18  juil. 19, 2026)
          [warning] Adaptive Passes for AC R/L did not converge based on specified criteria. (12:13:27  juil. 19, 2026)
          [info] Normal completion of simulation on server: Local Machine. (12:13:27  juil. 19, 2026)
-- Message Window --
Stopping Batch Run: 12:13:42  juil. 19, 2026
 
Ansys Electronics Desktop Version 2023.1.0, Build: 2022-11-20 22:10:41
Location: C:\Program Files\AnsysEM\v231\Win64\ansysedt.exe
Non Graphical Mode: No Project??
Starting Batch Run: 12:13:53  juil. 19, 2026
Running as user: SEIFPC\hp
Temp directory: C:\Users\hp\AppData\Local\Temp
Project directory: C:\Users\hp\Documents\Ansoft
[warning] Electronics Desktop has found a recovery file for an unsaved project : Project3.aedt.auto
Please choose one of the following actions for this file: 
 Yes: Open the recovery file. 
 No: Discard the recovery file.
 Cancel: Leave the recovery file on disk ( this prompt will reappear during the next application start) .
The project 'my_project' has been edited and/or solved. Do you want to save the changes?
-- Message Window --
      *Global - Messages
        [warning] Electronics Desktop has found a recovery file for an unsaved project : Project3.aedt.auto Please choose one of the following actions for this file:   Yes: Open the recovery file.   No: Discard the recovery file.  Cancel: Leave the recovery file on disk ( this prompt will reappear during the next application start) .
        [info] GRPC server running on port: 2775. 
        [info] The project 'my_project' has been edited and/or solved. Do you want to save the changes?
      my_project (C:/Users/hp/Documents/Ansoft/)
        my_design
          [info] Import Native Bodies: Imported bodies have been scaled to model units. Please analyze the model. (12:14:09  juil. 19, 2026)
          [info] Solution 'CapSetup : CapSweep', CG interpolating sweep is converged. (12:14:43  juil. 19, 2026)
          [info] Normal completion of simulation on server: Local Machine. (12:14:43  juil. 19, 2026)
          [error] Script macro error: CG[Solution Order/Choices] is not a property name. (12:14:43  juil. 19, 2026)
          [error] Script macro error: Max. Passes (Conduction) is not a property name. (12:14:43  juil. 19, 2026)
          [error] Script macro error: Min. Passes (Conduction) is not a property name. (12:14:44  juil. 19, 2026)
          [error] Script macro error: Min. Converged Passes (Conduction) is not a property name. (12:14:44  juil. 19, 2026)
          [error] Script macro error: Percent Error (Conduction) is not a property name. (12:14:44  juil. 19, 2026)
          [error] Script macro error: Percent Refine (Conduction) is not a property name. (12:14:44  juil. 19, 2026)
          [error] Script macro error: Max. Passes (Multipole) is not a property name. (12:14:44  juil. 19, 2026)
          [error] Script macro error: Min. Passes (Multipole) is not a property name. (12:14:44  juil. 19, 2026)
          [error] Script macro error: Min. Converged Passes (Multipole) is not a property name. (12:14:44  juil. 19, 2026)
          [error] Script macro error: Percent Error (Multipole) is not a property name. (12:14:44  juil. 19, 2026)
          [error] Script macro error: Percent Refine (Multipole) is not a property name. (12:14:45  juil. 19, 2026)
          [error] Script macro error: DC[Solution Order/Choices] is not a property name. (12:14:45  juil. 19, 2026)
          [error] Script macro error: CG[Solution Order/Choices] is not a property name. (12:14:45  juil. 19, 2026)
          [error] Script macro error: Max. Passes (Conduction) is not a property name. (12:14:45  juil. 19, 2026)
          [error] Script macro error: Min. Passes (Conduction) is not a property name. (12:14:45  juil. 19, 2026)
          [error] Script macro error: Min. Converged Passes (Conduction) is not a property name. (12:14:45  juil. 19, 2026)
          [error] Script macro error: Percent Error (Conduction) is not a property name. (12:14:45  juil. 19, 2026)
          [error] Script macro error: Percent Refine (Conduction) is not a property name. (12:14:45  juil. 19, 2026)
          [error] Script macro error: Max. Passes (Multipole) is not a property name. (12:14:46  juil. 19, 2026)
          [error] Script macro error: Min. Passes (Multipole) is not a property name. (12:14:46  juil. 19, 2026)
          [error] Script macro error: Min. Converged Passes (Multipole) is not a property name. (12:14:46  juil. 19, 2026)
          [error] Script macro error: Percent Error (Multipole) is not a property name. (12:14:46  juil. 19, 2026)
          [error] Script macro error: Percent Refine (Multipole) is not a property name. (12:14:46  juil. 19, 2026)
          [error] Script macro error: DC[Solution Order/Choices] is not a property name. (12:14:46  juil. 19, 2026)
          [warning] The variable  'Phase' doesn't have an associated sweep and is excluded from the definition of trace. (12:14:46  juil. 19, 2026)
          [warning] my_design: Solutions have been invalidated. Undo to recover. (12:14:51  juil. 19, 2026)
          [error] Script macro error: Name is not a property name. (12:14:51  juil. 19, 2026)
          [error] Script macro error: Type is not a property name. (12:14:51  juil. 19, 2026)
          [warning] Setup 'InducSetup': For magnetic materials it is recommended to solve for at least 5 inductance passes. (12:15:00  juil. 19, 2026)
          [warning] Adaptive Passes for AC R/L did not converge based on specified criteria. (12:17:24  juil. 19, 2026)
          [info] Normal completion of simulation on server: Local Machine. (12:17:25  juil. 19, 2026)
          [info] Import Native Bodies: Imported bodies have been scaled to model units. Please analyze the model. (12:20:58  juil. 19, 2026)
          [info] 'ringp1' is a duplicate name. Part named 'ringp1' has been renamed to 'ringp1_1'. (12:20:58  juil. 19, 2026)
          [info] 'ringp2' is a duplicate name. Part named 'ringp2' has been renamed to 'ringp2_1'. (12:20:58  juil. 19, 2026)
          [info] 'ringp3' is a duplicate name. Part named 'ringp3' has been renamed to 'ringp3_1'. (12:20:58  juil. 19, 2026)
          [info] 'ringp4' is a duplicate name. Part named 'ringp4' has been renamed to 'ringp4_1'. (12:20:58  juil. 19, 2026)
          [info] 'ringp5' is a duplicate name. Part named 'ringp5' has been renamed to 'ringp5_1'. (12:20:58  juil. 19, 2026)
          [info] 'ringp6' is a duplicate name. Part named 'ringp6' has been renamed to 'ringp6_1'. (12:20:58  juil. 19, 2026)
          [info] 'Core' is a duplicate name. Part named 'Core' has been renamed to 'Core_1'. (12:20:58  juil. 19, 2026)
          [info] 'pinsulator_0' is a duplicate name. Part named 'pinsulator_0' has been renamed to 'pinsulator_0_1'. (12:20:58  juil. 19, 2026)
          [info] 'pinsulator_1' is a duplicate name. Part named 'pinsulator_1' has been renamed to 'pinsulator_1_1'. (12:20:59  juil. 19, 2026)
          [info] 'primary_secondary_insulation' is a duplicate name. Part named 'primary_secondary_insulation' has been renamed to 'primary_secondary_insulation_1'. (12:20:59  juil. 19, 2026)
          [warning] my_design: Solutions have been invalidated. Undo to recover. (12:20:59  juil. 19, 2026)
          [error] Script macro error: Duplicate net name: 'ringp1' (12:21:01  juil. 19, 2026)
-- Message Window --
Stopping Batch Run: 12:21:06  juil. 19, 2026
 
Ansys Electronics Desktop Version 2023.1.0, Build: 2022-11-20 22:10:41
Location: C:\Program Files\AnsysEM\v231\Win64\ansysedt.exe
Non Graphical Mode: No Project??
Starting Batch Run: 12:21:11  juil. 19, 2026
Running as user: SEIFPC\hp
Temp directory: C:\Users\hp\AppData\Local\Temp
Project directory: C:\Users\hp\Documents\Ansoft
[warning] Electronics Desktop has found a recovery file for an unsaved project : Project3.aedt.auto
Please choose one of the following actions for this file: 
 Yes: Open the recovery file. 
 No: Discard the recovery file.
 Cancel: Leave the recovery file on disk ( this prompt will reappear during the next application start) .
The project 'my_project' has been edited and/or solved. Do you want to save the changes?
-- Message Window --
      *Global - Messages
        [warning] Electronics Desktop has found a recovery file for an unsaved project : Project3.aedt.auto Please choose one of the following actions for this file:   Yes: Open the recovery file.   No: Discard the recovery file.  Cancel: Leave the recovery file on disk ( this prompt will reappear during the next application start) .
        [info] GRPC server running on port: 4394. 
        [info] The project 'my_project' has been edited and/or solved. Do you want to save the changes?
      my_project (C:/Users/hp/Documents/Ansoft/)
        my_design
          [info] Import Native Bodies: Imported bodies have been scaled to model units. Please analyze the model. (12:21:22  juil. 19, 2026)
          [info] Solution 'CapSetup : CapSweep', CG interpolating sweep is converged. (12:21:59  juil. 19, 2026)
          [info] Normal completion of simulation on server: Local Machine. (12:21:59  juil. 19, 2026)
-- Message Window --
Stopping Batch Run: 12:22:22  juil. 19, 2026
 
Ansys Electronics Desktop Version 2023.1.0, Build: 2022-11-20 22:10:41
Location: C:\Program Files\AnsysEM\v231\Win64\ansysedt.exe
Non Graphical Mode: No Project??
Starting Batch Run: 12:22:30  juil. 19, 2026
Running as user: SEIFPC\hp
Temp directory: C:\Users\hp\AppData\Local\Temp
Project directory: C:\Users\hp\Documents\Ansoft
[warning] Electronics Desktop has found a recovery file for an unsaved project : Project3.aedt.auto
Please choose one of the following actions for this file: 
 Yes: Open the recovery file. 
 No: Discard the recovery file.
 Cancel: Leave the recovery file on disk ( this prompt will reappear during the next application start) .
The project 'my_project' has been edited and/or solved. Do you want to save the changes?
-- Message Window --
      *Global - Messages
        [warning] Electronics Desktop has found a recovery file for an unsaved project : Project3.aedt.auto Please choose one of the following actions for this file:   Yes: Open the recovery file.   No: Discard the recovery file.  Cancel: Leave the recovery file on disk ( this prompt will reappear during the next application start) .
        [info] GRPC server running on port: 10283. 
        [info] The project 'my_project' has been edited and/or solved. Do you want to save the changes?
      my_project (C:/Users/hp/Documents/Ansoft/)
        my_design
          [info] Import Native Bodies: Imported bodies have been scaled to model units. Please analyze the model. (12:22:42  juil. 19, 2026)
          [info] Solution 'CapSetup : CapSweep', CG interpolating sweep is converged. (12:23:09  juil. 19, 2026)
          [info] Normal completion of simulation on server: Local Machine. (12:23:10  juil. 19, 2026)
-- Message Window --
Stopping Batch Run: 12:23:37  juil. 19, 2026
 
Ansys Electronics Desktop Version 2023.1.0, Build: 2022-11-20 22:10:41
Location: C:\Program Files\AnsysEM\v231\Win64\ansysedt.exe
Non Graphical Mode: No Project??
Starting Batch Run: 12:23:45  juil. 19, 2026
Running as user: SEIFPC\hp
Temp directory: C:\Users\hp\AppData\Local\Temp
Project directory: C:\Users\hp\Documents\Ansoft
[warning] Electronics Desktop has found a recovery file for an unsaved project : Project3.aedt.auto
Please choose one of the following actions for this file: 
 Yes: Open the recovery file. 
 No: Discard the recovery file.
 Cancel: Leave the recovery file on disk ( this prompt will reappear during the next application start) .
The project 'my_project' has been edited and/or solved. Do you want to save the changes?
-- Message Window --
      *Global - Messages
        [warning] Electronics Desktop has found a recovery file for an unsaved project : Project3.aedt.auto Please choose one of the following actions for this file:   Yes: Open the recovery file.   No: Discard the recovery file.  Cancel: Leave the recovery file on disk ( this prompt will reappear during the next application start) .
        [info] GRPC server running on port: 2820. 
        [info] The project 'my_project' has been edited and/or solved. Do you want to save the changes?
      my_project (C:/Users/hp/Documents/Ansoft/)
        my_design
          [info] Import Native Bodies: Imported bodies have been scaled to model units. Please analyze the model. (12:23:58  juil. 19, 2026)
          [info] Solution 'CapSetup : CapSweep', CG interpolating sweep is converged. (12:24:21  juil. 19, 2026)
          [info] Normal completion of simulation on server: Local Machine. (12:24:21  juil. 19, 2026)
          [error] Script macro error: CG[Solution Order/Choices] is not a property name. (12:24:22  juil. 19, 2026)
          [error] Script macro error: Max. Passes (Conduction) is not a property name. (12:24:22  juil. 19, 2026)
          [error] Script macro error: Min. Passes (Conduction) is not a property name. (12:24:22  juil. 19, 2026)
          [error] Script macro error: Min. Converged Passes (Conduction) is not a property name. (12:24:22  juil. 19, 2026)
          [error] Script macro error: Percent Error (Conduction) is not a property name. (12:24:22  juil. 19, 2026)
          [error] Script macro error: Percent Refine (Conduction) is not a property name. (12:24:22  juil. 19, 2026)
          [error] Script macro error: Max. Passes (Multipole) is not a property name. (12:24:22  juil. 19, 2026)
          [error] Script macro error: Min. Passes (Multipole) is not a property name. (12:24:23  juil. 19, 2026)
          [error] Script macro error: Min. Converged Passes (Multipole) is not a property name. (12:24:23  juil. 19, 2026)
          [error] Script macro error: Percent Error (Multipole) is not a property name. (12:24:23  juil. 19, 2026)
          [error] Script macro error: Percent Refine (Multipole) is not a property name. (12:24:23  juil. 19, 2026)
          [error] Script macro error: DC[Solution Order/Choices] is not a property name. (12:24:23  juil. 19, 2026)
          [error] Script macro error: CG[Solution Order/Choices] is not a property name. (12:24:23  juil. 19, 2026)
          [error] Script macro error: Max. Passes (Conduction) is not a property name. (12:24:23  juil. 19, 2026)
          [error] Script macro error: Min. Passes (Conduction) is not a property name. (12:24:23  juil. 19, 2026)
          [error] Script macro error: Min. Converged Passes (Conduction) is not a property name. (12:24:24  juil. 19, 2026)
          [error] Script macro error: Percent Error (Conduction) is not a property name. (12:24:24  juil. 19, 2026)
          [error] Script macro error: Percent Refine (Conduction) is not a property name. (12:24:24  juil. 19, 2026)
          [error] Script macro error: Max. Passes (Multipole) is not a property name. (12:24:24  juil. 19, 2026)
          [error] Script macro error: Min. Passes (Multipole) is not a property name. (12:24:24  juil. 19, 2026)
          [error] Script macro error: Min. Converged Passes (Multipole) is not a property name. (12:24:24  juil. 19, 2026)
          [error] Script macro error: Percent Error (Multipole) is not a property name. (12:24:24  juil. 19, 2026)
          [error] Script macro error: Percent Refine (Multipole) is not a property name. (12:24:24  juil. 19, 2026)
          [error] Script macro error: DC[Solution Order/Choices] is not a property name. (12:24:24  juil. 19, 2026)
          [warning] The variable  'Phase' doesn't have an associated sweep and is excluded from the definition of trace. (12:24:25  juil. 19, 2026)
          [warning] my_design: Solutions have been invalidated. Undo to recover. (12:24:57  juil. 19, 2026)
          [error] Script macro error: Name is not a property name. (12:24:57  juil. 19, 2026)
          [error] Script macro error: Type is not a property name. (12:24:57  juil. 19, 2026)
          [warning] Setup 'InducSetup': Please include a DC RL solution in order to obtain an accurate AC RL sweep result. (12:25:08  juil. 19, 2026)
          [warning] Adaptive Passes for AC R/L did not converge based on specified criteria. (12:27:25  juil. 19, 2026)
          [info] Normal completion of simulation on server: Local Machine. (12:27:25  juil. 19, 2026)
          [error] Script macro error: Auto Increase Solution Order is not a property name. (12:27:25  juil. 19, 2026)
          [error] Script macro error: CG[Solution Order/Choices] is not a property name. (12:27:25  juil. 19, 2026)
          [error] Script macro error: Solver Type is not a property name. (12:27:26  juil. 19, 2026)
          [error] Script macro error: Max. Passes (Conduction) is not a property name. (12:27:26  juil. 19, 2026)
          [error] Script macro error: Min. Passes (Conduction) is not a property name. (12:27:26  juil. 19, 2026)
          [error] Script macro error: Min. Converged Passes (Conduction) is not a property name. (12:27:26  juil. 19, 2026)
          [error] Script macro error: Percent Error (Conduction) is not a property name. (12:27:26  juil. 19, 2026)
          [error] Script macro error: Percent Refine (Conduction) is not a property name. (12:27:26  juil. 19, 2026)
          [error] Script macro error: Max. Passes (Multipole) is not a property name. (12:27:26  juil. 19, 2026)
          [error] Script macro error: Min. Passes (Multipole) is not a property name. (12:27:26  juil. 19, 2026)
          [error] Script macro error: Min. Converged Passes (Multipole) is not a property name. (12:27:26  juil. 19, 2026)
          [error] Script macro error: Percent Error (Multipole) is not a property name. (12:27:27  juil. 19, 2026)
          [error] Script macro error: Percent Refine (Multipole) is not a property name. (12:27:27  juil. 19, 2026)
          [error] Script macro error: DC[Solution Order/Choices] is not a property name. (12:27:27  juil. 19, 2026)
          [error] Script macro error: Auto Increase Solution Order is not a property name. (12:27:27  juil. 19, 2026)
          [error] Script macro error: CG[Solution Order/Choices] is not a property name. (12:27:27  juil. 19, 2026)
          [error] Script macro error: Solver Type is not a property name. (12:27:27  juil. 19, 2026)
          [error] Script macro error: Max. Passes (Conduction) is not a property name. (12:27:27  juil. 19, 2026)
          [error] Script macro error: Min. Passes (Conduction) is not a property name. (12:27:27  juil. 19, 2026)
          [error] Script macro error: Min. Converged Passes (Conduction) is not a property name. (12:27:27  juil. 19, 2026)
          [error] Script macro error: Percent Error (Conduction) is not a property name. (12:27:28  juil. 19, 2026)
          [error] Script macro error: Percent Refine (Conduction) is not a property name. (12:27:28  juil. 19, 2026)
          [error] Script macro error: Max. Passes (Multipole) is not a property name. (12:27:28  juil. 19, 2026)
          [error] Script macro error: Min. Passes (Multipole) is not a property name. (12:27:28  juil. 19, 2026)
          [error] Script macro error: Min. Converged Passes (Multipole) is not a property name. (12:27:28  juil. 19, 2026)
          [error] Script macro error: Percent Error (Multipole) is not a property name. (12:27:28  juil. 19, 2026)
          [error] Script macro error: Percent Refine (Multipole) is not a property name. (12:27:28  juil. 19, 2026)
          [error] Script macro error: DC[Solution Order/Choices] is not a property name. (12:27:28  juil. 19, 2026)
          [warning] The variable  'Phase' doesn't have an associated sweep and is excluded from the definition of trace. (12:27:28  juil. 19, 2026)
          [error] Script macro error: Report Type name does NOT exists in the solution. (12:27:29  juil. 19, 2026)
-- Message Window --
Stopping Batch Run: 11:28:08  juil. 19, 2026
 
Ansys Electronics Desktop Version 2023.1.0, Build: 2022-11-20 22:10:41
Location: C:\Program Files\AnsysEM\v231\Win64\ansysedt.exe
Non Graphical Mode: No Project??
Starting Batch Run: 11:31:17  juil. 19, 2026
Running as user: SEIFPC\hp
Temp directory: C:\Users\hp\AppData\Local\Temp
Project directory: C:\Users\hp\Documents\Ansoft
[warning] Electronics Desktop has found a recovery file for an unsaved project : Project3.aedt.auto
Please choose one of the following actions for this file: 
 Yes: Open the recovery file. 
 No: Discard the recovery file.
 Cancel: Leave the recovery file on disk ( this prompt will reappear during the next application start) .
The project 'my_project' has been edited and/or solved. Do you want to save the changes?
-- Message Window --
      *Global - Messages
        [warning] Electronics Desktop has found a recovery file for an unsaved project : Project3.aedt.auto Please choose one of the following actions for this file:   Yes: Open the recovery file.   No: Discard the recovery file.  Cancel: Leave the recovery file on disk ( this prompt will reappear during the next application start) .
        [info] GRPC server running on port: 8243. 
        [info] The project 'my_project' has been edited and/or solved. Do you want to save the changes?
      my_project (C:/Users/hp/Documents/Ansoft/)
        my_design
          [info] Import Native Bodies: Imported bodies have been scaled to model units. Please analyze the model. (11:31:35  juil. 19, 2026)
          [info] Solution 'CapSetup : CapSweep', CG interpolating sweep is converged. (11:32:51  juil. 19, 2026)
          [info] Normal completion of simulation on server: Local Machine. (11:32:52  juil. 19, 2026)
          [error] Script macro error: CG[Solution Order/Choices] is not a property name. (11:32:52  juil. 19, 2026)
          [error] Script macro error: Max. Passes (Conduction) is not a property name. (11:32:52  juil. 19, 2026)
          [error] Script macro error: Min. Passes (Conduction) is not a property name. (11:32:52  juil. 19, 2026)
          [error] Script macro error: Min. Converged Passes (Conduction) is not a property name. (11:32:52  juil. 19, 2026)
          [error] Script macro error: Percent Error (Conduction) is not a property name. (11:32:52  juil. 19, 2026)
          [error] Script macro error: Percent Refine (Conduction) is not a property name. (11:32:52  juil. 19, 2026)
          [error] Script macro error: Max. Passes (Multipole) is not a property name. (11:32:52  juil. 19, 2026)
          [error] Script macro error: Min. Passes (Multipole) is not a property name. (11:32:52  juil. 19, 2026)
          [error] Script macro error: Min. Converged Passes (Multipole) is not a property name. (11:32:53  juil. 19, 2026)
          [error] Script macro error: Percent Error (Multipole) is not a property name. (11:32:53  juil. 19, 2026)
          [error] Script macro error: Percent Refine (Multipole) is not a property name. (11:32:53  juil. 19, 2026)
          [error] Script macro error: DC[Solution Order/Choices] is not a property name. (11:32:53  juil. 19, 2026)
          [error] Script macro error: CG[Solution Order/Choices] is not a property name. (11:32:53  juil. 19, 2026)
          [error] Script macro error: Max. Passes (Conduction) is not a property name. (11:32:53  juil. 19, 2026)
          [error] Script macro error: Min. Passes (Conduction) is not a property name. (11:32:53  juil. 19, 2026)
          [error] Script macro error: Min. Converged Passes (Conduction) is not a property name. (11:32:53  juil. 19, 2026)
          [error] Script macro error: Percent Error (Conduction) is not a property name. (11:32:53  juil. 19, 2026)
          [error] Script macro error: Percent Refine (Conduction) is not a property name. (11:32:54  juil. 19, 2026)
          [error] Script macro error: Max. Passes (Multipole) is not a property name. (11:32:54  juil. 19, 2026)
          [error] Script macro error: Min. Passes (Multipole) is not a property name. (11:32:54  juil. 19, 2026)
          [error] Script macro error: Min. Converged Passes (Multipole) is not a property name. (11:32:54  juil. 19, 2026)
          [error] Script macro error: Percent Error (Multipole) is not a property name. (11:32:54  juil. 19, 2026)
          [error] Script macro error: Percent Refine (Multipole) is not a property name. (11:32:54  juil. 19, 2026)
          [error] Script macro error: DC[Solution Order/Choices] is not a property name. (11:32:54  juil. 19, 2026)
          [warning] The variable  'Phase' doesn't have an associated sweep and is excluded from the definition of trace. (11:32:54  juil. 19, 2026)
          [warning] my_design: Solutions have been invalidated. Undo to recover. (11:32:58  juil. 19, 2026)
          [error] Script macro error: Name is not a property name. (11:32:58  juil. 19, 2026)
          [error] Script macro error: Type is not a property name. (11:32:58  juil. 19, 2026)
          [warning] Setup 'InducSetup': Please include a DC RL solution in order to obtain an accurate AC RL sweep result. (11:33:08  juil. 19, 2026)
          [warning] Adaptive Passes for AC R/L did not converge based on specified criteria. (11:34:45  juil. 19, 2026)
          [info] Normal completion of simulation on server: Local Machine. (11:34:45  juil. 19, 2026)
          [error] Script macro error: Auto Increase Solution Order is not a property name. (11:34:45  juil. 19, 2026)
          [error] Script macro error: CG[Solution Order/Choices] is not a property name. (11:34:45  juil. 19, 2026)
          [error] Script macro error: Solver Type is not a property name. (11:34:45  juil. 19, 2026)
          [error] Script macro error: Max. Passes (Conduction) is not a property name. (11:34:45  juil. 19, 2026)
          [error] Script macro error: Min. Passes (Conduction) is not a property name. (11:34:45  juil. 19, 2026)
          [error] Script macro error: Min. Converged Passes (Conduction) is not a property name. (11:34:46  juil. 19, 2026)
          [error] Script macro error: Percent Error (Conduction) is not a property name. (11:34:46  juil. 19, 2026)
          [error] Script macro error: Percent Refine (Conduction) is not a property name. (11:34:46  juil. 19, 2026)
          [error] Script macro error: Max. Passes (Multipole) is not a property name. (11:34:46  juil. 19, 2026)
          [error] Script macro error: Min. Passes (Multipole) is not a property name. (11:34:46  juil. 19, 2026)
          [error] Script macro error: Min. Converged Passes (Multipole) is not a property name. (11:34:46  juil. 19, 2026)
          [error] Script macro error: Percent Error (Multipole) is not a property name. (11:34:46  juil. 19, 2026)
          [error] Script macro error: Percent Refine (Multipole) is not a property name. (11:34:46  juil. 19, 2026)
          [error] Script macro error: DC[Solution Order/Choices] is not a property name. (11:34:47  juil. 19, 2026)
          [error] Script macro error: Auto Increase Solution Order is not a property name. (11:34:47  juil. 19, 2026)
          [error] Script macro error: CG[Solution Order/Choices] is not a property name. (11:34:47  juil. 19, 2026)
          [error] Script macro error: Solver Type is not a property name. (11:34:47  juil. 19, 2026)
          [error] Script macro error: Max. Passes (Conduction) is not a property name. (11:34:47  juil. 19, 2026)
          [error] Script macro error: Min. Passes (Conduction) is not a property name. (11:34:47  juil. 19, 2026)
          [error] Script macro error: Min. Converged Passes (Conduction) is not a property name. (11:34:47  juil. 19, 2026)
          [error] Script macro error: Percent Error (Conduction) is not a property name. (11:34:47  juil. 19, 2026)
          [error] Script macro error: Percent Refine (Conduction) is not a property name. (11:34:47  juil. 19, 2026)
          [error] Script macro error: Max. Passes (Multipole) is not a property name. (11:34:48  juil. 19, 2026)
          [error] Script macro error: Min. Passes (Multipole) is not a property name. (11:34:48  juil. 19, 2026)
          [error] Script macro error: Min. Converged Passes (Multipole) is not a property name. (11:34:48  juil. 19, 2026)
          [error] Script macro error: Percent Error (Multipole) is not a property name. (11:34:48  juil. 19, 2026)
          [error] Script macro error: Percent Refine (Multipole) is not a property name. (11:34:48  juil. 19, 2026)
          [error] Script macro error: DC[Solution Order/Choices] is not a property name. (11:34:48  juil. 19, 2026)
          [warning] The variable  'Phase' doesn't have an associated sweep and is excluded from the definition of trace. (11:34:48  juil. 19, 2026)
          [error] Script macro error: Report Type name does NOT exists in the solution. (11:34:48  juil. 19, 2026)
          [info] Import Native Bodies: Imported bodies have been scaled to model units. Please analyze the model. (11:39:07  juil. 19, 2026)
          [info] 'ringp1' is a duplicate name. Part named 'ringp1' has been renamed to 'ringp1_1'. (11:39:07  juil. 19, 2026)
          [info] 'ringp2' is a duplicate name. Part named 'ringp2' has been renamed to 'ringp2_1'. (11:39:07  juil. 19, 2026)
          [info] 'ringp3' is a duplicate name. Part named 'ringp3' has been renamed to 'ringp3_1'. (11:39:07  juil. 19, 2026)
          [info] 'ringp4' is a duplicate name. Part named 'ringp4' has been renamed to 'ringp4_1'. (11:39:07  juil. 19, 2026)
          [info] 'ringp5' is a duplicate name. Part named 'ringp5' has been renamed to 'ringp5_1'. (11:39:07  juil. 19, 2026)
          [info] 'ringp6' is a duplicate name. Part named 'ringp6' has been renamed to 'ringp6_1'. (11:39:07  juil. 19, 2026)
          [info] 'Core' is a duplicate name. Part named 'Core' has been renamed to 'Core_1'. (11:39:07  juil. 19, 2026)
          [info] 'pinsulator_0' is a duplicate name. Part named 'pinsulator_0' has been renamed to 'pinsulator_0_1'. (11:39:07  juil. 19, 2026)
          [info] 'pinsulator_1' is a duplicate name. Part named 'pinsulator_1' has been renamed to 'pinsulator_1_1'. (11:39:07  juil. 19, 2026)
          [info] 'primary_secondary_insulation' is a duplicate name. Part named 'primary_secondary_insulation' has been renamed to 'primary_secondary_insulation_1'. (11:39:07  juil. 19, 2026)
          [warning] my_design: Solutions have been invalidated. Undo to recover. (11:39:07  juil. 19, 2026)
          [error] Script macro error: Duplicate net name: 'ringp1' (11:39:10  juil. 19, 2026)
-- Message Window --
Stopping Batch Run: 11:39:46  juil. 19, 2026
 
Ansys Electronics Desktop Version 2023.1.0, Build: 2022-11-20 22:10:41
Location: C:\Program Files\AnsysEM\v231\Win64\ansysedt.exe
Non Graphical Mode: No Project??
Starting Batch Run: 11:39:51  juil. 19, 2026
Running as user: SEIFPC\hp
Temp directory: C:\Users\hp\AppData\Local\Temp
Project directory: C:\Users\hp\Documents\Ansoft
[warning] Electronics Desktop has found a recovery file for an unsaved project : Project3.aedt.auto
Please choose one of the following actions for this file: 
 Yes: Open the recovery file. 
 No: Discard the recovery file.
 Cancel: Leave the recovery file on disk ( this prompt will reappear during the next application start) .
The project 'my_project' has been edited and/or solved. Do you want to save the changes?
-- Message Window --
      *Global - Messages
        [warning] Electronics Desktop has found a recovery file for an unsaved project : Project3.aedt.auto Please choose one of the following actions for this file:   Yes: Open the recovery file.   No: Discard the recovery file.  Cancel: Leave the recovery file on disk ( this prompt will reappear during the next application start) .
        [info] GRPC server running on port: 11790. 
        [info] The project 'my_project' has been edited and/or solved. Do you want to save the changes?
      my_project (C:/Users/hp/Documents/Ansoft/)
        my_design
          [info] Import Native Bodies: Imported bodies have been scaled to model units. Please analyze the model. (11:40:08  juil. 19, 2026)
          [info] Solution 'CapSetup : CapSweep', CG interpolating sweep is converged. (11:40:36  juil. 19, 2026)
          [info] Normal completion of simulation on server: Local Machine. (11:40:37  juil. 19, 2026)
          [error] Script macro error: CG[Solution Order/Choices] is not a property name. (11:40:37  juil. 19, 2026)
          [error] Script macro error: Max. Passes (Conduction) is not a property name. (11:40:37  juil. 19, 2026)
          [error] Script macro error: Min. Passes (Conduction) is not a property name. (11:40:37  juil. 19, 2026)
          [error] Script macro error: Min. Converged Passes (Conduction) is not a property name. (11:40:37  juil. 19, 2026)
          [error] Script macro error: Percent Error (Conduction) is not a property name. (11:40:37  juil. 19, 2026)
          [error] Script macro error: Percent Refine (Conduction) is not a property name. (11:40:38  juil. 19, 2026)
          [error] Script macro error: Max. Passes (Multipole) is not a property name. (11:40:38  juil. 19, 2026)
          [error] Script macro error: Min. Passes (Multipole) is not a property name. (11:40:38  juil. 19, 2026)
          [error] Script macro error: Min. Converged Passes (Multipole) is not a property name. (11:40:38  juil. 19, 2026)
          [error] Script macro error: Percent Error (Multipole) is not a property name. (11:40:38  juil. 19, 2026)
          [error] Script macro error: Percent Refine (Multipole) is not a property name. (11:40:38  juil. 19, 2026)
          [error] Script macro error: DC[Solution Order/Choices] is not a property name. (11:40:38  juil. 19, 2026)
          [error] Script macro error: CG[Solution Order/Choices] is not a property name. (11:40:38  juil. 19, 2026)
          [error] Script macro error: Max. Passes (Conduction) is not a property name. (11:40:39  juil. 19, 2026)
          [error] Script macro error: Min. Passes (Conduction) is not a property name. (11:40:39  juil. 19, 2026)
          [error] Script macro error: Min. Converged Passes (Conduction) is not a property name. (11:40:39  juil. 19, 2026)
          [error] Script macro error: Percent Error (Conduction) is not a property name. (11:40:39  juil. 19, 2026)
          [error] Script macro error: Percent Refine (Conduction) is not a property name. (11:40:39  juil. 19, 2026)
          [error] Script macro error: Max. Passes (Multipole) is not a property name. (11:40:39  juil. 19, 2026)
          [error] Script macro error: Min. Passes (Multipole) is not a property name. (11:40:39  juil. 19, 2026)
          [error] Script macro error: Min. Converged Passes (Multipole) is not a property name. (11:40:39  juil. 19, 2026)
          [error] Script macro error: Percent Error (Multipole) is not a property name. (11:40:39  juil. 19, 2026)
          [error] Script macro error: Percent Refine (Multipole) is not a property name. (11:40:40  juil. 19, 2026)
          [error] Script macro error: DC[Solution Order/Choices] is not a property name. (11:40:40  juil. 19, 2026)
          [warning] The variable  'Phase' doesn't have an associated sweep and is excluded from the definition of trace. (11:40:40  juil. 19, 2026)
          [warning] my_design: Solutions have been invalidated. Undo to recover. (11:41:58  juil. 19, 2026)
          [error] Script macro error: Name is not a property name. (11:41:59  juil. 19, 2026)
          [error] Script macro error: Type is not a property name. (11:41:59  juil. 19, 2026)
          [warning] Setup 'InducSetup': Please include a DC RL solution in order to obtain an accurate AC RL sweep result. (11:42:08  juil. 19, 2026)
          [warning] Adaptive Passes for AC R/L did not converge based on specified criteria. (11:44:31  juil. 19, 2026)
          [info] Normal completion of simulation on server: Local Machine. (11:44:31  juil. 19, 2026)
          [error] Script macro error: Auto Increase Solution Order is not a property name. (11:44:31  juil. 19, 2026)
          [error] Script macro error: CG[Solution Order/Choices] is not a property name. (11:44:31  juil. 19, 2026)
          [error] Script macro error: Solver Type is not a property name. (11:44:32  juil. 19, 2026)
          [error] Script macro error: Max. Passes (Conduction) is not a property name. (11:44:32  juil. 19, 2026)
          [error] Script macro error: Min. Passes (Conduction) is not a property name. (11:44:32  juil. 19, 2026)
          [error] Script macro error: Min. Converged Passes (Conduction) is not a property name. (11:44:32  juil. 19, 2026)
          [error] Script macro error: Percent Error (Conduction) is not a property name. (11:44:32  juil. 19, 2026)
          [error] Script macro error: Percent Refine (Conduction) is not a property name. (11:44:32  juil. 19, 2026)
          [error] Script macro error: Max. Passes (Multipole) is not a property name. (11:44:32  juil. 19, 2026)
          [error] Script macro error: Min. Passes (Multipole) is not a property name. (11:44:32  juil. 19, 2026)
          [error] Script macro error: Min. Converged Passes (Multipole) is not a property name. (11:44:33  juil. 19, 2026)
          [error] Script macro error: Percent Error (Multipole) is not a property name. (11:44:33  juil. 19, 2026)
          [error] Script macro error: Percent Refine (Multipole) is not a property name. (11:44:33  juil. 19, 2026)
          [error] Script macro error: DC[Solution Order/Choices] is not a property name. (11:44:33  juil. 19, 2026)
          [error] Script macro error: Auto Increase Solution Order is not a property name. (11:44:33  juil. 19, 2026)
          [error] Script macro error: CG[Solution Order/Choices] is not a property name. (11:44:33  juil. 19, 2026)
          [error] Script macro error: Solver Type is not a property name. (11:44:33  juil. 19, 2026)
          [error] Script macro error: Max. Passes (Conduction) is not a property name. (11:44:33  juil. 19, 2026)
          [error] Script macro error: Min. Passes (Conduction) is not a property name. (11:44:33  juil. 19, 2026)
          [error] Script macro error: Min. Converged Passes (Conduction) is not a property name. (11:44:34  juil. 19, 2026)
          [error] Script macro error: Percent Error (Conduction) is not a property name. (11:44:34  juil. 19, 2026)
          [error] Script macro error: Percent Refine (Conduction) is not a property name. (11:44:34  juil. 19, 2026)
          [error] Script macro error: Max. Passes (Multipole) is not a property name. (11:44:34  juil. 19, 2026)
          [error] Script macro error: Min. Passes (Multipole) is not a property name. (11:44:34  juil. 19, 2026)
          [error] Script macro error: Min. Converged Passes (Multipole) is not a property name. (11:44:34  juil. 19, 2026)
          [error] Script macro error: Percent Error (Multipole) is not a property name. (11:44:34  juil. 19, 2026)
          [error] Script macro error: Percent Refine (Multipole) is not a property name. (11:44:34  juil. 19, 2026)
          [error] Script macro error: DC[Solution Order/Choices] is not a property name. (11:44:34  juil. 19, 2026)
          [warning] The variable  'Phase' doesn't have an associated sweep and is excluded from the definition of trace. (11:44:35  juil. 19, 2026)
          [error] Script macro error: Report Type name does NOT exists in the solution. (11:44:35  juil. 19, 2026)
-- Message Window --
Stopping Batch Run: 11:47:39  juil. 19, 2026
 
Ansys Electronics Desktop Version 2023.1.0, Build: 2022-11-20 22:10:41
Location: C:\Program Files\AnsysEM\v231\Win64\ansysedt.exe
Non Graphical Mode: No Project??
Starting Batch Run: 11:47:50  juil. 19, 2026
Running as user: SEIFPC\hp
Temp directory: C:\Users\hp\AppData\Local\Temp
Project directory: C:\Users\hp\Documents\Ansoft
[warning] Electronics Desktop has found a recovery file for an unsaved project : Project3.aedt.auto
Please choose one of the following actions for this file: 
 Yes: Open the recovery file. 
 No: Discard the recovery file.
 Cancel: Leave the recovery file on disk ( this prompt will reappear during the next application start) .
The project 'my_project' has been edited and/or solved. Do you want to save the changes?
-- Message Window --
      *Global - Messages
        [warning] Electronics Desktop has found a recovery file for an unsaved project : Project3.aedt.auto Please choose one of the following actions for this file:   Yes: Open the recovery file.   No: Discard the recovery file.  Cancel: Leave the recovery file on disk ( this prompt will reappear during the next application start) .
        [info] GRPC server running on port: 8491. 
        [info] The project 'my_project' has been edited and/or solved. Do you want to save the changes?
      my_project (C:/Users/hp/Documents/Ansoft/)
        my_design
          [info] Accurate transparency rendering is disabled to avoid slow rendering performance. (11:48:29  juil. 19, 2026)
          [info] Import Native Bodies: Imported bodies have been scaled to model units. Please analyze the model. (11:48:32  juil. 19, 2026)
          [info] Import Native Bodies: Imported bodies have been scaled to model units. Please analyze the model. (11:49:08  juil. 19, 2026)
          [info] 'ringp1' is a duplicate name. Part named 'ringp1' has been renamed to 'ringp1_1'. (11:49:08  juil. 19, 2026)
          [info] 'ringp2' is a duplicate name. Part named 'ringp2' has been renamed to 'ringp2_1'. (11:49:08  juil. 19, 2026)
          [info] 'ringp3' is a duplicate name. Part named 'ringp3' has been renamed to 'ringp3_1'. (11:49:08  juil. 19, 2026)
          [info] 'ringp4' is a duplicate name. Part named 'ringp4' has been renamed to 'ringp4_1'. (11:49:08  juil. 19, 2026)
          [info] 'ringp5' is a duplicate name. Part named 'ringp5' has been renamed to 'ringp5_1'. (11:49:08  juil. 19, 2026)
          [info] 'ringp6' is a duplicate name. Part named 'ringp6' has been renamed to 'ringp6_1'. (11:49:08  juil. 19, 2026)
          [info] 'Core' is a duplicate name. Part named 'Core' has been renamed to 'Core_1'. (11:49:08  juil. 19, 2026)
          [info] 'pinsulator_0' is a duplicate name. Part named 'pinsulator_0' has been renamed to 'pinsulator_0_1'. (11:49:08  juil. 19, 2026)
          [info] 'pinsulator_1' is a duplicate name. Part named 'pinsulator_1' has been renamed to 'pinsulator_1_1'. (11:49:09  juil. 19, 2026)
          [info] 'primary_secondary_insulation' is a duplicate name. Part named 'primary_secondary_insulation' has been renamed to 'primary_secondary_insulation_1'. (11:49:09  juil. 19, 2026)
          [error] Script macro error: Duplicate net name: 'ringp1' (11:49:10  juil. 19, 2026)
-- Message Window --
Stopping Batch Run: 11:49:19  juil. 19, 2026
                                                                                                                                                                                                                       Running as user: SEIFPC\hp
Temp directory: C:\Users\hp\AppData\Local\Temp
Project directory: C:\Users\hp\Documents\Ansoft
[warning] Electronics Desktop has found a recovery file for an unsaved project : Project3.aedt.auto
Please choose one of the following actions for this file: 
 Yes: Open the recovery file. 
 No: Discard the recovery file.
 Cancel: Leave the recovery file on disk ( this prompt will reappear during the next application start) .
The project 'my_project' has been edited and/or solved. Do you want to save the changes?
-- Message Window --
      *Global - Messages
        [warning] Electronics Desktop has found a recovery file for an unsaved project : Project3.aedt.auto Please choose one of the following actions for this file:   Yes: Open the recovery file.   No: Discard the recovery file.  Cancel: Leave the recovery file on disk ( this prompt will reappear during the next application start) .
        [info] GRPC server running on port: 14218. 
        [info] The project 'my_project' has been edited and/or solved. Do you want to save the changes?
      my_project (C:/Users/hp/Documents/Ansoft/)
        my_design
          [info] Import Native Bodies: Imported bodies have been scaled to model units. Please analyze the model. (11:49:38  juil. 19, 2026)
          [info] Solution 'CapSetup : CapSweep', CG interpolating sweep is converged. (11:50:14  juil. 19, 2026)
          [info] Normal completion of simulation on server: Local Machine. (11:50:14  juil. 19, 2026)
          [error] Script macro error: CG[Solution Order/Choices] is not a property name. (11:50:14  juil. 19, 2026)
          [error] Script macro error: Max. Passes (Conduction) is not a property name. (11:50:15  juil. 19, 2026)
          [error] Script macro error: Min. Passes (Conduction) is not a property name. (11:50:15  juil. 19, 2026)
          [error] Script macro error: Min. Converged Passes (Conduction) is not a property name. (11:50:15  juil. 19, 2026)
          [error] Script macro error: Percent Error (Conduction) is not a property name. (11:50:15  juil. 19, 2026)
          [error] Script macro error: Percent Refine (Conduction) is not a property name. (11:50:15  juil. 19, 2026)
          [error] Script macro error: Max. Passes (Multipole) is not a property name. (11:50:15  juil. 19, 2026)
          [error] Script macro error: Min. Passes (Multipole) is not a property name. (11:50:15  juil. 19, 2026)
          [error] Script macro error: Min. Converged Passes (Multipole) is not a property name. (11:50:15  juil. 19, 2026)
          [error] Script macro error: Percent Error (Multipole) is not a property name. (11:50:16  juil. 19, 2026)
          [error] Script macro error: Percent Refine (Multipole) is not a property name. (11:50:16  juil. 19, 2026)
          [error] Script macro error: DC[Solution Order/Choices] is not a property name. (11:50:16  juil. 19, 2026)
          [error] Script macro error: CG[Solution Order/Choices] is not a property name. (11:50:16  juil. 19, 2026)
          [error] Script macro error: Max. Passes (Conduction) is not a property name. (11:50:16  juil. 19, 2026)
          [error] Script macro error: Min. Passes (Conduction) is not a property name. (11:50:16  juil. 19, 2026)
          [error] Script macro error: Min. Converged Passes (Conduction) is not a property name. (11:50:16  juil. 19, 2026)
          [error] Script macro error: Percent Error (Conduction) is not a property name. (11:50:16  juil. 19, 2026)
          [error] Script macro error: Percent Refine (Conduction) is not a property name. (11:50:16  juil. 19, 2026)
          [error] Script macro error: Max. Passes (Multipole) is not a property name. (11:50:17  juil. 19, 2026)
          [error] Script macro error: Min. Passes (Multipole) is not a property name. (11:50:17  juil. 19, 2026)
          [error] Script macro error: Min. Converged Passes (Multipole) is not a property name. (11:50:17  juil. 19, 2026)
          [error] Script macro error: Percent Error (Multipole) is not a property name. (11:50:17  juil. 19, 2026)
          [error] Script macro error: Percent Refine (Multipole) is not a property name. (11:50:17  juil. 19, 2026)
          [error] Script macro error: DC[Solution Order/Choices] is not a property name. (11:50:17  juil. 19, 2026)
          [warning] The variable  'Phase' doesn't have an associated sweep and is excluded from the definition of trace. (11:50:17  juil. 19, 2026)
          [warning] my_design: Solutions have been invalidated. Undo to recover. (11:50:39  juil. 19, 2026)
          [error] Script macro error: Name is not a property name. (11:50:40  juil. 19, 2026)
          [error] Script macro error: Type is not a property name. (11:50:40  juil. 19, 2026)
          [warning] Setup 'InducSetup': Please include a DC RL solution in order to obtain an accurate AC RL sweep result. (11:50:45  juil. 19, 2026)
          [warning] Adaptive Passes for AC R/L did not converge based on specified criteria. (11:53:07  juil. 19, 2026)
          [info] Normal completion of simulation on server: Local Machine. (11:53:08  juil. 19, 2026)
          [error] Script macro error: Auto Increase Solution Order is not a property name. (11:53:08  juil. 19, 2026)
          [error] Script macro error: CG[Solution Order/Choices] is not a property name. (11:53:08  juil. 19, 2026)
          [error] Script macro error: Solver Type is not a property name. (11:53:08  juil. 19, 2026)
          [error] Script macro error: Max. Passes (Conduction) is not a property name. (11:53:09  juil. 19, 2026)
          [error] Script macro error: Min. Passes (Conduction) is not a property name. (11:53:09  juil. 19, 2026)
          [error] Script macro error: Min. Converged Passes (Conduction) is not a property name. (11:53:09  juil. 19, 2026)
          [error] Script macro error: Percent Error (Conduction) is not a property name. (11:53:09  juil. 19, 2026)
          [error] Script macro error: Percent Refine (Conduction) is not a property name. (11:53:09  juil. 19, 2026)
          [error] Script macro error: Max. Passes (Multipole) is not a property name. (11:53:09  juil. 19, 2026)
          [error] Script macro error: Min. Passes (Multipole) is not a property name. (11:53:09  juil. 19, 2026)
          [error] Script macro error: Min. Converged Passes (Multipole) is not a property name. (11:53:09  juil. 19, 2026)
          [error] Script macro error: Percent Error (Multipole) is not a property name. (11:53:09  juil. 19, 2026)
          [error] Script macro error: Percent Refine (Multipole) is not a property name. (11:53:10  juil. 19, 2026)
          [error] Script macro error: DC[Solution Order/Choices] is not a property name. (11:53:10  juil. 19, 2026)
          [error] Script macro error: Auto Increase Solution Order is not a property name. (11:53:10  juil. 19, 2026)
          [error] Script macro error: CG[Solution Order/Choices] is not a property name. (11:53:10  juil. 19, 2026)
          [error] Script macro error: Solver Type is not a property name. (11:53:10  juil. 19, 2026)
          [error] Script macro error: Max. Passes (Conduction) is not a property name. (11:53:10  juil. 19, 2026)
          [error] Script macro error: Min. Passes (Conduction) is not a property name. (11:53:10  juil. 19, 2026)
          [error] Script macro error: Min. Converged Passes (Conduction) is not a property name. (11:53:10  juil. 19, 2026)
          [error] Script macro error: Percent Error (Conduction) is not a property name. (11:53:11  juil. 19, 2026)
          [error] Script macro error: Percent Refine (Conduction) is not a property name. (11:53:11  juil. 19, 2026)
          [error] Script macro error: Max. Passes (Multipole) is not a property name. (11:53:11  juil. 19, 2026)
          [error] Script macro error: Min. Passes (Multipole) is not a property name. (11:53:11  juil. 19, 2026)
          [error] Script macro error: Min. Converged Passes (Multipole) is not a property name. (11:53:11  juil. 19, 2026)
          [error] Script macro error: Percent Error (Multipole) is not a property name. (11:53:11  juil. 19, 2026)
          [error] Script macro error: Percent Refine (Multipole) is not a property name. (11:53:11  juil. 19, 2026)
          [error] Script macro error: DC[Solution Order/Choices] is not a property name. (11:53:11  juil. 19, 2026)
          [warning] The variable  'Phase' doesn't have an associated sweep and is excluded from the definition of trace. (11:53:12  juil. 19, 2026)
          [error] Script macro error: Report Type name does NOT exists in the solution. (11:53:12  juil. 19, 2026)
-- Message Window --
Stopping Batch Run: 12:00:11  juil. 19, 2026
 
Ansys Electronics Desktop Version 2023.1.0, Build: 2022-11-20 22:10:41
Location: C:\Program Files\AnsysEM\v231\Win64\ansysedt.exe
Non Graphical Mode: No Project??
Starting Batch Run: 12:00:24  juil. 19, 2026
Running as user: SEIFPC\hp
Temp directory: C:\Users\hp\AppData\Local\Temp
Project directory: C:\Users\hp\Documents\Ansoft
[warning] Electronics Desktop has found a recovery file for an unsaved project : Project3.aedt.auto
Please choose one of the following actions for this file: 
 Yes: Open the recovery file. 
 No: Discard the recovery file.
 Cancel: Leave the recovery file on disk ( this prompt will reappear during the next application start) .
The project 'my_project' has been edited and/or solved. Do you want to save the changes?
-- Message Window --
      *Global - Messages
        [warning] Electronics Desktop has found a recovery file for an unsaved project : Project3.aedt.auto Please choose one of the following actions for this file:   Yes: Open the recovery file.   No: Discard the recovery file.  Cancel: Leave the recovery file on disk ( this prompt will reappear during the next application start) .
        [info] GRPC server running on port: 14545. 
        [info] The project 'my_project' has been edited and/or solved. Do you want to save the changes?
      my_project (C:/Users/hp/Documents/Ansoft/)
        my_design
          [info] Import Native Bodies: Imported bodies have been scaled to model units. Please analyze the model. (12:00:39  juil. 19, 2026)
          [info] Solution 'CapSetup : CapSweep', CG interpolating sweep is converged. (12:01:16  juil. 19, 2026)
          [info] Normal completion of simulation on server: Local Machine. (12:01:17  juil. 19, 2026)
          [error] Script macro error: Report Type name does NOT exists in the solution. (12:01:17  juil. 19, 2026)
          [error] Script macro error: Report Type name does NOT exists in the solution. (12:01:17  juil. 19, 2026)
          [error] Script macro error: Report Type name does NOT exists in the solution. (12:01:17  juil. 19, 2026)
-- Message Window --
Stopping Batch Run: 12:02:59  juil. 19, 2026
 
Ansys Electronics Desktop Version 2023.1.0, Build: 2022-11-20 22:10:41
Location: C:\Program Files\AnsysEM\v231\Win64\ansysedt.exe
Non Graphical Mode: No Project??
Starting Batch Run: 12:03:04  juil. 19, 2026
Running as user: SEIFPC\hp
Temp directory: C:\Users\hp\AppData\Local\Temp
Project directory: C:\Users\hp\Documents\Ansoft
[warning] Electronics Desktop has found a recovery file for an unsaved project : Project3.aedt.auto
Please choose one of the following actions for this file: 
 Yes: Open the recovery file. 
 No: Discard the recovery file.
 Cancel: Leave the recovery file on disk ( this prompt will reappear during the next application start) .
The project 'my_project' has been edited and/or solved. Do you want to save the changes?
-- Message Window --
      *Global - Messages
        [warning] Electronics Desktop has found a recovery file for an unsaved project : Project3.aedt.auto Please choose one of the following actions for this file:   Yes: Open the recovery file.   No: Discard the recovery file.  Cancel: Leave the recovery file on disk ( this prompt will reappear during the next application start) .
        [info] GRPC server running on port: 2866. 
        [info] The project 'my_project' has been edited and/or solved. Do you want to save the changes?
      my_project (C:/Users/hp/Documents/Ansoft/)
        my_design
          [info] Import Native Bodies: Imported bodies have been scaled to model units. Please analyze the model. (12:03:17  juil. 19, 2026)
          [info] Solution 'CapSetup : CapSweep', CG interpolating sweep is converged. (12:03:54  juil. 19, 2026)
          [info] Normal completion of simulation on server: Local Machine. (12:03:55  juil. 19, 2026)
          [error] Script macro error: Report Type name does NOT exists in the solution. (12:03:56  juil. 19, 2026)
          [info] Import Native Bodies: Imported bodies have been scaled to model units. Please analyze the model. (12:07:35  juil. 19, 2026)
          [info] 'ringp1' is a duplicate name. Part named 'ringp1' has been renamed to 'ringp1_1'. (12:07:35  juil. 19, 2026)
          [info] 'ringp2' is a duplicate name. Part named 'ringp2' has been renamed to 'ringp2_1'. (12:07:35  juil. 19, 2026)
          [info] 'ringp3' is a duplicate name. Part named 'ringp3' has been renamed to 'ringp3_1'. (12:07:35  juil. 19, 2026)
          [info] 'ringp4' is a duplicate name. Part named 'ringp4' has been renamed to 'ringp4_1'. (12:07:35  juil. 19, 2026)
          [info] 'ringp5' is a duplicate name. Part named 'ringp5' has been renamed to 'ringp5_1'. (12:07:35  juil. 19, 2026)
          [info] 'ringp6' is a duplicate name. Part named 'ringp6' has been renamed to 'ringp6_1'. (12:07:35  juil. 19, 2026)
          [info] 'Core' is a duplicate name. Part named 'Core' has been renamed to 'Core_1'. (12:07:35  juil. 19, 2026)
          [info] 'pinsulator_0' is a duplicate name. Part named 'pinsulator_0' has been renamed to 'pinsulator_0_1'. (12:07:35  juil. 19, 2026)
          [info] 'pinsulator_1' is a duplicate name. Part named 'pinsulator_1' has been renamed to 'pinsulator_1_1'. (12:07:35  juil. 19, 2026)
          [info] 'primary_secondary_insulation' is a duplicate name. Part named 'primary_secondary_insulation' has been renamed to 'primary_secondary_insulation_1'. (12:07:35  juil. 19, 2026)
          [warning] my_design: Solutions have been invalidated. Undo to recover. (12:07:35  juil. 19, 2026)
          [error] Script macro error: Duplicate net name: 'ringp1' (12:07:37  juil. 19, 2026)
-- Message Window --
Stopping Batch Run: 12:07:41  juil. 19, 2026
 
Ansys Electronics Desktop Version 2023.1.0, Build: 2022-11-20 22:10:41
Location: C:\Program Files\AnsysEM\v231\Win64\ansysedt.exe
Non Graphical Mode: No Project??
Starting Batch Run: 12:07:47  juil. 19, 2026
Running as user: SEIFPC\hp
Temp directory: C:\Users\hp\AppData\Local\Temp
Project directory: C:\Users\hp\Documents\Ansoft
[warning] Electronics Desktop has found a recovery file for an unsaved project : Project3.aedt.auto
Please choose one of the following actions for this file: 
 Yes: Open the recovery file. 
 No: Discard the recovery file.
 Cancel: Leave the recovery file on disk ( this prompt will reappear during the next application start) .
The project 'my_project' has been edited and/or solved. Do you want to save the changes?
-- Message Window --
      *Global - Messages
        [warning] Electronics Desktop has found a recovery file for an unsaved project : Project3.aedt.auto Please choose one of the following actions for this file:   Yes: Open the recovery file.   No: Discard the recovery file.  Cancel: Leave the recovery file on disk ( this prompt will reappear during the next application start) .
        [info] GRPC server running on port: 10335. 
        [info] The project 'my_project' has been edited and/or solved. Do you want to save the changes?
      my_project (C:/Users/hp/Documents/Ansoft/)
        my_design
          [info] Import Native Bodies: Imported bodies have been scaled to model units. Please analyze the model. (12:08:00  juil. 19, 2026)
          [info] Solution 'CapSetup : CapSweep', CG interpolating sweep is converged. (12:08:28  juil. 19, 2026)
          [info] Normal completion of simulation on server: Local Machine. (12:08:29  juil. 19, 2026)
          [info] Import Native Bodies: Imported bodies have been scaled to model units. Please analyze the model. (12:09:19  juil. 19, 2026)
          [info] 'ringp1' is a duplicate name. Part named 'ringp1' has been renamed to 'ringp1_1'. (12:09:19  juil. 19, 2026)
          [info] 'ringp2' is a duplicate name. Part named 'ringp2' has been renamed to 'ringp2_1'. (12:09:19  juil. 19, 2026)
          [info] 'ringp3' is a duplicate name. Part named 'ringp3' has been renamed to 'ringp3_1'. (12:09:19  juil. 19, 2026)
          [info] 'ringp4' is a duplicate name. Part named 'ringp4' has been renamed to 'ringp4_1'. (12:09:19  juil. 19, 2026)
          [info] 'ringp5' is a duplicate name. Part named 'ringp5' has been renamed to 'ringp5_1'. (12:09:19  juil. 19, 2026)
          [info] 'ringp6' is a duplicate name. Part named 'ringp6' has been renamed to 'ringp6_1'. (12:09:19  juil. 19, 2026)
          [info] 'Core' is a duplicate name. Part named 'Core' has been renamed to 'Core_1'. (12:09:19  juil. 19, 2026)
          [info] 'pinsulator_0' is a duplicate name. Part named 'pinsulator_0' has been renamed to 'pinsulator_0_1'. (12:09:19  juil. 19, 2026)
          [info] 'pinsulator_1' is a duplicate name. Part named 'pinsulator_1' has been renamed to 'pinsulator_1_1'. (12:09:19  juil. 19, 2026)
          [info] 'primary_secondary_insulation' is a duplicate name. Part named 'primary_secondary_insulation' has been renamed to 'primary_secondary_insulation_1'. (12:09:19  juil. 19, 2026)
          [warning] my_design: Solutions have been invalidated. Undo to recover. (12:09:19  juil. 19, 2026)
          [error] Script macro error: Duplicate net name: 'ringp1' (12:09:21  juil. 19, 2026)
-- Message Window --
Stopping Batch Run: 12:09:26  juil. 19, 2026
 
Ansys Electronics Desktop Version 2023.1.0, Build: 2022-11-20 22:10:41
Location: C:\Program Files\AnsysEM\v231\Win64\ansysedt.exe
Non Graphical Mode: No Project??
Starting Batch Run: 12:09:33  juil. 19, 2026
Running as user: SEIFPC\hp
Temp directory: C:\Users\hp\AppData\Local\Temp
Project directory: C:\Users\hp\Documents\Ansoft
[warning] Electronics Desktop has found a recovery file for an unsaved project : Project3.aedt.auto
Please choose one of the following actions for this file: 
 Yes: Open the recovery file. 
 No: Discard the recovery file.
 Cancel: Leave the recovery file on disk ( this prompt will reappear during the next application start) .
The project 'my_project' has been edited and/or solved. Do you want to save the changes?
-- Message Window --
      *Global - Messages
        [warning] Electronics Desktop has found a recovery file for an unsaved project : Project3.aedt.auto Please choose one of the following actions for this file:   Yes: Open the recovery file.   No: Discard the recovery file.  Cancel: Leave the recovery file on disk ( this prompt will reappear during the next application start) .
        [info] GRPC server running on port: 2974. 
        [info] The project 'my_project' has been edited and/or solved. Do you want to save the changes?
      my_project (C:/Users/hp/Documents/Ansoft/)
        my_design
          [info] Import Native Bodies: Imported bodies have been scaled to model units. Please analyze the model. (12:09:45  juil. 19, 2026)
          [info] Solution 'CapSetup : CapSweep', CG interpolating sweep is converged. (12:10:14  juil. 19, 2026)
          [info] Normal completion of simulation on server: Local Machine. (12:10:15  juil. 19, 2026)
          [error] Script macro error: Report Type name does NOT exists in the solution. (12:10:15  juil. 19, 2026)
          [info] Import Native Bodies: Imported bodies have been scaled to model units. Please analyze the model. (12:11:02  juil. 19, 2026)
          [info] 'ringp1' is a duplicate name. Part named 'ringp1' has been renamed to 'ringp1_1'. (12:11:02  juil. 19, 2026)
          [info] 'ringp2' is a duplicate name. Part named 'ringp2' has been renamed to 'ringp2_1'. (12:11:02  juil. 19, 2026)
          [info] 'ringp3' is a duplicate name. Part named 'ringp3' has been renamed to 'ringp3_1'. (12:11:02  juil. 19, 2026)
          [info] 'ringp4' is a duplicate name. Part named 'ringp4' has been renamed to 'ringp4_1'. (12:11:02  juil. 19, 2026)
          [info] 'ringp5' is a duplicate name. Part named 'ringp5' has been renamed to 'ringp5_1'. (12:11:02  juil. 19, 2026)
          [info] 'ringp6' is a duplicate name. Part named 'ringp6' has been renamed to 'ringp6_1'. (12:11:02  juil. 19, 2026)
          [info] 'Core' is a duplicate name. Part named 'Core' has been renamed to 'Core_1'. (12:11:02  juil. 19, 2026)
          [info] 'pinsulator_0' is a duplicate name. Part named 'pinsulator_0' has been renamed to 'pinsulator_0_1'. (12:11:02  juil. 19, 2026)
          [info] 'pinsulator_1' is a duplicate name. Part named 'pinsulator_1' has been renamed to 'pinsulator_1_1'. (12:11:02  juil. 19, 2026)
          [info] 'primary_secondary_insulation' is a duplicate name. Part named 'primary_secondary_insulation' has been renamed to 'primary_secondary_insulation_1'. (12:11:02  juil. 19, 2026)
          [warning] my_design: Solutions have been invalidated. Undo to recover. (12:11:02  juil. 19, 2026)
          [error] Script macro error: Duplicate net name: 'ringp1' (12:11:04  juil. 19, 2026)
-- Message Window --
Stopping Batch Run: 12:11:08  juil. 19, 2026
 
Ansys Electronics Desktop Version 2023.1.0, Build: 2022-11-20 22:10:41
Location: C:\Program Files\AnsysEM\v231\Win64\ansysedt.exe
Non Graphical Mode: No Project??
Starting Batch Run: 12:11:13  juil. 19, 2026
Running as user: SEIFPC\hp
Temp directory: C:\Users\hp\AppData\Local\Temp
Project directory: C:\Users\hp\Documents\Ansoft
[warning] Electronics Desktop has found a recovery file for an unsaved project : Project3.aedt.auto
Please choose one of the following actions for this file: 
 Yes: Open the recovery file. 
 No: Discard the recovery file.
 Cancel: Leave the recovery file on disk ( this prompt will reappear during the next application start) .
The project 'my_project' has been edited and/or solved. Do you want to save the changes?
-- Message Window --
      *Global - Messages
        [warning] Electronics Desktop has found a recovery file for an unsaved project : Project3.aedt.auto Please choose one of the following actions for this file:   Yes: Open the recovery file.   No: Discard the recovery file.  Cancel: Leave the recovery file on disk ( this prompt will reappear during the next application start) .
        [info] GRPC server running on port: 9414. 
        [info] The project 'my_project' has been edited and/or solved. Do you want to save the changes?
      my_project (C:/Users/hp/Documents/Ansoft/)
        my_design
          [info] Import Native Bodies: Imported bodies have been scaled to model units. Please analyze the model. (12:11:28  juil. 19, 2026)
          [info] Solution 'CapSetup : CapSweep', CG interpolating sweep is converged. (12:11:58  juil. 19, 2026)
          [info] Normal completion of simulation on server: Local Machine. (12:12:00  juil. 19, 2026)
          [error] Script macro error: Report Type name does NOT exists in the solution. (12:12:00  juil. 19, 2026)
-- Message Window --
Stopping Batch Run: 12:12:12  juil. 19, 2026
 
Ansys Electronics Desktop Version 2023.1.0, Build: 2022-11-20 22:10:41
Location: C:\Program Files\AnsysEM\v231\Win64\ansysedt.exe
Non Graphical Mode: No Project??
Starting Batch Run: 12:15:07  juil. 19, 2026
Running as user: SEIFPC\hp
Temp directory: C:\Users\hp\AppData\Local\Temp
Project directory: C:\Users\hp\Documents\Ansoft
[warning] Electronics Desktop has found a recovery file for an unsaved project : Project3.aedt.auto
Please choose one of the following actions for this file: 
 Yes: Open the recovery file. 
 No: Discard the recovery file.
 Cancel: Leave the recovery file on disk ( this prompt will reappear during the next application start) .
The project 'my_project' has been edited and/or solved. Do you want to save the changes?
-- Message Window --
      *Global - Messages
        [warning] Electronics Desktop has found a recovery file for an unsaved project : Project3.aedt.auto Please choose one of the following actions for this file:   Yes: Open the recovery file.   No: Discard the recovery file.  Cancel: Leave the recovery file on disk ( this prompt will reappear during the next application start) .
        [info] GRPC server running on port: 14969. 
        [info] The project 'my_project' has been edited and/or solved. Do you want to save the changes?
      my_project (C:/Users/hp/Documents/Ansoft/)
        my_design
          [info] Import Native Bodies: Imported bodies have been scaled to model units. Please analyze the model. (12:15:21  juil. 19, 2026)
          [info] Solution 'CapSetup : CapSweep', CG interpolating sweep is converged. (12:15:50  juil. 19, 2026)
          [info] Normal completion of simulation on server: Local Machine. (12:15:50  juil. 19, 2026)
          [error] Script macro error: Report Type name does NOT exists in the solution. (12:15:51  juil. 19, 2026)
          [error] Script macro error: Report Type name does NOT exists in the solution. (12:15:51  juil. 19, 2026)
-- Message Window --
Stopping Batch Run: 12:16:55  juil. 19, 2026
 
Ansys Electronics Desktop Version 2023.1.0, Build: 2022-11-20 22:10:41
Location: C:\Program Files\AnsysEM\v231\Win64\ansysedt.exe
Non Graphical Mode: No Project??
Starting Batch Run: 12:17:39  juil. 19, 2026
Running as user: SEIFPC\hp
Temp directory: C:\Users\hp\AppData\Local\Temp
Project directory: C:\Users\hp\Documents\Ansoft
[warning] Electronics Desktop has found a recovery file for an unsaved project : Project3.aedt.auto
Please choose one of the following actions for this file: 
 Yes: Open the recovery file. 
 No: Discard the recovery file.
 Cancel: Leave the recovery file on disk ( this prompt will reappear during the next application start) .
The project 'my_project' has been edited and/or solved. Do you want to save the changes?
-- Message Window --
      *Global - Messages
        [warning] Electronics Desktop has found a recovery file for an unsaved project : Project3.aedt.auto Please choose one of the following actions for this file:   Yes: Open the recovery file.   No: Discard the recovery file.  Cancel: Leave the recovery file on disk ( this prompt will reappear during the next application start) .
        [info] GRPC server running on port: 6323. 
        [info] The project 'my_project' has been edited and/or solved. Do you want to save the changes?
      my_project (C:/Users/hp/Documents/Ansoft/)
        my_design
          [info] Import Native Bodies: Imported bodies have been scaled to model units. Please analyze the model. (12:17:56  juil. 19, 2026)
          [info] Solution 'CapSetup : CapSweep', CG interpolating sweep is converged. (12:19:01  juil. 19, 2026)
          [info] Normal completion of simulation on server: Local Machine. (12:19:02  juil. 19, 2026)
          [error] Script macro error: Report Type name does NOT exists in the solution. (12:19:02  juil. 19, 2026)
-- Message Window --
Stopping Batch Run: 12:20:34  juil. 19, 2026
 
Ansys Electronics Desktop Version 2023.1.0, Build: 2022-11-20 22:10:41
Location: C:\Program Files\AnsysEM\v231\Win64\ansysedt.exe
Non Graphical Mode: No Project??
Starting Batch Run: 12:20:39  juil. 19, 2026
Running as user: SEIFPC\hp
Temp directory: C:\Users\hp\AppData\Local\Temp
Project directory: C:\Users\hp\Documents\Ansoft
[warning] Electronics Desktop has found a recovery file for an unsaved project : Project3.aedt.auto
Please choose one of the following actions for this file: 
 Yes: Open the recovery file. 
 No: Discard the recovery file.
 Cancel: Leave the recovery file on disk ( this prompt will reappear during the next application start) .
The project 'my_project' has been edited and/or solved. Do you want to save the changes?
-- Message Window --
      *Global - Messages
        [warning] Electronics Desktop has found a recovery file for an unsaved project : Project3.aedt.auto Please choose one of the following actions for this file:   Yes: Open the recovery file.   No: Discard the recovery file.  Cancel: Leave the recovery file on disk ( this prompt will reappear during the next application start) .
        [info] GRPC server running on port: 6356. 
        [info] The project 'my_project' has been edited and/or solved. Do you want to save the changes?
      my_project (C:/Users/hp/Documents/Ansoft/)
        my_design
          [info] Import Native Bodies: Imported bodies have been scaled to model units. Please analyze the model. (12:20:53  juil. 19, 2026)
          [info] Solution 'CapSetup : CapSweep', CG interpolating sweep is converged. (12:21:26  juil. 19, 2026)
          [info] Normal completion of simulation on server: Local Machine. (12:21:27  juil. 19, 2026)
-- Message Window --
Stopping Batch Run: 12:24:28  juil. 19, 2026
 
Ansys Electronics Desktop Version 2023.1.0, Build: 2022-11-20 22:10:41
Location: C:\Program Files\AnsysEM\v231\Win64\ansysedt.exe
Non Graphical Mode: No Project??
Starting Batch Run: 12:24:43  juil. 19, 2026
Running as user: SEIFPC\hp
Temp directory: C:\Users\hp\AppData\Local\Temp
Project directory: C:\Users\hp\Documents\Ansoft
[warning] Electronics Desktop has found a recovery file for an unsaved project : Project3.aedt.auto
Please choose one of the following actions for this file: 
 Yes: Open the recovery file. 
 No: Discard the recovery file.
 Cancel: Leave the recovery file on disk ( this prompt will reappear during the next application start) .
The project 'my_project' has been edited and/or solved. Do you want to save the changes?
-- Message Window --
      *Global - Messages
        [warning] Electronics Desktop has found a recovery file for an unsaved project : Project3.aedt.auto Please choose one of the following actions for this file:   Yes: Open the recovery file.   No: Discard the recovery file.  Cancel: Leave the recovery file on disk ( this prompt will reappear during the next application start) .
        [info] GRPC server running on port: 6866. 
        [info] The project 'my_project' has been edited and/or solved. Do you want to save the changes?
      my_project (C:/Users/hp/Documents/Ansoft/)
        my_design
          [info] Import Native Bodies: Imported bodies have been scaled to model units. Please analyze the model. (12:24:58  juil. 19, 2026)
          [info] Solution 'CapSetup : CapSweep', CG interpolating sweep is converged. (12:25:28  juil. 19, 2026)
          [info] Normal completion of simulation on server: Local Machine. (12:25:30  juil. 19, 2026)
-- Message Window --
Stopping Batch Run: 12:27:41  juil. 19, 2026
 
Ansys Electronics Desktop Version 2023.1.0, Build: 2022-11-20 22:10:41
Location: C:\Program Files\AnsysEM\v231\Win64\ansysedt.exe
Non Graphical Mode: No Project??
Starting Batch Run: 12:27:52  juil. 19, 2026
Running as user: SEIFPC\hp
Temp directory: C:\Users\hp\AppData\Local\Temp
Project directory: C:\Users\hp\Documents\Ansoft
[warning] Electronics Desktop has found a recovery file for an unsaved project : Project3.aedt.auto
Please choose one of the following actions for this file: 
 Yes: Open the recovery file. 
 No: Discard the recovery file.
 Cancel: Leave the recovery file on disk ( this prompt will reappear during the next application start) .
The project 'my_project' has been edited and/or solved. Do you want to save the changes?
-- Message Window --
      *Global - Messages
        [warning] Electronics Desktop has found a recovery file for an unsaved project : Project3.aedt.auto Please choose one of the following actions for this file:   Yes: Open the recovery file.   No: Discard the recovery file.  Cancel: Leave the recovery file on disk ( this prompt will reappear during the next application start) .
        [info] GRPC server running on port: 9779. 
        [info] The project 'my_project' has been edited and/or solved. Do you want to save the changes?
      my_project (C:/Users/hp/Documents/Ansoft/)
        my_design
          [info] Import Native Bodies: Imported bodies have been scaled to model units. Please analyze the model. (12:28:06  juil. 19, 2026)
          [info] Solution 'CapSetup : CapSweep', CG interpolating sweep is converged. (12:28:37  juil. 19, 2026)
          [info] Normal completion of simulation on server: Local Machine. (12:28:38  juil. 19, 2026)
          [error] Script macro error: Report Type name does NOT exists in the solution. (12:28:39  juil. 19, 2026)
-- Message Window --
Stopping Batch Run: 12:29:03  juil. 19, 2026
 
Ansys Electronics Desktop Version 2023.1.0, Build: 2022-11-20 22:10:41
Location: C:\Program Files\AnsysEM\v231\Win64\ansysedt.exe
Non Graphical Mode: No Project??
Starting Batch Run: 12:29:08  juil. 19, 2026
Running as user: SEIFPC\hp
Temp directory: C:\Users\hp\AppData\Local\Temp
Project directory: C:\Users\hp\Documents\Ansoft
[warning] Electronics Desktop has found a recovery file for an unsaved project : Project3.aedt.auto
Please choose one of the following actions for this file: 
 Yes: Open the recovery file. 
 No: Discard the recovery file.
 Cancel: Leave the recovery file on disk ( this prompt will reappear during the next application start) .
The project 'my_project' has been edited and/or solved. Do you want to save the changes?
-- Message Window --
      *Global - Messages
        [warning] Electronics Desktop has found a recovery file for an unsaved project : Project3.aedt.auto Please choose one of the following actions for this file:   Yes: Open the recovery file.   No: Discard the recovery file.  Cancel: Leave the recovery file on disk ( this prompt will reappear during the next application start) .
        [info] GRPC server running on port: 6145. 
        [info] The project 'my_project' has been edited and/or solved. Do you want to save the changes?
      my_project (C:/Users/hp/Documents/Ansoft/)
        my_design
          [info] Import Native Bodies: Imported bodies have been scaled to model units. Please analyze the model. (12:29:23  juil. 19, 2026)
          [info] Solution 'CapSetup : CapSweep', CG interpolating sweep is converged. (12:29:58  juil. 19, 2026)
          [info] Normal completion of simulation on server: Local Machine. (12:29:59  juil. 19, 2026)
-- Message Window --
Stopping Batch Run: 12:31:15  juil. 19, 2026
 
Ansys Electronics Desktop Version 2023.1.0, Build: 2022-11-20 22:10:41
Location: C:\Program Files\AnsysEM\v231\Win64\ansysedt.exe
Non Graphical Mode: No Project??
Starting Batch Run: 12:32:27  juil. 19, 2026
Running as user: SEIFPC\hp
Temp directory: C:\Users\hp\AppData\Local\Temp
Project directory: C:\Users\hp\Documents\Ansoft
[warning] Electronics Desktop has found a recovery file for an unsaved project : Project3.aedt.auto
Please choose one of the following actions for this file: 
 Yes: Open the recovery file. 
 No: Discard the recovery file.
 Cancel: Leave the recovery file on disk ( this prompt will reappear during the next application start) .
The project 'my_project' has been edited and/or solved. Do you want to save the changes?
-- Message Window --
      *Global - Messages
        [warning] Electronics Desktop has found a recovery file for an unsaved project : Project3.aedt.auto Please choose one of the following actions for this file:   Yes: Open the recovery file.   No: Discard the recovery file.  Cancel: Leave the recovery file on disk ( this prompt will reappear during the next application start) .
        [info] GRPC server running on port: 11886. 
        [info] The project 'my_project' has been edited and/or solved. Do you want to save the changes?
      my_project (C:/Users/hp/Documents/Ansoft/)
        my_design
          [info] Import Native Bodies: Imported bodies have been scaled to model units. Please analyze the model. (12:32:40  juil. 19, 2026)
          [info] Solution 'CapSetup : CapSweep', CG interpolating sweep is converged. (12:33:11  juil. 19, 2026)
          [info] Normal completion of simulation on server: Local Machine. (12:33:12  juil. 19, 2026)
-- Message Window --
Stopping Batch Run: 12:34:01  juil. 19, 2026
 
Ansys Electronics Desktop Version 2023.1.0, Build: 2022-11-20 22:10:41
Location: C:\Program Files\AnsysEM\v231\Win64\ansysedt.exe
Non Graphical Mode: No Project??
Starting Batch Run: 12:34:13  juil. 19, 2026
Running as user: SEIFPC\hp
Temp directory: C:\Users\hp\AppData\Local\Temp
Project directory: C:\Users\hp\Documents\Ansoft
[warning] Electronics Desktop has found a recovery file for an unsaved project : Project3.aedt.auto
Please choose one of the following actions for this file: 
 Yes: Open the recovery file. 
 No: Discard the recovery file.
 Cancel: Leave the recovery file on disk ( this prompt will reappear during the next application start) .
 
Ansys Electronics Desktop Version 2023.1.0, Build: 2022-11-20 22:10:41
Location: C:\Program Files\AnsysEM\v231\Win64\ansysedt.exe
Non Graphical Mode: No Project??
Starting Batch Run: 12:35:20  juil. 19, 2026
Running as user: SEIFPC\hp
Temp directory: C:\Users\hp\AppData\Local\Temp
Project directory: C:\Users\hp\Documents\Ansoft
[warning] Electronics Desktop has found a recovery file for an unsaved project : Project3.aedt.auto
Please choose one of the following actions for this file: 
 Yes: Open the recovery file. 
 No: Discard the recovery file.
 Cancel: Leave the recovery file on disk ( this prompt will reappear during the next application start) .
 
Ansys Electronics Desktop Version 2023.1.0, Build: 2022-11-20 22:10:41
Location: C:\Program Files\AnsysEM\v231\Win64\ansysedt.exe
Non Graphical Mode: No Project??
Starting Batch Run: 12:36:39  juil. 19, 2026
Running as user: SEIFPC\hp
Temp directory: C:\Users\hp\AppData\Local\Temp
Project directory: C:\Users\hp\Documents\Ansoft
[warning] Electronics Desktop has found a recovery file for an unsaved project : Project3.aedt.auto
Please choose one of the following actions for this file: 
 Yes: Open the recovery file. 
 No: Discard the recovery file.
 Cancel: Leave the recovery file on disk ( this prompt will reappear during the next application start) .
-- Message Window --
      *Global - Messages
        [warning] Electronics Desktop has found a recovery file for an unsaved project : Project3.aedt.auto Please choose one of the following actions for this file:   Yes: Open the recovery file.   No: Discard the recovery file.  Cancel: Leave the recovery file on disk ( this prompt will reappear during the next application start) .
        [info] GRPC server running on port: 6432. 
-- Message Window --
Stopping Batch Run: 12:37:07  juil. 19, 2026
 
Ansys Electronics Desktop Version 2023.1.0, Build: 2022-11-20 22:10:41
Location: C:\Program Files\AnsysEM\v231\Win64\ansysedt.exe
Non Graphical Mode: No Project??
Starting Batch Run: 12:37:16  juil. 19, 2026
Running as user: SEIFPC\hp
Temp directory: C:\Users\hp\AppData\Local\Temp
Project directory: C:\Users\hp\Documents\Ansoft
[warning] Electronics Desktop has found a recovery file for an unsaved project : Project3.aedt.auto
Please choose one of the following actions for this file: 
 Yes: Open the recovery file. 
 No: Discard the recovery file.
 Cancel: Leave the recovery file on disk ( this prompt will reappear during the next application start) .
The project 'my_project' has been edited and/or solved. Do you want to save the changes?
-- Message Window --
      *Global - Messages
        [warning] Electronics Desktop has found a recovery file for an unsaved project : Project3.aedt.auto Please choose one of the following actions for this file:   Yes: Open the recovery file.   No: Discard the recovery file.  Cancel: Leave the recovery file on disk ( this prompt will reappear during the next application start) .
        [info] GRPC server running on port: 12534. 
        [info] The project 'my_project' has been edited and/or solved. Do you want to save the changes?
      my_project (C:/Users/hp/Documents/Ansoft/)
        my_design
          [info] Import Native Bodies: Imported bodies have been scaled to model units. Please analyze the model. (12:37:30  juil. 19, 2026)
          [info] Solution 'CapSetup : CapSweep', CG interpolating sweep is converged. (12:38:00  juil. 19, 2026)
          [info] Normal completion of simulation on server: Local Machine. (12:38:01  juil. 19, 2026)
-- Message Window --
Stopping Batch Run: 12:39:02  juil. 19, 2026
 
Ansys Electronics Desktop Version 2023.1.0, Build: 2022-11-20 22:10:41
Location: C:\Program Files\AnsysEM\v231\Win64\ansysedt.exe
Non Graphical Mode: No Project??
Starting Batch Run: 12:42:46  juil. 19, 2026
Running as user: SEIFPC\hp
Temp directory: C:\Users\hp\AppData\Local\Temp
Project directory: C:\Users\hp\Documents\Ansoft
[warning] Electronics Desktop has found a recovery file for an unsaved project : Project3.aedt.auto
Please choose one of the following actions for this file: 
 Yes: Open the recovery file. 
 No: Discard the recovery file.
 Cancel: Leave the recovery file on disk ( this prompt will reappear during the next application start) .
The project 'my_project' has been edited and/or solved. Do you want to save the changes?
-- Message Window --
      *Global - Messages
        [warning] Electronics Desktop has found a recovery file for an unsaved project : Project3.aedt.auto Please choose one of the following actions for this file:   Yes: Open the recovery file.   No: Discard the recovery file.  Cancel: Leave the recovery file on disk ( this prompt will reappear during the next application start) .
        [info] GRPC server running on port: 12197. 
        [info] The project 'my_project' has been edited and/or solved. Do you want to save the changes?
      my_project (C:/Users/hp/Documents/Ansoft/)
        my_design
          [info] Import Native Bodies: Imported bodies have been scaled to model units. Please analyze the model. (12:42:59  juil. 19, 2026)
          [info] Solution 'CapSetup : CapSweep', CG interpolating sweep is converged. (12:43:29  juil. 19, 2026)
          [info] Normal completion of simulation on server: Local Machine. (12:43:29  juil. 19, 2026)
          [warning] my_design: Solutions have been invalidated. Undo to recover. (12:43:32  juil. 19, 2026)
          [error] Script macro error: Name is not a property name. (12:43:33  juil. 19, 2026)
          [error] Script macro error: Type is not a property name. (12:43:33  juil. 19, 2026)
          [warning] Setup 'InducSetup': Please include a DC RL solution in order to obtain an accurate AC RL sweep result. (12:43:38  juil. 19, 2026)
          [warning] Adaptive Passes for AC R/L did not converge based on specified criteria. (12:46:01  juil. 19, 2026)
          [info] Normal completion of simulation on server: Local Machine. (12:46:03  juil. 19, 2026)
-- Message Window --
Stopping Batch Run: 12:51:57  juil. 19, 2026
 
Ansys Electronics Desktop Version 2023.1.0, Build: 2022-11-20 22:10:41
Location: C:\Program Files\AnsysEM\v231\Win64\ansysedt.exe
Non Graphical Mode: No Project??
Starting Batch Run: 12:52:07  juil. 19, 2026
Running as user: SEIFPC\hp
Temp directory: C:\Users\hp\AppData\Local\Temp
Project directory: C:\Users\hp\Documents\Ansoft
[warning] Electronics Desktop has found a recovery file for an unsaved project : Project3.aedt.auto
Please choose one of the following actions for this file: 
 Yes: Open the recovery file. 
 No: Discard the recovery file.
 Cancel: Leave the recovery file on disk ( this prompt will reappear during the next application start) .
The project 'my_project' has been edited and/or solved. Do you want to save the changes?
-- Message Window --
      *Global - Messages
        [warning] Electronics Desktop has found a recovery file for an unsaved project : Project3.aedt.auto Please choose one of the following actions for this file:   Yes: Open the recovery file.   No: Discard the recovery file.  Cancel: Leave the recovery file on disk ( this prompt will reappear during the next application start) .
        [info] GRPC server running on port: 10050. 
        [info] The project 'my_project' has been edited and/or solved. Do you want to save the changes?
      my_project (C:/Users/hp/Documents/Ansoft/)
        my_design
          [info] Import Native Bodies: Imported bodies have been scaled to model units. Please analyze the model. (12:52:25  juil. 19, 2026)
          [info] Solution 'CapSetup : CapSweep', CG interpolating sweep is converged. (12:52:59  juil. 19, 2026)
          [info] Normal completion of simulation on server: Local Machine. (12:53:02  juil. 19, 2026)
-- Message Window --
Stopping Batch Run: 12:55:26  juil. 19, 2026
 
Ansys Electronics Desktop Version 2023.1.0, Build: 2022-11-20 22:10:41
Location: C:\Program Files\AnsysEM\v231\Win64\ansysedt.exe
Non Graphical Mode: No Project??
Starting Batch Run: 1:08:57  juil. 19, 2026
Running as user: SEIFPC\hp
Temp directory: C:\Users\hp\AppData\Local\Temp
Project directory: C:\Users\hp\Documents\Ansoft
[warning] Electronics Desktop has found a recovery file for an unsaved project : Project3.aedt.auto
Please choose one of the following actions for this file: 
 Yes: Open the recovery file. 
 No: Discard the recovery file.
 Cancel: Leave the recovery file on disk ( this prompt will reappear during the next application start) .
The project 'my_project' has been edited and/or solved. Do you want to save the changes?
-- Message Window --
      *Global - Messages
        [warning] Electronics Desktop has found a recovery file for an unsaved project : Project3.aedt.auto Please choose one of the following actions for this file:   Yes: Open the recovery file.   No: Discard the recovery file.  Cancel: Leave the recovery file on disk ( this prompt will reappear during the next application start) .
        [info] GRPC server running on port: 2088. 
        [info] The project 'my_project' has been edited and/or solved. Do you want to save the changes?
      my_project (C:/Users/hp/Documents/Ansoft/)
        my_design
          [info] Import Native Bodies: Imported bodies have been scaled to model units. Please analyze the model. (1:09:15  juil. 19, 2026)
          [info] Solution 'CapSetup : CapSweep', CG interpolating sweep is converged. (1:09:50  juil. 19, 2026)
          [info] Normal completion of simulation on server: Local Machine. (1:09:53  juil. 19, 2026)
-- Message Window --
Stopping Batch Run: 1:11:45  juil. 19, 2026
 
Ansys Electronics Desktop Version 2023.1.0, Build: 2022-11-20 22:10:41
Location: C:\Program Files\AnsysEM\v231\Win64\ansysedt.exe
Non Graphical Mode: No Project??
Starting Batch Run: 1:11:53  juil. 19, 2026
Running as user: SEIFPC\hp
Temp directory: C:\Users\hp\AppData\Local\Temp
Project directory: C:\Users\hp\Documents\Ansoft
[warning] Electronics Desktop has found a recovery file for an unsaved project : Project3.aedt.auto
Please choose one of the following actions for this file: 
 Yes: Open the recovery file. 
 No: Discard the recovery file.
 Cancel: Leave the recovery file on disk ( this prompt will reappear during the next application start) .
The project 'my_project' has been edited and/or solved. Do you want to save the changes?
-- Message Window --
      *Global - Messages
        [warning] Electronics Desktop has found a recovery file for an unsaved project : Project3.aedt.auto Please choose one of the following actions for this file:   Yes: Open the recovery file.   No: Discard the recovery file.  Cancel: Leave the recovery file on disk ( this prompt will reappear during the next application start) .
        [info] GRPC server running on port: 14017. 
        [info] The project 'my_project' has been edited and/or solved. Do you want to save the changes?
      my_project (C:/Users/hp/Documents/Ansoft/)
        my_design
          [info] Import Native Bodies: Imported bodies have been scaled to model units. Please analyze the model. (1:12:06  juil. 19, 2026)
          [info] Solution 'CapSetup : CapSweep', CG interpolating sweep is converged. (1:12:40  juil. 19, 2026)
          [info] Normal completion of simulation on server: Local Machine. (1:12:42  juil. 19, 2026)
-- Message Window --
Stopping Batch Run: 1:18:37  juil. 19, 2026
 
Ansys Electronics Desktop Version 2023.1.0, Build: 2022-11-20 22:10:41
Location: C:\Program Files\AnsysEM\v231\Win64\ansysedt.exe
Non Graphical Mode: No Project??
Starting Batch Run: 1:18:48  juil. 19, 2026
Running as user: SEIFPC\hp
Temp directory: C:\Users\hp\AppData\Local\Temp
Project directory: C:\Users\hp\Documents\Ansoft
[warning] Electronics Desktop has found a recovery file for an unsaved project : Project3.aedt.auto
Please choose one of the following actions for this file: 
 Yes: Open the recovery file. 
 No: Discard the recovery file.
 Cancel: Leave the recovery file on disk ( this prompt will reappear during the next application start) .
The project 'my_project' has been edited and/or solved. Do you want to save the changes?
-- Message Window --
      *Global - Messages
        [warning] Electronics Desktop has found a recovery file for an unsaved project : Project3.aedt.auto Please choose one of the following actions for this file:   Yes: Open the recovery file.   No: Discard the recovery file.  Cancel: Leave the recovery file on disk ( this prompt will reappear during the next application start) .
        [info] GRPC server running on port: 4279. 
        [info] The project 'my_project' has been edited and/or solved. Do you want to save the changes?
      my_project (C:/Users/hp/Documents/Ansoft/)
        my_design
          [info] Import Native Bodies: Imported bodies have been scaled to model units. Please analyze the model. (1:19:01  juil. 19, 2026)
          [info] Solution 'CapSetup : CapSweep', CG interpolating sweep is converged. (1:19:36  juil. 19, 2026)
          [info] Normal completion of simulation on server: Local Machine. (1:19:39  juil. 19, 2026)
-- Message Window --
Stopping Batch Run: 1:21:08  juil. 19, 2026
 
Ansys Electronics Desktop Version 2023.1.0, Build: 2022-11-20 22:10:41
Location: C:\Program Files\AnsysEM\v231\Win64\ansysedt.exe
Non Graphical Mode: No Project??
Starting Batch Run: 1:21:15  juil. 19, 2026
Running as user: SEIFPC\hp
Temp directory: C:\Users\hp\AppData\Local\Temp
Project directory: C:\Users\hp\Documents\Ansoft
[warning] Electronics Desktop has found a recovery file for an unsaved project : Project3.aedt.auto
Please choose one of the following actions for this file: 
 Yes: Open the recovery file. 
 No: Discard the recovery file.
 Cancel: Leave the recovery file on disk ( this prompt will reappear during the next application start) .
The project 'my_project' has been edited and/or solved. Do you want to save the changes?
-- Message Window --
      *Global - Messages
        [warning] Electronics Desktop has found a recovery file for an unsaved project : Project3.aedt.auto Please choose one of the following actions for this file:   Yes: Open the recovery file.   No: Discard the recovery file.  Cancel: Leave the recovery file on disk ( this prompt will reappear during the next application start) .
        [info] GRPC server running on port: 10542. 
        [info] The project 'my_project' has been edited and/or solved. Do you want to save the changes?
      my_project (C:/Users/hp/Documents/Ansoft/)
        my_design
          [info] Import Native Bodies: Imported bodies have been scaled to model units. Please analyze the model. (1:21:28  juil. 19, 2026)
          [info] Solution 'CapSetup : CapSweep', CG interpolating sweep is converged. (1:21:59  juil. 19, 2026)
          [info] Normal completion of simulation on server: Local Machine. (1:22:02  juil. 19, 2026)
-- Message Window --
Stopping Batch Run: 1:22:58  juil. 19, 2026
 
Ansys Electronics Desktop Version 2023.1.0, Build: 2022-11-20 22:10:41
Location: C:\Program Files\AnsysEM\v231\Win64\ansysedt.exe
Non Graphical Mode: No Project??
Starting Batch Run: 1:23:06  juil. 19, 2026
Running as user: SEIFPC\hp
Temp directory: C:\Users\hp\AppData\Local\Temp
Project directory: C:\Users\hp\Documents\Ansoft
[warning] Electronics Desktop has found a recovery file for an unsaved project : Project3.aedt.auto
Please choose one of the following actions for this file: 
 Yes: Open the recovery file. 
 No: Discard the recovery file.
 Cancel: Leave the recovery file on disk ( this prompt will reappear during the next application start) .
The project 'my_project' has been edited and/or solved. Do you want to save the changes?
-- Message Window --
      *Global - Messages
        [warning] Electronics Desktop has found a recovery file for an unsaved project : Project3.aedt.auto Please choose one of the following actions for this file:   Yes: Open the recovery file.   No: Discard the recovery file.  Cancel: Leave the recovery file on disk ( this prompt will reappear during the next application start) .
        [info] GRPC server running on port: 1467. 
        [info] The project 'my_project' has been edited and/or solved. Do you want to save the changes?
      my_project (C:/Users/hp/Documents/Ansoft/)
        my_design
          [info] Import Native Bodies: Imported bodies have been scaled to model units. Please analyze the model. (1:23:19  juil. 19, 2026)
          [info] Solution 'CapSetup : CapSweep', CG interpolating sweep is converged. (1:23:53  juil. 19, 2026)
          [info] Normal completion of simulation on server: Local Machine. (1:23:56  juil. 19, 2026)
          [error] Script macro error: CG[Solution Order/Choices] is not a property name. (1:23:56  juil. 19, 2026)
          [error] Script macro error: DC[Solution Order/Choices] is not a property name. (1:23:56  juil. 19, 2026)
          [error] Script macro error: CG[Solution Order/Choices] is not a property name. (1:23:56  juil. 19, 2026)
          [error] Script macro error: DC[Solution Order/Choices] is not a property name. (1:23:56  juil. 19, 2026)
          [warning] The variable  'Phase' doesn't have an associated sweep and is excluded from the definition of trace. (1:23:57  juil. 19, 2026)
          [warning] my_design: Solutions have been invalidated. Undo to recover. (1:24:08  juil. 19, 2026)
          [error] Script macro error: Name is not a property name. (1:24:08  juil. 19, 2026)
          [error] Script macro error: Type is not a property name. (1:24:09  juil. 19, 2026)
          [warning] Setup 'InducSetup': Please include a DC RL solution in order to obtain an accurate AC RL sweep result. (1:24:33  juil. 19, 2026)
          [warning] Adaptive Passes for AC R/L did not converge based on specified criteria. (1:26:36  juil. 19, 2026)
          [info] Normal completion of simulation on server: Local Machine. (1:26:37  juil. 19, 2026)
          [error] Script macro error: Auto Increase Solution Order is not a property name. (1:26:38  juil. 19, 2026)
          [error] Script macro error: CG[Solution Order/Choices] is not a property name. (1:26:38  juil. 19, 2026)
          [error] Script macro error: Solver Type is not a property name. (1:26:38  juil. 19, 2026)
          [error] Script macro error: Max. Passes (Conduction) is not a property name. (1:26:38  juil. 19, 2026)
          [error] Script macro error: Min. Passes (Conduction) is not a property name. (1:26:38  juil. 19, 2026)
          [error] Script macro error: Min. Converged Passes (Conduction) is not a property name. (1:26:38  juil. 19, 2026)
          [error] Script macro error: Percent Error (Conduction) is not a property name. (1:26:38  juil. 19, 2026)
          [error] Script macro error: Percent Refine (Conduction) is not a property name. (1:26:39  juil. 19, 2026)
          [error] Script macro error: Max. Passes (Multipole) is not a property name. (1:26:39  juil. 19, 2026)
          [error] Script macro error: Min. Passes (Multipole) is not a property name. (1:26:39  juil. 19, 2026)
          [error] Script macro error: Min. Converged Passes (Multipole) is not a property name. (1:26:39  juil. 19, 2026)
          [error] Script macro error: Percent Error (Multipole) is not a property name. (1:26:39  juil. 19, 2026)
          [error] Script macro error: Percent Refine (Multipole) is not a property name. (1:26:39  juil. 19, 2026)
          [error] Script macro error: DC[Solution Order/Choices] is not a property name. (1:26:39  juil. 19, 2026)
          [error] Script macro error: Auto Increase Solution Order is not a property name. (1:26:40  juil. 19, 2026)
          [error] Script macro error: CG[Solution Order/Choices] is not a property name. (1:26:40  juil. 19, 2026)
          [error] Script macro error: Solver Type is not a property name. (1:26:40  juil. 19, 2026)
          [error] Script macro error: Max. Passes (Conduction) is not a property name. (1:26:40  juil. 19, 2026)
          [error] Script macro error: Min. Passes (Conduction) is not a property name. (1:26:40  juil. 19, 2026)
          [error] Script macro error: Min. Converged Passes (Conduction) is not a property name. (1:26:40  juil. 19, 2026)
          [error] Script macro error: Percent Error (Conduction) is not a property name. (1:26:40  juil. 19, 2026)
          [error] Script macro error: Percent Refine (Conduction) is not a property name. (1:26:40  juil. 19, 2026)
          [error] Script macro error: Max. Passes (Multipole) is not a property name. (1:26:41  juil. 19, 2026)
          [error] Script macro error: Min. Passes (Multipole) is not a property name. (1:26:41  juil. 19, 2026)
          [error] Script macro error: Min. Converged Passes (Multipole) is not a property name. (1:26:41  juil. 19, 2026)
          [error] Script macro error: Percent Error (Multipole) is not a property name. (1:26:41  juil. 19, 2026)
          [error] Script macro error: Percent Refine (Multipole) is not a property name. (1:26:41  juil. 19, 2026)
          [error] Script macro error: DC[Solution Order/Choices] is not a property name. (1:26:41  juil. 19, 2026)
          [warning] The variable  'Phase' doesn't have an associated sweep and is excluded from the definition of trace. (1:26:41  juil. 19, 2026)
          [error] Script macro error: Auto Increase Solution Order is not a property name. (1:26:42  juil. 19, 2026)
          [error] Script macro error: CG[Solution Order/Choices] is not a property name. (1:26:42  juil. 19, 2026)
          [error] Script macro error: Solver Type is not a property name. (1:26:42  juil. 19, 2026)
          [error] Script macro error: Max. Passes (Conduction) is not a property name. (1:26:42  juil. 19, 2026)
          [error] Script macro error: Min. Passes (Conduction) is not a property name. (1:26:42  juil. 19, 2026)
          [error] Script macro error: Min. Converged Passes (Conduction) is not a property name. (1:26:42  juil. 19, 2026)
          [error] Script macro error: Percent Error (Conduction) is not a property name. (1:26:42  juil. 19, 2026)
          [error] Script macro error: Percent Refine (Conduction) is not a property name. (1:26:43  juil. 19, 2026)
          [error] Script macro error: Max. Passes (Multipole) is not a property name. (1:26:43  juil. 19, 2026)
          [error] Script macro error: Min. Passes (Multipole) is not a property name. (1:26:43  juil. 19, 2026)
          [error] Script macro error: Min. Converged Passes (Multipole) is not a property name. (1:26:43  juil. 19, 2026)
          [error] Script macro error: Percent Error (Multipole) is not a property name. (1:26:43  juil. 19, 2026)
          [error] Script macro error: Percent Refine (Multipole) is not a property name. (1:26:43  juil. 19, 2026)
          [error] Script macro error: DC[Solution Order/Choices] is not a property name. (1:26:43  juil. 19, 2026)
          [error] Script macro error: Auto Increase Solution Order is not a property name. (1:26:44  juil. 19, 2026)
          [error] Script macro error: CG[Solution Order/Choices] is not a property name. (1:26:44  juil. 19, 2026)
          [error] Script macro error: Solver Type is not a property name. (1:26:44  juil. 19, 2026)
          [error] Script macro error: Max. Passes (Conduction) is not a property name. (1:26:44  juil. 19, 2026)
          [error] Script macro error: Min. Passes (Conduction) is not a property name. (1:26:44  juil. 19, 2026)
          [error] Script macro error: Min. Converged Passes (Conduction) is not a property name. (1:26:44  juil. 19, 2026)
          [error] Script macro error: Percent Error (Conduction) is not a property name. (1:26:44  juil. 19, 2026)
          [error] Script macro error: Percent Refine (Conduction) is not a property name. (1:26:45  juil. 19, 2026)
          [error] Script macro error: Max. Passes (Multipole) is not a property name. (1:26:45  juil. 19, 2026)
          [error] Script macro error: Min. Passes (Multipole) is not a property name. (1:26:45  juil. 19, 2026)
          [error] Script macro error: Min. Converged Passes (Multipole) is not a property name. (1:26:45  juil. 19, 2026)
          [error] Script macro error: Percent Error (Multipole) is not a property name. (1:26:45  juil. 19, 2026)
          [error] Script macro error: Percent Refine (Multipole) is not a property name. (1:26:45  juil. 19, 2026)
          [error] Script macro error: DC[Solution Order/Choices] is not a property name. (1:26:45  juil. 19, 2026)
          [warning] The variable  'Phase' doesn't have an associated sweep and is excluded from the definition of trace. (1:26:46  juil. 19, 2026)
-- Message Window --
Stopping Batch Run: 1:32:42  juil. 19, 2026
 
Ansys Electronics Desktop Version 2023.1.0, Build: 2022-11-20 22:10:41
Location: C:\Program Files\AnsysEM\v231\Win64\ansysedt.exe
Non Graphical Mode: No Project??
Starting Batch Run: 1:33:02  juil. 19, 2026
Running as user: SEIFPC\hp
Temp directory: C:\Users\hp\AppData\Local\Temp
Project directory: C:\Users\hp\Documents\Ansoft
[warning] Electronics Desktop has found a recovery file for an unsaved project : Project3.aedt.auto
Please choose one of the following actions for this file: 
 Yes: Open the recovery file. 
 No: Discard the recovery file.
 Cancel: Leave the recovery file on disk ( this prompt will reappear during the next application start) .
[warning] Electronics Desktop cannot be closed right now because it is being used by another application, script or extension wizard.

The project 'my_project' has been edited and/or solved. Do you want to save the changes?
-- Message Window --
      *Global - Messages
        [warning] Electronics Desktop has found a recovery file for an unsaved project : Project3.aedt.auto Please choose one of the following actions for this file:   Yes: Open the recovery file.   No: Discard the recovery file.  Cancel: Leave the recovery file on disk ( this prompt will reappear during the next application start) .
        [info] GRPC server running on port: 5875. 
        [warning] Electronics Desktop cannot be closed right now because it is being used by another application, script or extension wizard. 
        [warning] Electronics Desktop cannot be closed right now because it is being used by another application, script or extension wizard.
        [info] The project 'my_project' has been edited and/or solved. Do you want to save the changes?
      my_project (C:/Users/hp/Documents/Ansoft/)
        my_design
          [info] Import Native Bodies: Imported bodies have been scaled to model units. Please analyze the model. (1:33:19  juil. 19, 2026)
          [info] Solution 'CapSetup : CapSweep', CG interpolating sweep is converged. (1:34:05  juil. 19, 2026)
          [info] Normal completion of simulation on server: Local Machine. (1:34:07  juil. 19, 2026)
          [error] Script macro error: CG[Solution Order/Choices] is not a property name. (1:34:08  juil. 19, 2026)
          [error] Script macro error: DC[Solution Order/Choices] is not a property name. (1:34:08  juil. 19, 2026)
          [error] Script macro error: CG[Solution Order/Choices] is not a property name. (1:34:08  juil. 19, 2026)
          [error] Script macro error: DC[Solution Order/Choices] is not a property name. (1:34:08  juil. 19, 2026)
          [warning] The variable  'Phase' doesn't have an associated sweep and is excluded from the definition of trace. (1:34:08  juil. 19, 2026)
-- Message Window --
 
Ansys Electronics Desktop Version 2023.1.0, Build: 2022-11-20 22:10:41
Location: C:\Program Files\AnsysEM\v231\Win64\ansysedt.exe
Non Graphical Mode: No Project??
Starting Batch Run: 1:43:44  juil. 19, 2026
Running as user: SEIFPC\hp
Temp directory: C:\Users\hp\AppData\Local\Temp
Project directory: C:\Users\hp\Documents\Ansoft
[warning] Electronics Desktop has found a recovery file for an unsaved project : Project3.aedt.auto
Please choose one of the following actions for this file: 
 Yes: Open the recovery file. 
 No: Discard the recovery file.
 Cancel: Leave the recovery file on disk ( this prompt will reappear during the next application start) .
The project 'my_project' has been edited and/or solved. Do you want to save the changes?
-- Message Window --
      *Global - Messages
        [warning] Electronics Desktop has found a recovery file for an unsaved project : Project3.aedt.auto Please choose one of the following actions for this file:   Yes: Open the recovery file.   No: Discard the recovery file.  Cancel: Leave the recovery file on disk ( this prompt will reappear during the next application start) .
        [info] GRPC server running on port: 8955. 
        [info] The project 'my_project' has been edited and/or solved. Do you want to save the changes?
      my_project (C:/Users/hp/Documents/Ansoft/)
        my_design
          [info] Import Native Bodies: Imported bodies have been scaled to model units. Please analyze the model. (1:44:01  juil. 19, 2026)
          [info] Solution 'CapSetup : CapSweep', CG interpolating sweep is converged. (1:44:33  juil. 19, 2026)
          [info] Normal completion of simulation on server: Local Machine. (1:44:36  juil. 19, 2026)
          [error] Script macro error: CG[Solution Order/Choices] is not a property name. (1:44:36  juil. 19, 2026)
          [error] Script macro error: DC[Solution Order/Choices] is not a property name. (1:44:36  juil. 19, 2026)
          [error] Script macro error: CG[Solution Order/Choices] is not a property name. (1:44:37  juil. 19, 2026)
          [error] Script macro error: DC[Solution Order/Choices] is not a property name. (1:44:37  juil. 19, 2026)
          [warning] The variable  'Phase' doesn't have an associated sweep and is excluded from the definition of trace. (1:44:37  juil. 19, 2026)
-- Message Window --
Stopping Batch Run: 1:52:47  juil. 19, 2026
 
Ansys Electronics Desktop Version 2023.1.0, Build: 2022-11-20 22:10:41
Location: C:\Program Files\AnsysEM\v231\Win64\ansysedt.exe
Non Graphical Mode: No Project??
Starting Batch Run: 1:52:52  juil. 19, 2026
Running as user: SEIFPC\hp
Temp directory: C:\Users\hp\AppData\Local\Temp
Project directory: C:\Users\hp\Documents\Ansoft
[warning] Electronics Desktop has found a recovery file for an unsaved project : Project3.aedt.auto
Please choose one of the following actions for this file: 
 Yes: Open the recovery file. 
 No: Discard the recovery file.
 Cancel: Leave the recovery file on disk ( this prompt will reappear during the next application start) .
The project 'my_project' has been edited and/or solved. Do you want to save the changes?
-- Message Window --
      *Global - Messages
        [warning] Electronics Desktop has found a recovery file for an unsaved project : Project3.aedt.auto Please choose one of the following actions for this file:   Yes: Open the recovery file.   No: Discard the recovery file.  Cancel: Leave the recovery file on disk ( this prompt will reappear during the next application start) .
        [info] GRPC server running on port: 5926. 
        [info] The project 'my_project' has been edited and/or solved. Do you want to save the changes?
      my_project (C:/Users/hp/Documents/Ansoft/)
        my_design
          [info] Import Native Bodies: Imported bodies have been scaled to model units. Please analyze the model. (1:53:05  juil. 19, 2026)
          [info] Solution 'CapSetup : CapSweep', CG interpolating sweep is converged. (1:54:00  juil. 19, 2026)
          [info] Normal completion of simulation on server: Local Machine. (1:54:03  juil. 19, 2026)
          [error] Script macro error: CG[Solution Order/Choices] is not a property name. (1:54:03  juil. 19, 2026)
          [error] Script macro error: DC[Solution Order/Choices] is not a property name. (1:54:03  juil. 19, 2026)
          [error] Script macro error: CG[Solution Order/Choices] is not a property name. (1:54:03  juil. 19, 2026)
          [error] Script macro error: DC[Solution Order/Choices] is not a property name. (1:54:03  juil. 19, 2026)
          [warning] The variable  'Phase' doesn't have an associated sweep and is excluded from the definition of trace. (1:54:03  juil. 19, 2026)
-- Message Window --
Stopping Batch Run: 1:59:31  juil. 19, 2026
 
Ansys Electronics Desktop Version 2023.1.0, Build: 2022-11-20 22:10:41
Location: C:\Program Files\AnsysEM\v231\Win64\ansysedt.exe
Non Graphical Mode: No Project??
Starting Batch Run: 1:59:34  juil. 19, 2026
Running as user: SEIFPC\hp
Temp directory: C:\Users\hp\AppData\Local\Temp
Project directory: C:\Users\hp\Documents\Ansoft
[warning] Electronics Desktop has found a recovery file for an unsaved project : Project3.aedt.auto
Please choose one of the following actions for this file: 
 Yes: Open the recovery file. 
 No: Discard the recovery file.
 Cancel: Leave the recovery file on disk ( this prompt will reappear during the next application start) .
The project 'my_project' has been edited and/or solved. Do you want to save the changes?
-- Message Window --
      *Global - Messages
        [warning] Electronics Desktop has found a recovery file for an unsaved project : Project3.aedt.auto Please choose one of the following actions for this file:   Yes: Open the recovery file.   No: Discard the recovery file.  Cancel: Leave the recovery file on disk ( this prompt will reappear during the next application start) .
        [info] GRPC server running on port: 9587. 
        [info] The project 'my_project' has been edited and/or solved. Do you want to save the changes?
      my_project (C:/Users/hp/Documents/Ansoft/)
        my_design
          [info] Import Native Bodies: Imported bodies have been scaled to model units. Please analyze the model. (1:59:48  juil. 19, 2026)
          [info] Solution 'CapSetup : CapSweep', CG interpolating sweep is converged. (2:00:29  juil. 19, 2026)
          [info] Normal completion of simulation on server: Local Machine. (2:00:31  juil. 19, 2026)
          [error] Script macro error: CG[Solution Order/Choices] is not a property name. (2:00:32  juil. 19, 2026)
          [error] Script macro error: DC[Solution Order/Choices] is not a property name. (2:00:32  juil. 19, 2026)
          [error] Script macro error: CG[Solution Order/Choices] is not a property name. (2:00:32  juil. 19, 2026)
          [error] Script macro error: DC[Solution Order/Choices] is not a property name. (2:00:32  juil. 19, 2026)
          [warning] The variable  'Phase' doesn't have an associated sweep and is excluded from the definition of trace. (2:00:32  juil. 19, 2026)
          [warning] my_design: Solutions have been invalidated. Undo to recover. (2:00:56  juil. 19, 2026)
          [error] Script macro error: Name is not a property name. (2:00:57  juil. 19, 2026)
          [error] Script macro error: Type is not a property name. (2:00:57  juil. 19, 2026)
          [error] Script macro error: Solution Setup 'InducSetup', Sweep 'Induc_Sweep': The start frequency of an interpolating sweep must be less than the stop frequency. (2:00:58  juil. 19, 2026)
-- Message Window --
Stopping Batch Run: 2:01:46  juil. 19, 2026
 
Ansys Electronics Desktop Version 2023.1.0, Build: 2022-11-20 22:10:41
Location: C:\Program Files\AnsysEM\v231\Win64\ansysedt.exe
Non Graphical Mode: No Project??
Starting Batch Run: 2:02:16  juil. 19, 2026
Running as user: SEIFPC\hp
Temp directory: C:\Users\hp\AppData\Local\Temp
Project directory: C:\Users\hp\Documents\Ansoft
[warning] Electronics Desktop has found a recovery file for an unsaved project : Project3.aedt.auto
Please choose one of the following actions for this file: 
 Yes: Open the recovery file. 
 No: Discard the recovery file.
 Cancel: Leave the recovery file on disk ( this prompt will reappear during the next application start) .
-- Message Window --
      *Global - Messages
        [warning] Electronics Desktop has found a recovery file for an unsaved project : Project3.aedt.auto Please choose one of the following actions for this file:   Yes: Open the recovery file.   No: Discard the recovery file.  Cancel: Leave the recovery file on disk ( this prompt will reappear during the next application start) .
        [info] GRPC server running on port: 10383. 
-- Message Window --
Stopping Batch Run: 2:02:33  juil. 19, 2026
 
Ansys Electronics Desktop Version 2023.1.0, Build: 2022-11-20 22:10:41
Location: C:\Program Files\AnsysEM\v231\Win64\ansysedt.exe
Non Graphical Mode: No Project??
Starting Batch Run: 2:02:38  juil. 19, 2026
Running as user: SEIFPC\hp
Temp directory: C:\Users\hp\AppData\Local\Temp
Project directory: C:\Users\hp\Documents\Ansoft
[warning] Electronics Desktop has found a recovery file for an unsaved project : Project3.aedt.auto
Please choose one of the following actions for this file: 
 Yes: Open the recovery file. 
 No: Discard the recovery file.
 Cancel: Leave the recovery file on disk ( this prompt will reappear during the next application start) .
The project 'my_project' has been edited and/or solved. Do you want to save the changes?
-- Message Window --
      *Global - Messages
        [warning] Electronics Desktop has found a recovery file for an unsaved project : Project3.aedt.auto Please choose one of the following actions for this file:   Yes: Open the recovery file.   No: Discard the recovery file.  Cancel: Leave the recovery file on disk ( this prompt will reappear during the next application start) .
        [info] GRPC server running on port: 10441. 
        [info] The project 'my_project' has been edited and/or solved. Do you want to save the changes?
      my_project (C:/Users/hp/Documents/Ansoft/)
        my_design
          [info] Import Native Bodies: Imported bodies have been scaled to model units. Please analyze the model. (2:02:52  juil. 19, 2026)
          [info] Solution 'CapSetup : CapSweep', CG interpolating sweep is converged. (2:03:26  juil. 19, 2026)
          [info] Normal completion of simulation on server: Local Machine. (2:03:29  juil. 19, 2026)
          [error] Script macro error: CG[Solution Order/Choices] is not a property name. (2:03:29  juil. 19, 2026)
          [error] Script macro error: DC[Solution Order/Choices] is not a property name. (2:03:30  juil. 19, 2026)
          [error] Script macro error: CG[Solution Order/Choices] is not a property name. (2:03:30  juil. 19, 2026)
          [error] Script macro error: DC[Solution Order/Choices] is not a property name. (2:03:30  juil. 19, 2026)
          [warning] The variable  'Phase' doesn't have an associated sweep and is excluded from the definition of trace. (2:03:30  juil. 19, 2026)
          [warning] my_design: Solutions have been invalidated. Undo to recover. (2:03:34  juil. 19, 2026)
          [error] Script macro error: Name is not a property name. (2:03:35  juil. 19, 2026)
          [error] Script macro error: Type is not a property name. (2:03:35  juil. 19, 2026)
          [warning] Setup 'InducSetup': Please include a DC RL solution in order to obtain an accurate AC RL sweep result. (2:03:40  juil. 19, 2026)
          [warning] Adaptive Passes for AC R/L did not converge based on specified criteria. (2:06:05  juil. 19, 2026)
          [info] Normal completion of simulation on server: Local Machine. (2:06:05  juil. 19, 2026)
          [error] Script macro error: Auto Increase Solution Order is not a property name. (2:06:05  juil. 19, 2026)
          [error] Script macro error: CG[Solution Order/Choices] is not a property name. (2:06:06  juil. 19, 2026)
          [error] Script macro error: Solver Type is not a property name. (2:06:06  juil. 19, 2026)
          [error] Script macro error: Max. Passes (Conduction) is not a property name. (2:06:06  juil. 19, 2026)
          [error] Script macro error: Min. Passes (Conduction) is not a property name. (2:06:06  juil. 19, 2026)
          [error] Script macro error: Min. Converged Passes (Conduction) is not a property name. (2:06:06  juil. 19, 2026)
          [error] Script macro error: Percent Error (Conduction) is not a property name. (2:06:06  juil. 19, 2026)
          [error] Script macro error: Percent Refine (Conduction) is not a property name. (2:06:06  juil. 19, 2026)
          [error] Script macro error: Max. Passes (Multipole) is not a property name. (2:06:06  juil. 19, 2026)
          [error] Script macro error: Min. Passes (Multipole) is not a property name. (2:06:06  juil. 19, 2026)
          [error] Script macro error: Min. Converged Passes (Multipole) is not a property name. (2:06:07  juil. 19, 2026)
          [error] Script macro error: Percent Error (Multipole) is not a property name. (2:06:07  juil. 19, 2026)
          [error] Script macro error: Percent Refine (Multipole) is not a property name. (2:06:07  juil. 19, 2026)
          [error] Script macro error: DC[Solution Order/Choices] is not a property name. (2:06:07  juil. 19, 2026)
          [error] Script macro error: Auto Increase Solution Order is not a property name. (2:06:07  juil. 19, 2026)
          [error] Script macro error: CG[Solution Order/Choices] is not a property name. (2:06:07  juil. 19, 2026)
          [error] Script macro error: Solver Type is not a property name. (2:06:07  juil. 19, 2026)
          [error] Script macro error: Max. Passes (Conduction) is not a property name. (2:06:07  juil. 19, 2026)
          [error] Script macro error: Min. Passes (Conduction) is not a property name. (2:06:07  juil. 19, 2026)
          [error] Script macro error: Min. Converged Passes (Conduction) is not a property name. (2:06:08  juil. 19, 2026)
          [error] Script macro error: Percent Error (Conduction) is not a property name. (2:06:08  juil. 19, 2026)
          [error] Script macro error: Percent Refine (Conduction) is not a property name. (2:06:08  juil. 19, 2026)
          [error] Script macro error: Max. Passes (Multipole) is not a property name. (2:06:08  juil. 19, 2026)
          [error] Script macro error: Min. Passes (Multipole) is not a property name. (2:06:08  juil. 19, 2026)
          [error] Script macro error: Min. Converged Passes (Multipole) is not a property name. (2:06:08  juil. 19, 2026)
          [error] Script macro error: Percent Error (Multipole) is not a property name. (2:06:08  juil. 19, 2026)
          [error] Script macro error: Percent Refine (Multipole) is not a property name. (2:06:08  juil. 19, 2026)
          [error] Script macro error: DC[Solution Order/Choices] is not a property name. (2:06:08  juil. 19, 2026)
          [warning] The variable  'Phase' doesn't have an associated sweep and is excluded from the definition of trace. (2:06:09  juil. 19, 2026)
          [error] Script macro error: Auto Increase Solution Order is not a property name. (2:06:09  juil. 19, 2026)
          [error] Script macro error: CG[Solution Order/Choices] is not a property name. (2:06:09  juil. 19, 2026)
          [error] Script macro error: Solver Type is not a property name. (2:06:09  juil. 19, 2026)
          [error] Script macro error: Max. Passes (Conduction) is not a property name. (2:06:09  juil. 19, 2026)
          [error] Script macro error: Min. Passes (Conduction) is not a property name. (2:06:09  juil. 19, 2026)
          [error] Script macro error: Min. Converged Passes (Conduction) is not a property name. (2:06:09  juil. 19, 2026)
          [error] Script macro error: Percent Error (Conduction) is not a property name. (2:06:09  juil. 19, 2026)
          [error] Script macro error: Percent Refine (Conduction) is not a property name. (2:06:10  juil. 19, 2026)
          [error] Script macro error: Max. Passes (Multipole) is not a property name. (2:06:10  juil. 19, 2026)
          [error] Script macro error: Min. Passes (Multipole) is not a property name. (2:06:10  juil. 19, 2026)
          [error] Script macro error: Min. Converged Passes (Multipole) is not a property name. (2:06:10  juil. 19, 2026)
          [error] Script macro error: Percent Error (Multipole) is not a property name. (2:06:10  juil. 19, 2026)
          [error] Script macro error: Percent Refine (Multipole) is not a property name. (2:06:10  juil. 19, 2026)
          [error] Script macro error: DC[Solution Order/Choices] is not a property name. (2:06:10  juil. 19, 2026)
          [error] Script macro error: Auto Increase Solution Order is not a property name. (2:06:10  juil. 19, 2026)
          [error] Script macro error: CG[Solution Order/Choices] is not a property name. (2:06:10  juil. 19, 2026)
          [error] Script macro error: Solver Type is not a property name. (2:06:11  juil. 19, 2026)
          [error] Script macro error: Max. Passes (Conduction) is not a property name. (2:06:11  juil. 19, 2026)
          [error] Script macro error: Min. Passes (Conduction) is not a property name. (2:06:11  juil. 19, 2026)
          [error] Script macro error: Min. Converged Passes (Conduction) is not a property name. (2:06:11  juil. 19, 2026)
          [error] Script macro error: Percent Error (Conduction) is not a property name. (2:06:11  juil. 19, 2026)
          [error] Script macro error: Percent Refine (Conduction) is not a property name. (2:06:11  juil. 19, 2026)
          [error] Script macro error: Max. Passes (Multipole) is not a property name. (2:06:11  juil. 19, 2026)
          [error] Script macro error: Min. Passes (Multipole) is not a property name. (2:06:11  juil. 19, 2026)
          [error] Script macro error: Min. Converged Passes (Multipole) is not a property name. (2:06:11  juil. 19, 2026)
          [error] Script macro error: Percent Error (Multipole) is not a property name. (2:06:12  juil. 19, 2026)
          [error] Script macro error: Percent Refine (Multipole) is not a property name. (2:06:12  juil. 19, 2026)
          [error] Script macro error: DC[Solution Order/Choices] is not a property name. (2:06:12  juil. 19, 2026)
          [warning] The variable  'Phase' doesn't have an associated sweep and is excluded from the definition of trace. (2:06:12  juil. 19, 2026)
-- Message Window --
Stopping Batch Run: 2:12:28  juil. 19, 2026
 
Ansys Electronics Desktop Version 2023.1.0, Build: 2022-11-20 22:10:41
Location: C:\Program Files\AnsysEM\v231\Win64\ansysedt.exe
Non Graphical Mode: No Project??
Starting Batch Run: 2:12:42  juil. 19, 2026
Running as user: SEIFPC\hp
Temp directory: C:\Users\hp\AppData\Local\Temp
Project directory: C:\Users\hp\Documents\Ansoft
[warning] Electronics Desktop has found a recovery file for an unsaved project : Project3.aedt.auto
Please choose one of the following actions for this file: 
 Yes: Open the recovery file. 
 No: Discard the recovery file.
 Cancel: Leave the recovery file on disk ( this prompt will reappear during the next application start) .
-- Message Window --
      *Global - Messages
        [warning] Electronics Desktop has found a recovery file for an unsaved project : Project3.aedt.auto Please choose one of the following actions for this file:   Yes: Open the recovery file.   No: Discard the recovery file.  Cancel: Leave the recovery file on disk ( this prompt will reappear during the next application start) .
        [info] GRPC server running on port: 5153. 
-- Message Window --
Stopping Batch Run: 2:12:56  juil. 19, 2026
 
Ansys Electronics Desktop Version 2023.1.0, Build: 2022-11-20 22:10:41
Location: C:\Program Files\AnsysEM\v231\Win64\ansysedt.exe
Non Graphical Mode: No Project??
Starting Batch Run: 2:13:01  juil. 19, 2026
Running as user: SEIFPC\hp
Temp directory: C:\Users\hp\AppData\Local\Temp
Project directory: C:\Users\hp\Documents\Ansoft
[warning] Electronics Desktop has found a recovery file for an unsaved project : Project3.aedt.auto
Please choose one of the following actions for this file: 
 Yes: Open the recovery file. 
 No: Discard the recovery file.
 Cancel: Leave the recovery file on disk ( this prompt will reappear during the next application start) .
The project 'my_project' has been edited and/or solved. Do you want to save the changes?
-- Message Window --
      *Global - Messages
        [warning] Electronics Desktop has found a recovery file for an unsaved project : Project3.aedt.auto Please choose one of the following actions for this file:   Yes: Open the recovery file.   No: Discard the recovery file.  Cancel: Leave the recovery file on disk ( this prompt will reappear during the next application start) .
        [info] GRPC server running on port: 5195. 
        [info] The project 'my_project' has been edited and/or solved. Do you want to save the changes?
      my_project (C:/Users/hp/Documents/Ansoft/)
        my_design
          [info] Import Native Bodies: Imported bodies have been scaled to model units. Please analyze the model. (2:13:17  juil. 19, 2026)
          [info] Normal completion of simulation on server: Local Machine. (2:13:52  juil. 19, 2026)
          [error] Script macro error: CG[Solution Order/Choices] is not a property name. (2:13:53  juil. 19, 2026)
          [error] Script macro error: DC[Solution Order/Choices] is not a property name. (2:13:53  juil. 19, 2026)
          [error] Script macro error: CG[Solution Order/Choices] is not a property name. (2:13:53  juil. 19, 2026)
          [error] Script macro error: DC[Solution Order/Choices] is not a property name. (2:13:53  juil. 19, 2026)
          [warning] The variable  'Phase' doesn't have an associated sweep and is excluded from the definition of trace. (2:13:54  juil. 19, 2026)
          [warning] my_design: Solutions have been invalidated. Undo to recover. (2:14:36  juil. 19, 2026)
          [error] Script macro error: Name is not a property name. (2:14:37  juil. 19, 2026)
          [error] Script macro error: Type is not a property name. (2:14:37  juil. 19, 2026)
          [warning] Adaptive Passes for AC R/L did not converge based on specified criteria. (2:16:12  juil. 19, 2026)
          [info] Normal completion of simulation on server: Local Machine. (2:16:13  juil. 19, 2026)
-- Message Window --
Stopping Batch Run: 2:18:20  juil. 19, 2026
 
Ansys Electronics Desktop Version 2023.1.0, Build: 2022-11-20 22:10:41
Location: C:\Program Files\AnsysEM\v231\Win64\ansysedt.exe
Non Graphical Mode: No Project??
Starting Batch Run: 2:18:26  juil. 19, 2026
Running as user: SEIFPC\hp
Temp directory: C:\Users\hp\AppData\Local\Temp
Project directory: C:\Users\hp\Documents\Ansoft
[warning] Electronics Desktop has found a recovery file for an unsaved project : Project3.aedt.auto
Please choose one of the following actions for this file: 
 Yes: Open the recovery file. 
 No: Discard the recovery file.
 Cancel: Leave the recovery file on disk ( this prompt will reappear during the next application start) .
-- Message Window --
      *Global - Messages
        [warning] Electronics Desktop has found a recovery file for an unsaved project : Project3.aedt.auto Please choose one of the following actions for this file:   Yes: Open the recovery file.   No: Discard the recovery file.  Cancel: Leave the recovery file on disk ( this prompt will reappear during the next application start) .
        [info] GRPC server running on port: 9699. 
-- Message Window --
Stopping Batch Run: 2:18:37  juil. 19, 2026
 
Ansys Electronics Desktop Version 2023.1.0, Build: 2022-11-20 22:10:41
Location: C:\Program Files\AnsysEM\v231\Win64\ansysedt.exe
Non Graphical Mode: No Project??
Starting Batch Run: 2:18:41  juil. 19, 2026
Running as user: SEIFPC\hp
Temp directory: C:\Users\hp\AppData\Local\Temp
Project directory: C:\Users\hp\Documents\Ansoft
[warning] Electronics Desktop has found a recovery file for an unsaved project : Project3.aedt.auto
Please choose one of the following actions for this file: 
 Yes: Open the recovery file. 
 No: Discard the recovery file.
 Cancel: Leave the recovery file on disk ( this prompt will reappear during the next application start) .
-- Message Window --
      *Global - Messages
        [warning] Electronics Desktop has found a recovery file for an unsaved project : Project3.aedt.auto Please choose one of the following actions for this file:   Yes: Open the recovery file.   No: Discard the recovery file.  Cancel: Leave the recovery file on disk ( this prompt will reappear during the next application start) .
        [info] GRPC server running on port: 10801. 
-- Message Window --
Stopping Batch Run: 2:24:21  juil. 19, 2026
 
Ansys Electronics Desktop Version 2023.1.0, Build: 2022-11-20 22:10:41
Location: C:\Program Files\AnsysEM\v231\Win64\ansysedt.exe
Non Graphical Mode: No Project??
Starting Batch Run: 2:24:25  juil. 19, 2026
Running as user: SEIFPC\hp
Temp directory: C:\Users\hp\AppData\Local\Temp
Project directory: C:\Users\hp\Documents\Ansoft
[warning] Electronics Desktop has found a recovery file for an unsaved project : Project3.aedt.auto
Please choose one of the following actions for this file: 
 Yes: Open the recovery file. 
 No: Discard the recovery file.
 Cancel: Leave the recovery file on disk ( this prompt will reappear during the next application start) .
-- Message Window --
      *Global - Messages
        [warning] Electronics Desktop has found a recovery file for an unsaved project : Project3.aedt.auto Please choose one of the following actions for this file:   Yes: Open the recovery file.   No: Discard the recovery file.  Cancel: Leave the recovery file on disk ( this prompt will reappear during the next application start) .
        [info] GRPC server running on port: 1576. 
-- Message Window --
Stopping Batch Run: 2:25:38  juil. 19, 2026
 
Ansys Electronics Desktop Version 2023.1.0, Build: 2022-11-20 22:10:41
Location: C:\Program Files\AnsysEM\v231\Win64\ansysedt.exe
Non Graphical Mode: No Project??
Starting Batch Run: 2:25:41  juil. 19, 2026
Running as user: SEIFPC\hp
Temp directory: C:\Users\hp\AppData\Local\Temp
Project directory: C:\Users\hp\Documents\Ansoft
[warning] Electronics Desktop has found a recovery file for an unsaved project : Project3.aedt.auto
Please choose one of the following actions for this file: 
 Yes: Open the recovery file. 
 No: Discard the recovery file.
 Cancel: Leave the recovery file on disk ( this prompt will reappear during the next application start) .
-- Message Window --
      *Global - Messages
        [warning] Electronics Desktop has found a recovery file for an unsaved project : Project3.aedt.auto Please choose one of the following actions for this file:   Yes: Open the recovery file.   No: Discard the recovery file.  Cancel: Leave the recovery file on disk ( this prompt will reappear during the next application start) .
        [info] GRPC server running on port: 1903. 
-- Message Window --
Stopping Batch Run: 2:36:58  juil. 19, 2026
 
Ansys Electronics Desktop Version 2023.1.0, Build: 2022-11-20 22:10:41
Location: C:\Program Files\AnsysEM\v231\Win64\ansysedt.exe
Non Graphical Mode: No Project??
Starting Batch Run: 2:37:01  juil. 19, 2026
Running as user: SEIFPC\hp
Temp directory: C:\Users\hp\AppData\Local\Temp
Project directory: C:\Users\hp\Documents\Ansoft
[warning] Electronics Desktop has found a recovery file for an unsaved project : Project3.aedt.auto
Please choose one of the following actions for this file: 
 Yes: Open the recovery file. 
 No: Discard the recovery file.
 Cancel: Leave the recovery file on disk ( this prompt will reappear during the next application start) .
-- Message Window --
      *Global - Messages
        [warning] Electronics Desktop has found a recovery file for an unsaved project : Project3.aedt.auto Please choose one of the following actions for this file:   Yes: Open the recovery file.   No: Discard the recovery file.  Cancel: Leave the recovery file on disk ( this prompt will reappear during the next application start) .
        [info] GRPC server running on port: 3182. 
-- Message Window --
Stopping Batch Run: 2:37:28  juil. 19, 2026
 
Ansys Electronics Desktop Version 2023.1.0, Build: 2022-11-20 22:10:41
Location: C:\Program Files\AnsysEM\v231\Win64\ansysedt.exe
Non Graphical Mode: No Project??
Starting Batch Run: 2:37:32  juil. 19, 2026
Running as user: SEIFPC\hp
Temp directory: C:\Users\hp\AppData\Local\Temp
Project directory: C:\Users\hp\Documents\Ansoft
[warning] Electronics Desktop has found a recovery file for an unsaved project : Project3.aedt.auto
Please choose one of the following actions for this file: 
 Yes: Open the recovery file. 
 No: Discard the recovery file.
 Cancel: Leave the recovery file on disk ( this prompt will reappear during the next application start) .
-- Message Window --
      *Global - Messages
        [warning] Electronics Desktop has found a recovery file for an unsaved project : Project3.aedt.auto Please choose one of the following actions for this file:   Yes: Open the recovery file.   No: Discard the recovery file.  Cancel: Leave the recovery file on disk ( this prompt will reappear during the next application start) .
        [info] GRPC server running on port: 3242. 
-- Message Window --
Stopping Batch Run: 3:42:00  juil. 19, 2026
 
Ansys Electronics Desktop Version 2023.1.0, Build: 2022-11-20 22:10:41
Location: C:\Program Files\AnsysEM\v231\Win64\ansysedt.exe
Non Graphical Mode: No Project??
Starting Batch Run: 3:42:05  juil. 19, 2026
Running as user: SEIFPC\hp
Temp directory: C:\Users\hp\AppData\Local\Temp
Project directory: C:\Users\hp\Documents\Ansoft
[warning] Electronics Desktop has found a recovery file for an unsaved project : Project3.aedt.auto
Please choose one of the following actions for this file: 
 Yes: Open the recovery file. 
 No: Discard the recovery file.
 Cancel: Leave the recovery file on disk ( this prompt will reappear during the next application start) .
-- Message Window --
      *Global - Messages
        [warning] Electronics Desktop has found a recovery file for an unsaved project : Project3.aedt.auto Please choose one of the following actions for this file:   Yes: Open the recovery file.   No: Discard the recovery file.  Cancel: Leave the recovery file on disk ( this prompt will reappear during the next application start) .
        [info] GRPC server running on port: 4797. 
-- Message Window --
Stopping Batch Run: 3:44:01  juil. 19, 2026
 
Ansys Electronics Desktop Version 2023.1.0, Build: 2022-11-20 22:10:41
Location: C:\Program Files\AnsysEM\v231\Win64\ansysedt.exe
Non Graphical Mode: No Project??
Starting Batch Run: 3:44:05  juil. 19, 2026
Running as user: SEIFPC\hp
Temp directory: C:\Users\hp\AppData\Local\Temp
Project directory: C:\Users\hp\Documents\Ansoft
[warning] Electronics Desktop has found a recovery file for an unsaved project : Project3.aedt.auto
Please choose one of the following actions for this file: 
 Yes: Open the recovery file. 
 No: Discard the recovery file.
 Cancel: Leave the recovery file on disk ( this prompt will reappear during the next application start) .
-- Message Window --
      *Global - Messages
        [warning] Electronics Desktop has found a recovery file for an unsaved project : Project3.aedt.auto Please choose one of the following actions for this file:   Yes: Open the recovery file.   No: Discard the recovery file.  Cancel: Leave the recovery file on disk ( this prompt will reappear during the next application start) .
        [info] GRPC server running on port: 14583. 
-- Message Window --
Stopping Batch Run: 3:45:41  juil. 19, 2026
 
Ansys Electronics Desktop Version 2023.1.0, Build: 2022-11-20 22:10:41
Location: C:\Program Files\AnsysEM\v231\Win64\ansysedt.exe
Non Graphical Mode: No Project??
Starting Batch Run: 3:45:45  juil. 19, 2026
Running as user: SEIFPC\hp
Temp directory: C:\Users\hp\AppData\Local\Temp
Project directory: C:\Users\hp\Documents\Ansoft
[warning] Electronics Desktop has found a recovery file for an unsaved project : Project3.aedt.auto
Please choose one of the following actions for this file: 
 Yes: Open the recovery file. 
 No: Discard the recovery file.
 Cancel: Leave the recovery file on disk ( this prompt will reappear during the next application start) .
-- Message Window --
      *Global - Messages
        [warning] Electronics Desktop has found a recovery file for an unsaved project : Project3.aedt.auto Please choose one of the following actions for this file:   Yes: Open the recovery file.   No: Discard the recovery file.  Cancel: Leave the recovery file on disk ( this prompt will reappear during the next application start) .
        [info] GRPC server running on port: 7948. 
-- Message Window --
Stopping Batch Run: 3:50:22  juil. 19, 2026
 
Ansys Electronics Desktop Version 2023.1.0, Build: 2022-11-20 22:10:41
Location: C:\Program Files\AnsysEM\v231\Win64\ansysedt.exe
Non Graphical Mode: No Project??
Starting Batch Run: 3:50:26  juil. 19, 2026
Running as user: SEIFPC\hp
Temp directory: C:\Users\hp\AppData\Local\Temp
Project directory: C:\Users\hp\Documents\Ansoft
[warning] Electronics Desktop has found a recovery file for an unsaved project : Project3.aedt.auto
Please choose one of the following actions for this file: 
 Yes: Open the recovery file. 
 No: Discard the recovery file.
 Cancel: Leave the recovery file on disk ( this prompt will reappear during the next application start) .
-- Message Window --
      *Global - Messages
        [warning] Electronics Desktop has found a recovery file for an unsaved project : Project3.aedt.auto Please choose one of the following actions for this file:   Yes: Open the recovery file.   No: Discard the recovery file.  Cancel: Leave the recovery file on disk ( this prompt will reappear during the next application start) .
        [info] GRPC server running on port: 2872. 
-- Message Window --
Stopping Batch Run: 4:18:17  juil. 19, 2026
 
Ansys Electronics Desktop Version 2023.1.0, Build: 2022-11-20 22:10:41
Location: C:\Program Files\AnsysEM\v231\Win64\ansysedt.exe
Non Graphical Mode: No Project??
Starting Batch Run: 4:18:22  juil. 19, 2026
Running as user: SEIFPC\hp
Temp directory: C:\Users\hp\AppData\Local\Temp
Project directory: C:\Users\hp\Documents\Ansoft
[warning] Electronics Desktop has found a recovery file for an unsaved project : Project3.aedt.auto
Please choose one of the following actions for this file: 
 Yes: Open the recovery file. 
 No: Discard the recovery file.
 Cancel: Leave the recovery file on disk ( this prompt will reappear during the next application start) .
The project 'my_project' has been edited and/or solved. Do you want to save the changes?
-- Message Window --
      *Global - Messages
        [warning] Electronics Desktop has found a recovery file for an unsaved project : Project3.aedt.auto Please choose one of the following actions for this file:   Yes: Open the recovery file.   No: Discard the recovery file.  Cancel: Leave the recovery file on disk ( this prompt will reappear during the next application start) .
        [info] GRPC server running on port: 14305. 
        [info] The project 'my_project' has been edited and/or solved. Do you want to save the changes?
      my_project (C:/Users/hp/Documents/Ansoft/)
        my_design
          [info] Accurate transparency rendering is disabled to avoid slow rendering performance. (4:18:54  juil. 19, 2026)
          [info] Import Native Bodies: Imported bodies have been scaled to model units. Please analyze the model. (4:18:58  juil. 19, 2026)
          [error] Parts "pinsulator_0" and "Core" intersect. (4:21:26  juil. 19, 2026)
          [error] Parts "Core" and "ringp17" intersect. (4:21:26  juil. 19, 2026)
          [error] Parts "Core" and "ringp16" intersect. (4:21:26  juil. 19, 2026)
          [error] Parts "Core" and "ringp15" intersect. (4:21:26  juil. 19, 2026)
          [error] Parts "Core" and "ringp14" intersect. (4:21:26  juil. 19, 2026)
          [error] Parts "Core" and "ringp13" intersect. (4:21:26  juil. 19, 2026)
          [error] Parts "Core" and "ringp12" intersect. (4:21:26  juil. 19, 2026)
          [error] Parts "Core" and "ringp11" intersect. (4:21:26  juil. 19, 2026)
          [error] Parts "Core" and "ringp10" intersect. (4:21:26  juil. 19, 2026)
          [error] Parts "Core" and "ringp9" intersect. (4:21:26  juil. 19, 2026)
          [error] Parts "Core" and "ringp8" intersect. (4:21:26  juil. 19, 2026)
          [error] Parts "Core" and "ringp7" intersect. (4:21:26  juil. 19, 2026)
          [error] Parts "Core" and "ringp6" intersect. (4:21:26  juil. 19, 2026)
          [error] Parts "Core" and "ringp5" intersect. (4:21:26  juil. 19, 2026)
          [error] Parts "Core" and "ringp4" intersect. (4:21:26  juil. 19, 2026)
          [error] Parts "Core" and "ringp3" intersect. (4:21:26  juil. 19, 2026)
          [error] Parts "Core" and "ringp2" intersect. (4:21:26  juil. 19, 2026)
          [error] Parts "Core" and "ringp1" intersect. (4:21:26  juil. 19, 2026)
          [error] Simulation completed with execution error on server: Local Machine. (4:21:26  juil. 19, 2026)
          [error] Script macro error: Simulation for my_project : my_design : CapSetup has failed with execution error.  (4:21:27  juil. 19, 2026)
          [error] Script macro error: CG[Solution Order/Choices] is not a property name. (4:21:27  juil. 19, 2026)
          [error] Script macro error: DC[Solution Order/Choices] is not a property name. (4:21:27  juil. 19, 2026)
          [error] Script macro error: CG[Solution Order/Choices] is not a property name. (4:21:27  juil. 19, 2026)
          [error] Script macro error: DC[Solution Order/Choices] is not a property name. (4:21:27  juil. 19, 2026)
          [warning] The variable  'Phase' doesn't have an associated sweep and is excluded from the definition of trace. (4:21:28  juil. 19, 2026)
          [error] Script macro error: No trace data for quantities: C(Core,Core), C(Core,ringp1), C(Core,ringp2), C(Core,ringp3), C(Core,ringp4), C(Core,ringp5), C(Core,ringp6), C(Core,ringp7), C(Core,ringp8), C(Core,ringp9) (4:21:28  juil. 19, 2026)
-- Message Window --
Stopping Batch Run: 4:21:50  juil. 19, 2026
 
Ansys Electronics Desktop Version 2023.1.0, Build: 2022-11-20 22:10:41
Location: C:\Program Files\AnsysEM\v231\Win64\ansysedt.exe
Non Graphical Mode: No Project??
Starting Batch Run: 4:21:56  juil. 19, 2026
Running as user: SEIFPC\hp
Temp directory: C:\Users\hp\AppData\Local\Temp
Project directory: C:\Users\hp\Documents\Ansoft
[warning] Electronics Desktop has found a recovery file for an unsaved project : Project3.aedt.auto
Please choose one of the following actions for this file: 
 Yes: Open the recovery file. 
 No: Discard the recovery file.
 Cancel: Leave the recovery file on disk ( this prompt will reappear during the next application start) .
-- Message Window --
      *Global - Messages
        [warning] Electronics Desktop has found a recovery file for an unsaved project : Project3.aedt.auto Please choose one of the following actions for this file:   Yes: Open the recovery file.   No: Discard the recovery file.  Cancel: Leave the recovery file on disk ( this prompt will reappear during the next application start) .
        [info] GRPC server running on port: 7703. 
-- Message Window --
Stopping Batch Run: 4:22:11  juil. 19, 2026
 
Ansys Electronics Desktop Version 2023.1.0, Build: 2022-11-20 22:10:41
Location: C:\Program Files\AnsysEM\v231\Win64\ansysedt.exe
Non Graphical Mode: No Project??
Starting Batch Run: 4:22:14  juil. 19, 2026
Running as user: SEIFPC\hp
Temp directory: C:\Users\hp\AppData\Local\Temp
Project directory: C:\Users\hp\Documents\Ansoft
[warning] Electronics Desktop has found a recovery file for an unsaved project : Project3.aedt.auto
Please choose one of the following actions for this file: 
 Yes: Open the recovery file. 
 No: Discard the recovery file.
 Cancel: Leave the recovery file on disk ( this prompt will reappear during the next application start) .
-- Message Window --
      *Global - Messages
        [warning] Electronics Desktop has found a recovery file for an unsaved project : Project3.aedt.auto Please choose one of the following actions for this file:   Yes: Open the recovery file.   No: Discard the recovery file.  Cancel: Leave the recovery file on disk ( this prompt will reappear during the next application start) .
        [info] GRPC server running on port: 7526. 
-- Message Window --
Stopping Batch Run: 4:25:11  juil. 19, 2026
 
Ansys Electronics Desktop Version 2023.1.0, Build: 2022-11-20 22:10:41
Location: C:\Program Files\AnsysEM\v231\Win64\ansysedt.exe
Non Graphical Mode: No Project??
Starting Batch Run: 4:25:15  juil. 19, 2026
Running as user: SEIFPC\hp
Temp directory: C:\Users\hp\AppData\Local\Temp
Project directory: C:\Users\hp\Documents\Ansoft
[warning] Electronics Desktop has found a recovery file for an unsaved project : Project3.aedt.auto
Please choose one of the following actions for this file: 
 Yes: Open the recovery file. 
 No: Discard the recovery file.
 Cancel: Leave the recovery file on disk ( this prompt will reappear during the next application start) .
 
Ansys Electronics Desktop Version 2023.1.0, Build: 2022-11-20 22:10:41
Location: C:\Program Files\AnsysEM\v231\Win64\ansysedt.exe
Non Graphical Mode: No Project??
Starting Batch Run: 4:31:31  juil. 19, 2026
Running as user: SEIFPC\hp
Temp directory: C:\Users\hp\AppData\Local\Temp
Project directory: C:\Users\hp\Documents\Ansoft
[warning] Electronics Desktop has found a recovery file for an unsaved project : Project3.aedt.auto
Please choose one of the following actions for this file: 
 Yes: Open the recovery file. 
 No: Discard the recovery file.
 Cancel: Leave the recovery file on disk ( this prompt will reappear during the next application start) .
-- Message Window --
      *Global - Messages
        [warning] Electronics Desktop has found a recovery file for an unsaved project : Project3.aedt.auto Please choose one of the following actions for this file:   Yes: Open the recovery file.   No: Discard the recovery file.  Cancel: Leave the recovery file on disk ( this prompt will reappear during the next application start) .
        [info] GRPC server running on port: 4471. 
-- Message Window --
Stopping Batch Run: 4:31:43  juil. 19, 2026
 
Ansys Electronics Desktop Version 2023.1.0, Build: 2022-11-20 22:10:41
Location: C:\Program Files\AnsysEM\v231\Win64\ansysedt.exe
Non Graphical Mode: No Project??
Starting Batch Run: 4:31:47  juil. 19, 2026
Running as user: SEIFPC\hp
Temp directory: C:\Users\hp\AppData\Local\Temp
Project directory: C:\Users\hp\Documents\Ansoft
[warning] Electronics Desktop has found a recovery file for an unsaved project : Project3.aedt.auto
Please choose one of the following actions for this file: 
 Yes: Open the recovery file. 
 No: Discard the recovery file.
 Cancel: Leave the recovery file on disk ( this prompt will reappear during the next application start) .
-- Message Window --
      *Global - Messages
        [warning] Electronics Desktop has found a recovery file for an unsaved project : Project3.aedt.auto Please choose one of the following actions for this file:   Yes: Open the recovery file.   No: Discard the recovery file.  Cancel: Leave the recovery file on disk ( this prompt will reappear during the next application start) .
        [info] GRPC server running on port: 3998. 
-- Message Window --
Stopping Batch Run: 4:53:27  juil. 19, 2026
 
Ansys Electronics Desktop Version 2023.1.0, Build: 2022-11-20 22:10:41
Location: C:\Program Files\AnsysEM\v231\Win64\ansysedt.exe
Non Graphical Mode: No Project??
Starting Batch Run: 4:53:31  juil. 19, 2026
Running as user: SEIFPC\hp
Temp directory: C:\Users\hp\AppData\Local\Temp
Project directory: C:\Users\hp\Documents\Ansoft
[warning] Electronics Desktop has found a recovery file for an unsaved project : Project3.aedt.auto
Please choose one of the following actions for this file: 
 Yes: Open the recovery file. 
 No: Discard the recovery file.
 Cancel: Leave the recovery file on disk ( this prompt will reappear during the next application start) .
[warning] Electronics Desktop cannot be closed right now because it is being used by another application, script or extension wizard.

The project 'my_project' has been edited and/or solved. Do you want to save the changes?
-- Message Window --
      *Global - Messages
        [warning] Electronics Desktop has found a recovery file for an unsaved project : Project3.aedt.auto Please choose one of the following actions for this file:   Yes: Open the recovery file.   No: Discard the recovery file.  Cancel: Leave the recovery file on disk ( this prompt will reappear during the next application start) .
        [info] GRPC server running on port: 8066. 
        [warning] Electronics Desktop cannot be closed right now because it is being used by another application, script or extension wizard. 
        [warning] Electronics Desktop cannot be closed right now because it is being used by another application, script or extension wizard.
        [info] The project 'my_project' has been edited and/or solved. Do you want to save the changes?
      my_project (C:/Users/hp/Documents/Ansoft/)
        my_design
          [info] Import Native Bodies: Imported bodies have been scaled to model units. Please analyze the model. (4:53:46  juil. 19, 2026)
          [info] Solution 'CapSetup : CapSweep', CG interpolating sweep is converged. (4:54:29  juil. 19, 2026)
          [info] Normal completion of simulation on server: Local Machine. (4:54:33  juil. 19, 2026)
          [error] Script macro error: CG[Solution Order/Choices] is not a property name. (4:54:33  juil. 19, 2026)
          [error] Script macro error: DC[Solution Order/Choices] is not a property name. (4:54:34  juil. 19, 2026)
          [error] Script macro error: CG[Solution Order/Choices] is not a property name. (4:54:34  juil. 19, 2026)
          [error] Script macro error: DC[Solution Order/Choices] is not a property name. (4:54:34  juil. 19, 2026)
          [warning] The variable  'Phase' doesn't have an associated sweep and is excluded from the definition of trace. (4:54:34  juil. 19, 2026)
          [error] Script macro error: CG[Solution Order/Choices] is not a property name. (4:54:34  juil. 19, 2026)
          [error] Script macro error: DC[Solution Order/Choices] is not a property name. (4:54:35  juil. 19, 2026)
          [error] Script macro error: CG[Solution Order/Choices] is not a property name. (4:54:35  juil. 19, 2026)
          [error] Script macro error: DC[Solution Order/Choices] is not a property name. (4:54:35  juil. 19, 2026)
          [warning] The variable  'Phase' doesn't have an associated sweep and is excluded from the definition of trace. (4:54:35  juil. 19, 2026)
          [warning] my_design: Solutions have been invalidated. Undo to recover. (4:56:32  juil. 19, 2026)
          [error] Script macro error: Name is not a property name. (4:56:32  juil. 19, 2026)
          [error] Script macro error: Type is not a property name. (4:56:33  juil. 19, 2026)
-- Message Window --
Stopping Batch Run: 4:57:08  juil. 19, 2026
 
Ansys Electronics Desktop Version 2023.1.0, Build: 2022-11-20 22:10:41
Location: C:\Program Files\AnsysEM\v231\Win64\ansysedt.exe
Non Graphical Mode: No Project??
Starting Batch Run: 4:58:24  juil. 19, 2026
Running as user: SEIFPC\hp
Temp directory: C:\Users\hp\AppData\Local\Temp
Project directory: C:\Users\hp\Documents\Ansoft
[warning] Electronics Desktop has found a recovery file for an unsaved project : Project3.aedt.auto
Please choose one of the following actions for this file: 
 Yes: Open the recovery file. 
 No: Discard the recovery file.
 Cancel: Leave the recovery file on disk ( this prompt will reappear during the next application start) .
-- Message Window --
      *Global - Messages
        [warning] Electronics Desktop has found a recovery file for an unsaved project : Project3.aedt.auto Please choose one of the following actions for this file:   Yes: Open the recovery file.   No: Discard the recovery file.  Cancel: Leave the recovery file on disk ( this prompt will reappear during the next application start) .
        [info] GRPC server running on port: 6941. 
-- Message Window --
Stopping Batch Run: 4:58:38  juil. 19, 2026
 
Ansys Electronics Desktop Version 2023.1.0, Build: 2022-11-20 22:10:41
Location: C:\Program Files\AnsysEM\v231\Win64\ansysedt.exe
Non Graphical Mode: No Project??
Starting Batch Run: 4:58:42  juil. 19, 2026
Running as user: SEIFPC\hp
Temp directory: C:\Users\hp\AppData\Local\Temp
Project directory: C:\Users\hp\Documents\Ansoft
[warning] Electronics Desktop has found a recovery file for an unsaved project : Project3.aedt.auto
Please choose one of the following actions for this file: 
 Yes: Open the recovery file. 
 No: Discard the recovery file.
 Cancel: Leave the recovery file on disk ( this prompt will reappear during the next application start) .
-- Message Window --
      *Global - Messages
        [warning] Electronics Desktop has found a recovery file for an unsaved project : Project3.aedt.auto Please choose one of the following actions for this file:   Yes: Open the recovery file.   No: Discard the recovery file.  Cancel: Leave the recovery file on disk ( this prompt will reappear during the next application start) .
        [info] GRPC server running on port: 13786. 
-- Message Window --
Stopping Batch Run: 5:06:05  juil. 19, 2026
 
Ansys Electronics Desktop Version 2023.1.0, Build: 2022-11-20 22:10:41
Location: C:\Program Files\AnsysEM\v231\Win64\ansysedt.exe
Non Graphical Mode: No Project??
Starting Batch Run: 5:06:09  juil. 19, 2026
Running as user: SEIFPC\hp
Temp directory: C:\Users\hp\AppData\Local\Temp
Project directory: C:\Users\hp\Documents\Ansoft
[warning] Electronics Desktop has found a recovery file for an unsaved project : Project3.aedt.auto
Please choose one of the following actions for this file: 
 Yes: Open the recovery file. 
 No: Discard the recovery file.
 Cancel: Leave the recovery file on disk ( this prompt will reappear during the next application start) .
-- Message Window --
      *Global - Messages
        [warning] Electronics Desktop has found a recovery file for an unsaved project : Project3.aedt.auto Please choose one of the following actions for this file:   Yes: Open the recovery file.   No: Discard the recovery file.  Cancel: Leave the recovery file on disk ( this prompt will reappear during the next application start) .
        [info] GRPC server running on port: 5282. 
-- Message Window --
Stopping Batch Run: 5:17:23  juil. 19, 2026
Open the recovery file. 
 No: Discard the recovery file.
 Cancel: Leave the recovery file on disk ( this prompt will reappear during the next application start) .
-- Message Window --
      *Global - Messages
        [warning] Electronics Desktop has found a recovery file for an unsaved project : Project3.aedt.auto Please choose one of the following actions for this file:   Yes: Open the recovery file.   No: Discard the recovery file.  Cancel: Leave the recovery file on disk ( this prompt will reappear during the next application start) .
        [error] Error launching GRPC server on port: 5282. Port may be in use. 
-- Message Window --
Stopping Batch Run: 5:06:40  juil. 19, 2026
 
Ansys Electronics Desktop Version 2023.1.0, Build: 2022-11-20 22:10:41
Location: C:\Program Files\AnsysEM\v231\Win64\ansysedt.exe
Non Graphical Mode: No Project??
Starting Batch Run: 5:17:22  juil. 19, 2026
Running as user: SEIFPC\hp
Temp directory: C:\Users\hp\AppData\Local\Temp
Project directory: C:\Users\hp\Documents\Ansoft
[warning] Electronics Desktop has found a recovery file for an unsaved project : Project3.aedt.auto
Please choose one of the following actions for this file: 
 Yes: Open the recovery file. 
 No: Discard the recoverRunning as user: SEIFPC\hp
Temp directory: C:\Users\hp\AppData\Local\Temp
Project directory: C:\Users\hp\Document-- Message Window --
      *Global - Messages
        [warning] Electronics Desktop has found a recovery file for an unsaved project : Project3.aedt.auto Please choose one of the following actions for this file:   Yes: Open the recovery file.   No: Discard the recovery file.  Cancel: Leave the recovery file on disk ( this prompt will rThe project 'my_project' has been edited and/or solved. Do you want to save the changes?
-- Message Window --
      *Global - Messages
        [warning] Electronics Desktop has found a recovery file for an unsaved project : Project3.aedt.auto Please choose one of the following actions for this file:   Yes: Open the recovery file.   No: Discard the recovery file.  Cancel: Leave the recovery file on disk ( this prompt will reappear during the next application start) .
        [info] GRPC server running on port: 2397. 
        [info] The project 'my_project' has been edited and/or solved. Do you want to save the changes?
      my_project (C:/Users/hp/Documents/Ansoft/)
        my_design
          [info] Import Native Bodies: Imported bodies have been scaled to model units. Please analyze the model. (5:17:40  juil. 19, 2026)
          [info] Normal completion of simulation on server: Local Machine. (5:18:31  juil. 19, 2026)
          [error] Script macro error: CG[Solution Order/Choices] is not a property name. (5:18:31  juil. 19, 2026)
          [error] Script macro error: DC[Solution Order/Choices] is not a property name. (5:18:32  juil. 19, 2026)
          [error] Script macro error: CG[Solution Order/Choices] is not a property name. (5:18:32  juil. 19, 2026)
          [error] Script macro error: DC[Solution Order/Choices] is not a property name. (5:18:32  juil. 19, 2026)
          [warning] The variable  'Phase' doesn't have an associated sweep and is excluded from the definition of trace. (5:18:32  juil. 19, 2026)
          [error] Script macro error: CG[Solution Order/Choices] is not a property name. (5:18:33  juil. 19, 2026)
          [error] Script macro error: DC[Solution Order/Choices] is not a property name. (5:18:34  juil. 19, 2026)
          [error] Script macro error: CG[Solution Order/Choices] is not a property name. (5:18:34  juil. 19, 2026)
          [error] Script macro error: DC[Solution Order/Choices] is not a property name. (5:18:34  juil. 19, 2026)
          [warning] The variable  'Phase' doesn't have an associated sweep and is excluded from the definition of trace. (5:18:34  juil. 19, 2026)
-- Message Window --
Stopping Batch Run: 5:26:58  juil. 19, 2026
 
Ansys Electronics Desktop Version 2023.1.0, Build: 2022-11-20 22:10:41
Location: C:\Program Files\AnsysEM\v231\Win64\ansysedt.exe
Non Graphical Mode: No Project??
Starting Batch Run: 5:27:19  juil. 19, 2026
Running as user: SEIFPC\hp
Temp directory: C:\Users\hp\AppData\Local\Temp
Project directory: C:\Users\hp\Documents\Ansoft
[warning] Electronics Desktop has found a recovery file for an unsaved project : Project3.aedt.auto
Please choose one of the following actions for this file: 
 Yes: Open the recovery file. 
 No: Discard the recovery file.
 Cancel: Leave the recovery file on disk ( this prompt will reappear during the next application start) .
-- Message Window --
      *Global - Messages
        [warning] Electronics Desktop has found a recovery file for an unsaved project : Project3.aedt.auto Please choose one of the following actions for this file:   Yes: Open the recovery file.   No: Discard the recovery file.  Cancel: Leave the recovery file on disk ( this prompt will reappear during the next application start) .
        [info] GRPC server running on port: 8206. 
-- Message Window --
Stopping Batch Run: 5:27:35  juil. 19, 2026
 
Ansys Electronics Desktop Version 2023.1.0, Build: 2022-11-20 22:10:41
Location: C:\Program Files\AnsysEM\v231\Win64\ansysedt.exe
Non Graphical Mode: No Project??
Starting Batch Run: 5:27:38  juil. 19, 2026
Running as user: SEIFPC\hp
Temp directory: C:\Users\hp\AppData\Local\Temp
Project directory: C:\Users\hp\Documents\Ansoft
[warning] Electronics Desktop has found a recovery file for an unsaved project : Project3.aedt.auto
Please choose one of the following actions for this file: 
 Yes: Open the recovery file. 
 No: Discard the recovery file.
 Cancel: Leave the recovery file on disk ( this prompt will reappear during the next application start) .
The project 'my_project' has been edited and/or solved. Do you want to save the changes?
-- Message Window --
      *Global - Messages
        [warning] Electronics Desktop has found a recovery file for an unsaved project : Project3.aedt.auto Please choose one of the following actions for this file:   Yes: Open the recovery file.   No: Discard the recovery file.  Cancel: Leave the recovery file on disk ( this prompt will reappear during the next application start) .
        [info] GRPC server running on port: 13914. 
        [info] The project 'my_project' has been edited and/or solved. Do you want to save the changes?
      my_project (C:/Users/hp/Documents/Ansoft/)
        my_design
          [info] Import Native Bodies: Imported bodies have been scaled to model units. Please analyze the model. (5:27:55  juil. 19, 2026)
          [info] Normal completion of simulation on server: Local Machine. (5:28:55  juil. 19, 2026)
          [error] Script macro error: CG[Solution Order/Choices] is not a property name. (5:28:55  juil. 19, 2026)
          [error] Script macro error: DC[Solution Order/Choices] is not a property name. (5:28:55  juil. 19, 2026)
          [error] Script macro error: CG[Solution Order/Choices] is not a property name. (5:28:55  juil. 19, 2026)
          [error] Script macro error: DC[Solution Order/Choices] is not a property name. (5:28:56  juil. 19, 2026)
          [warning] The variable  'Phase' doesn't have an associated sweep and is excluded from the definition of trace. (5:28:56  juil. 19, 2026)
          [error] Script macro error: CG[Solution Order/Choices] is not a property name. (5:28:58  juil. 19, 2026)
          [error] Script macro error: DC[Solution Order/Choices] is not a property name. (5:28:58  juil. 19, 2026)
          [error] Script macro error: CG[Solution Order/Choices] is not a property name. (5:28:58  juil. 19, 2026)
          [error] Script macro error: DC[Solution Order/Choices] is not a property name. (5:28:58  juil. 19, 2026)
          [warning] The variable  'Phase' doesn't have an associated sweep and is excluded from the definition of trace. (5:28:58  juil. 19, 2026)
-- Message Window --
Stopping Batch Run: 5:33:19  juil. 19, 2026
 
Ansys Electronics Desktop Version 2023.1.0, Build: 2022-11-20 22:10:41
Location: C:\Program Files\AnsysEM\v231\Win64\ansysedt.exe
Non Graphical Mode: No Project??
Starting Batch Run: 5:33:28  juil. 19, 2026
Running as user: SEIFPC\hp
Temp directory: C:\Users\hp\AppData\Local\Temp
Project directory: C:\Users\hp\Documents\Ansoft
[warning] Electronics Desktop has found a recovery file for an unsaved project : Project3.aedt.auto
Please choose one of the following actions for this file: 
 Yes: Open the recovery file. 
 No: Discard the recovery file.
 Cancel: Leave the recovery file on disk ( this prompt will reappear during the next application start) .
-- Message Window --
      *Global - Messages
        [warning] Electronics Desktop has found a recovery file for an unsaved project : Project3.aedt.auto Please choose one of the following actions for this file:   Yes: Open the recovery file.   No: Discard the recovery file.  Cancel: Leave the recovery file on disk ( this prompt will reappear during the next application start) .
        [info] GRPC server running on port: 12893. 
-- Message Window --
Stopping Batch Run: 5:33:40  juil. 19, 2026
 
Ansys Electronics Desktop Version 2023.1.0, Build: 2022-11-20 22:10:41
Location: C:\Program Files\AnsysEM\v231\Win64\ansysedt.exe
Non Graphical Mode: No Project??
Starting Batch Run: 5:33:43  juil. 19, 2026
Running as user: SEIFPC\hp
Temp directory: C:\Users\hp\AppData\Local\Temp
Project directory: C:\Users\hp\Documents\Ansoft
[warning] Electronics Desktop has found a recovery file for an unsaved project : Project3.aedt.auto
Please choose one of the following actions for this file: 
 Yes: Open the recovery file. 
 No: Discard the recovery file.
 Cancel: Leave the recovery file on disk ( this prompt will reappear during the next application start) .
The project 'my_project' has been edited and/or solved. Do you want to save the changes?
-- Message Window --
      *Global - Messages
        [warning] Electronics Desktop has found a recovery file for an unsaved project : Project3.aedt.auto Please choose one of the following actions for this file:   Yes: Open the recovery file.   No: Discard the recovery file.  Cancel: Leave the recovery file on disk ( this prompt will reappear during the next application start) .
        [info] GRPC server running on port: 9405. 
        [info] The project 'my_project' has been edited and/or solved. Do you want to save the changes?
      my_project (C:/Users/hp/Documents/Ansoft/)
        my_design
          [info] Import Native Bodies: Imported bodies have been scaled to model units. Please analyze the model. (5:33:59  juil. 19, 2026)
          [info] Normal completion of simulation on server: Local Machine. (5:35:00  juil. 19, 2026)
          [error] Script macro error: CG[Solution Order/Choices] is not a property name. (5:35:00  juil. 19, 2026)
          [error] Script macro error: DC[Solution Order/Choices] is not a property name. (5:35:00  juil. 19, 2026)
          [error] Script macro error: CG[Solution Order/Choices] is not a property name. (5:35:00  juil. 19, 2026)
          [error] Script macro error: DC[Solution Order/Choices] is not a property name. (5:35:01  juil. 19, 2026)
          [warning] The variable  'Phase' doesn't have an associated sweep and is excluded from the definition of trace. (5:35:01  juil. 19, 2026)
          [error] Script macro error: CG[Solution Order/Choices] is not a property name. (5:35:03  juil. 19, 2026)
          [error] Script macro error: DC[Solution Order/Choices] is not a property name. (5:35:03  juil. 19, 2026)
          [error] Script macro error: CG[Solution Order/Choices] is not a property name. (5:35:03  juil. 19, 2026)
          [error] Script macro error: DC[Solution Order/Choices] is not a property name. (5:35:03  juil. 19, 2026)
          [warning] The variable  'Phase' doesn't have an associated sweep and is excluded from the definition of trace. (5:35:03  juil. 19, 2026)
          [warning] my_design: Solutions have been invalidated. Undo to recover. (5:36:21  juil. 19, 2026)
          [error] Script macro error: Name is not a property name. (5:36:23  juil. 19, 2026)
          [error] Script macro error: Type is not a property name. (5:36:23  juil. 19, 2026)
          [warning] Adaptive Passes for AC R/L did not converge based on specified criteria. (5:41:00  juil. 19, 2026)
          [info] Normal completion of simulation on server: Local Machine. (5:41:01  juil. 19, 2026)
          [error] Script macro error: Auto Increase Solution Order is not a property name. (5:41:01  juil. 19, 2026)
          [error] Script macro error: CG[Solution Order/Choices] is not a property name. (5:41:01  juil. 19, 2026)
          [error] Script macro error: Solver Type is not a property name. (5:41:01  juil. 19, 2026)
          [error] Script macro error: Max. Passes (Conduction) is not a property name. (5:41:01  juil. 19, 2026)
          [error] Script macro error: Min. Passes (Conduction) is not a property name. (5:41:01  juil. 19, 2026)
          [error] Script macro error: Min. Converged Passes (Conduction) is not a property name. (5:41:02  juil. 19, 2026)
          [error] Script macro error: Percent Error (Conduction) is not a property name. (5:41:02  juil. 19, 2026)
          [error] Script macro error: Percent Refine (Conduction) is not a property name. (5:41:02  juil. 19, 2026)
          [error] Script macro error: Max. Passes (Multipole) is not a property name. (5:41:02  juil. 19, 2026)
          [error] Script macro error: Min. Passes (Multipole) is not a property name. (5:41:02  juil. 19, 2026)
          [error] Script macro error: Min. Converged Passes (Multipole) is not a property name. (5:41:02  juil. 19, 2026)
          [error] Script macro error: Percent Error (Multipole) is not a property name. (5:41:02  juil. 19, 2026)
          [error] Script macro error: Percent Refine (Multipole) is not a property name. (5:41:02  juil. 19, 2026)
          [error] Script macro error: DC[Solution Order/Choices] is not a property name. (5:41:02  juil. 19, 2026)
          [error] Script macro error: Auto Increase Solution Order is not a property name. (5:41:03  juil. 19, 2026)
          [error] Script macro error: CG[Solution Order/Choices] is not a property name. (5:41:03  juil. 19, 2026)
          [error] Script macro error: Solver Type is not a property name. (5:41:03  juil. 19, 2026)
          [error] Script macro error: Max. Passes (Conduction) is not a property name. (5:41:03  juil. 19, 2026)
          [error] Script macro error: Min. Passes (Conduction) is not a property name. (5:41:03  juil. 19, 2026)
          [error] Script macro error: Min. Converged Passes (Conduction) is not a property name. (5:41:03  juil. 19, 2026)
          [error] Script macro error: Percent Error (Conduction) is not a property name. (5:41:03  juil. 19, 2026)
          [error] Script macro error: Percent Refine (Conduction) is not a property name. (5:41:03  juil. 19, 2026)
          [error] Script macro error: Max. Passes (Multipole) is not a property name. (5:41:03  juil. 19, 2026)
          [error] Script macro error: Min. Passes (Multipole) is not a property name. (5:41:03  juil. 19, 2026)
          [error] Script macro error: Min. Converged Passes (Multipole) is not a property name. (5:41:04  juil. 19, 2026)
          [error] Script macro error: Percent Error (Multipole) is not a property name. (5:41:04  juil. 19, 2026)
          [error] Script macro error: Percent Refine (Multipole) is not a property name. (5:41:04  juil. 19, 2026)
          [error] Script macro error: DC[Solution Order/Choices] is not a property name. (5:41:04  juil. 19, 2026)
          [warning] The variable  'Phase' doesn't have an associated sweep and is excluded from the definition of trace. (5:41:04  juil. 19, 2026)
          [error] Script macro error: Auto Increase Solution Order is not a property name. (5:41:06  juil. 19, 2026)
          [error] Script macro error: CG[Solution Order/Choices] is not a property name. (5:41:06  juil. 19, 2026)
          [error] Script macro error: Solver Type is not a property name. (5:41:06  juil. 19, 2026)
          [error] Script macro error: Max. Passes (Conduction) is not a property name. (5:41:06  juil. 19, 2026)
          [error] Script macro error: Min. Passes (Conduction) is not a property name. (5:41:06  juil. 19, 2026)
          [error] Script macro error: Min. Converged Passes (Conduction) is not a property name. (5:41:06  juil. 19, 2026)
          [error] Script macro error: Percent Error (Conduction) is not a property name. (5:41:06  juil. 19, 2026)
          [error] Script macro error: Percent Refine (Conduction) is not a property name. (5:41:06  juil. 19, 2026)
          [error] Script macro error: Max. Passes (Multipole) is not a property name. (5:41:07  juil. 19, 2026)
          [error] Script macro error: Min. Passes (Multipole) is not a property name. (5:41:07  juil. 19, 2026)
          [error] Script macro error: Min. Converged Passes (Multipole) is not a property name. (5:41:07  juil. 19, 2026)
          [error] Script macro error: Percent Error (Multipole) is not a property name. (5:41:07  juil. 19, 2026)
          [error] Script macro error: Percent Refine (Multipole) is not a property name. (5:41:07  juil. 19, 2026)
          [error] Script macro error: DC[Solution Order/Choices] is not a property name. (5:41:07  juil. 19, 2026)
          [error] Script macro error: Auto Increase Solution Order is not a property name. (5:41:07  juil. 19, 2026)
          [error] Script macro error: CG[Solution Order/Choices] is not a property name. (5:41:07  juil. 19, 2026)
          [error] Script macro error: Solver Type is not a property name. (5:41:07  juil. 19, 2026)
          [error] Script macro error: Max. Passes (Conduction) is not a property name. (5:41:08  juil. 19, 2026)
          [error] Script macro error: Min. Passes (Conduction) is not a property name. (5:41:08  juil. 19, 2026)
          [error] Script macro error: Min. Converged Passes (Conduction) is not a property name. (5:41:08  juil. 19, 2026)
          [error] Script macro error: Percent Error (Conduction) is not a property name. (5:41:08  juil. 19, 2026)
          [error] Script macro error: Percent Refine (Conduction) is not a property name. (5:41:08  juil. 19, 2026)
          [error] Script macro error: Max. Passes (Multipole) is not a property name. (5:41:08  juil. 19, 2026)
          [error] Script macro error: Min. Passes (Multipole) is not a property name. (5:41:08  juil. 19, 2026)
          [error] Script macro error: Min. Converged Passes (Multipole) is not a property name. (5:41:08  juil. 19, 2026)
          [error] Script macro error: Percent Error (Multipole) is not a property name. (5:41:08  juil. 19, 2026)
          [error] Script macro error: Percent Refine (Multipole) is not a property name. (5:41:09  juil. 19, 2026)
          [error] Script macro error: DC[Solution Order/Choices] is not a property name. (5:41:09  juil. 19, 2026)
          [warning] The variable  'Phase' doesn't have an associated sweep and is excluded from the definition of trace. (5:41:09  juil. 19, 2026)
          [info] Accurate transparency rendering is disabled to avoid slow rendering performance. (6:03:31  juil. 19, 2026)
-- Message Window --
Stopping Batch Run: 7:45:58  juil. 19, 2026
 
Ansys Electronics Desktop Version 2023.1.0, Build: 2022-11-20 22:10:41
Location: C:\Program Files\AnsysEM\v231\Win64\ansysedt.exe
Non Graphical Mode: No Project??
Starting Batch Run: 9:48:34  juil. 20, 2026
Running as user: SEIFPC\hp
Temp directory: C:\Users\hp\AppData\Local\Temp
Project directory: C:\Users\hp\Documents\Ansoft
[warning] Electronics Desktop has found a recovery file for an unsaved project : Project3.aedt.auto
Please choose one of the following actions for this file: 
 Yes: Open the recovery file. 
 No: Discard the recovery file.
 Cancel: Leave the recovery file on disk ( this prompt will reappear during the next application start) .
-- Message Window --
      *Global - Messages
        [warning] Electronics Desktop has found a recovery file for an unsaved project : Project3.aedt.auto Please choose one of the following actions for this file:   Yes: Open the recovery file.   No: Discard the recovery file.  Cancel: Leave the recovery file on disk ( this prompt will reappear during the next application start) .
        [info] GRPC server running on port: 12085. 
-- Message Window --
Stopping Batch Run: 9:49:15  juil. 20, 2026
 
Ansys Electronics Desktop Version 2023.1.0, Build: 2022-11-20 22:10:41
Location: C:\Program Files\AnsysEM\v231\Win64\ansysedt.exe
Non Graphical Mode: No Project??
Starting Batch Run: 9:49:18  juil. 20, 2026
Running as user: SEIFPC\hp
Temp directory: C:\Users\hp\AppData\Local\Temp
Project directory: C:\Users\hp\Documents\Ansoft
[warning] Electronics Desktop has found a recovery file for an unsaved project : Project3.aedt.auto
Please choose one of the following actions for this file: 
 Yes: Open the recovery file. 
 No: Discard the recovery file.
 Cancel: Leave the recovery file on disk ( this prompt will reappear during the next application start) .
[warning] Electronics Desktop cannot be closed right now because it is being used by another application, script or extension wizard.

[warning] Electronics Desktop cannot be closed right now because it is being used by another application, script or extension wizard.

[warning] Electronics Desktop cannot be closed right now because it is being used by another application, script or extension wizard.

 
Ansys Electronics Desktop Version 2023.1.0, Build: 2022-11-20 22:10:41
Location: C:\Program Files\AnsysEM\v231\Win64\ansysedt.exe
Non Graphical Mode: No Project??
Starting Batch Run: 11:16:23  juil. 20, 2026
Running as user: SEIFPC\hp
Temp directory: C:\Users\hp\AppData\Local\Temp
Project directory: C:\Users\hp\Documents\Ansoft
[warning] Electronics Desktop has found a recovery file for an unsaved project : Project3.aedt.auto
Please choose one of the following actions for this file: 
 Yes: Open the recovery file. 
 No: Discard the recovery file.
 Cancel: Leave the recovery file on disk ( this prompt will reappear during the next application start) .
-- Message Window --
      *Global - Messages
        [warning] Electronics Desktop has found a recovery file for an unsaved project : Project3.aedt.auto Please choose one of the following actions for this file:   Yes: Open the recovery file.   No: Discard the recovery file.  Cancel: Leave the recovery file on disk ( this prompt will reappear during the next application start) .
        [info] GRPC server running on port: 5503. 
-- Message Window --
Stopping Batch Run: 11:16:39  juil. 20, 2026
 
Ansys Electronics Desktop Version 2023.1.0, Build: 2022-11-20 22:10:41
Location: C:\Program Files\AnsysEM\v231\Win64\ansysedt.exe
Non Graphical Mode: No Project??
Starting Batch Run: 11:16:42  juil. 20, 2026
Running as user: SEIFPC\hp
Temp directory: C:\Users\hp\AppData\Local\Temp
Project directory: C:\Users\hp\Documents\Ansoft
[warning] Electronics Desktop has found a recovery file for an unsaved project : Project3.aedt.auto
Please choose one of the following actions for this file: 
 Yes: Open the recovery file. 
 No: Discard the recovery file.
 Cancel: Leave the recovery file on disk ( this prompt will reappear during the next application start) .
The project 'my_project' has been edited and/or solved. Do you want to save the changes?
-- Message Window --
      *Global - Messages
        [warning] Electronics Desktop has found a recovery file for an unsaved project : Project3.aedt.auto Please choose one of the following actions for this file:   Yes: Open the recovery file.   No: Discard the recovery file.  Cancel: Leave the recovery file on disk ( this prompt will reappear during the next application start) .
        [info] GRPC server running on port: 10445. 
        [info] The project 'my_project' has been edited and/or solved. Do you want to save the changes?
      my_project (C:/Users/hp/Documents/Ansoft/)
        my_design
          [info] Import Native Bodies: Imported bodies have been scaled to model units. Please analyze the model. (11:16:59  juil. 20, 2026)
          [error] Script macro error: Net 'Core': A geometry selection is required for assignment. (11:16:59  juil. 20, 2026)
          [info] Accurate transparency rendering is disabled to avoid slow rendering performance. (11:17:33  juil. 20, 2026)
-- Message Window --
Stopping Batch Run: 11:17:51  juil. 20, 2026
 
Ansys Electronics Desktop Version 2023.1.0, Build: 2022-11-20 22:10:41
Location: C:\Program Files\AnsysEM\v231\Win64\ansysedt.exe
Non Graphical Mode: No Project??
Starting Batch Run: 12:20:17  juil. 20, 2026
Running as user: SEIFPC\hp
Temp directory: C:\Users\hp\AppData\Local\Temp
Project directory: C:\Users\hp\Documents\Ansoft
-- Message Window --
      *Global - Messages
        [info] GRPC server running on port: 12887. 
-- Message Window --
Stopping Batch Run: 12:20:52  juil. 20, 2026
 
Ansys Electronics Desktop Version 2023.1.0, Build: 2022-11-20 22:10:41
Location: C:\Program Files\AnsysEM\v231\Win64\ansysedt.exe
Non Graphical Mode: No Project??
Starting Batch Run: 12:20:56  juil. 20, 2026
Running as user: SEIFPC\hp
Temp directory: C:\Users\hp\AppData\Local\Temp
Project directory: C:\Users\hp\Documents\Ansoft
The project 'my_project' has been edited and/or solved. Do you want to save the changes?
-- Message Window --
      *Global - Messages
        [info] GRPC server running on port: 12939. 
        [info] The project 'my_project' has been edited and/or solved. Do you want to save the changes?
      my_project (C:/Users/hp/Documents/Ansoft/)
        my_design
          [info] Import Native Bodies: Imported bodies have been scaled to model units. Please analyze the model. (12:21:08  juil. 20, 2026)
          [info] Normal completion of simulation on server: Local Machine. (12:21:44  juil. 20, 2026)
          [error] Script macro error: CG[Solution Order/Choices] is not a property name. (12:21:46  juil. 20, 2026)
          [error] Script macro error: DC[Solution Order/Choices] is not a property name. (12:21:46  juil. 20, 2026)
          [error] Script macro error: CG[Solution Order/Choices] is not a property name. (12:21:46  juil. 20, 2026)
          [error] Script macro error: DC[Solution Order/Choices] is not a property name. (12:21:46  juil. 20, 2026)
          [warning] The variable  'Phase' doesn't have an associated sweep and is excluded from the definition of trace. (12:21:46  juil. 20, 2026)
          [error] Script macro error: CG[Solution Order/Choices] is not a property name. (12:21:46  juil. 20, 2026)
          [error] Script macro error: DC[Solution Order/Choices] is not a property name. (12:21:47  juil. 20, 2026)
          [error] Script macro error: CG[Solution Order/Choices] is not a property name. (12:21:47  juil. 20, 2026)
          [error] Script macro error: DC[Solution Order/Choices] is not a property name. (12:21:47  juil. 20, 2026)
          [warning] The variable  'Phase' doesn't have an associated sweep and is excluded from the definition of trace. (12:21:47  juil. 20, 2026)
-- Message Window --
Stopping Batch Run: 12:53:38  juil. 20, 2026
 
Ansys Electronics Desktop Version 2023.1.0, Build: 2022-11-20 22:10:41
Location: C:\Program Files\AnsysEM\v231\Win64\ansysedt.exe
Non Graphical Mode: No Project??
Starting Batch Run: 12:53:43  juil. 20, 2026
Running as user: SEIFPC\hp
Temp directory: C:\Users\hp\AppData\Local\Temp
Project directory: C:\Users\hp\Documents\Ansoft
-- Message Window --
      *Global - Messages
        [info] GRPC server running on port: 1091. 
-- Message Window --
Stopping Batch Run: 12:53:56  juil. 20, 2026
 
Ansys Electronics Desktop Version 2023.1.0, Build: 2022-11-20 22:10:41
Location: C:\Program Files\AnsysEM\v231\Win64\ansysedt.exe
Non Graphical Mode: No Project??
Starting Batch Run: 12:53:59  juil. 20, 2026
Running as user: SEIFPC\hp
Temp directory: C:\Users\hp\AppData\Local\Temp
Project directory: C:\Users\hp\Documents\Ansoft
-- Message Window --
      *Global - Messages
        [info] GRPC server running on port: 13215. 
-- Message Window --
Stopping Batch Run: 12:56:02  juil. 20, 2026
 
Ansys Electronics Desktop Version 2023.1.0, Build: 2022-11-20 22:10:41
Location: C:\Program Files\AnsysEM\v231\Win64\ansysedt.exe
Non Graphical Mode: No Project??
Starting Batch Run: 12:56:05  juil. 20, 2026
Running as user: SEIFPC\hp
Temp directory: C:\Users\hp\AppData\Local\Temp
Project directory: C:\Users\hp\Documents\Ansoft
-- Message Window --
      *Global - Messages
        [info] GRPC server running on port: 13938. 
-- Message Window --
Stopping Batch Run: 1:09:08  juil. 20, 2026
 
Ansys Electronics Desktop Version 2023.1.0, Build: 2022-11-20 22:10:41
Location: C:\Program Files\AnsysEM\v231\Win64\ansysedt.exe
Non Graphical Mode: No Project??
Starting Batch Run: 1:09:11  juil. 20, 2026
Running as user: SEIFPC\hp
Temp directory: C:\Users\hp\AppData\Local\Temp
Project directory: C:\Users\hp\Documents\Ansoft
-- Message Window --
      *Global - Messages
        [info] GRPC server running on port: 3464. 
-- Message Window --
Stopping Batch Run: 1:50:26  juil. 20, 2026
 
Ansys Electronics Desktop Version 2023.1.0, Build: 2022-11-20 22:10:41
Location: C:\Program Files\AnsysEM\v231\Win64\ansysedt.exe
Non Graphical Mode: No Project??
Starting Batch Run: 1:50:31  juil. 20, 2026
Running as user: SEIFPC\hp
Temp directory: C:\Users\hp\AppData\Local\Temp
Project directory: C:\Users\hp\Documents\Ansoft
-- Message Window --
      *Global - Messages
        [info] GRPC server running on port: 13818. 
-- Message Window --
Stopping Batch Run: 10:53:20  juil. 20, 2026
 
Ansys Electronics Desktop Version 2023.1.0, Build: 2022-11-20 22:10:41
Location: C:\Program Files\AnsysEM\v231\Win64\ansysedt.exe
Non Graphical Mode: No Project??
Starting Batch Run: 10:53:26  juil. 20, 2026
Running as user: SEIFPC\hp
Temp directory: C:\Users\hp\AppData\Local\Temp
Project directory: C:\Users\hp\Documents\Ansoft
[warning] New definition not used - already a project definition with name ferrite.

[warning] This editing operation will cause the undo/redo history to be cleared in 'my_design'.

Do you want to continue?
[warning] This editing operation will cause the undo/redo history to be cleared in 'my_design'.

Do you want to continue?
[warning] New definition not used - already a project definition with name ferrite.

[warning] This editing operation will cause the undo/redo history to be cleared in 'my_design'.

Do you want to continue?
[warning] This editing operation will cause the undo/redo history to be cleared in 'my_design'.

Do you want to continue?
 
Ansys Electronics Desktop Version 2023.1.0, Build: 2022-11-20 22:10:41
Location: C:\Program Files\AnsysEM\v231\Win64\ansysedt.exe
Non Graphical Mode: No Project??
Starting Batch Run: 10:11:24  juil. 22, 2026
Running as user: SEIFPC\hp
Temp directory: C:\Users\hp\AppData\Local\Temp
Project directory: C:\Users\hp\Documents\Ansoft
-- Message Window --
      *Global - Messages
        [info] GRPC server running on port: 11508. 
-- Message Window --
Stopping Batch Run: 10:14:46  juil. 22, 2026
 
Ansys Electronics Desktop Version 2023.1.0, Build: 2022-11-20 22:10:41
Location: C:\Program Files\AnsysEM\v231\Win64\ansysedt.exe
Non Graphical Mode: No Project??
Starting Batch Run: 10:20:24  juil. 22, 2026
Running as user: SEIFPC\hp
Temp directory: C:\Users\hp\AppData\Local\Temp
Project directory: C:\Users\hp\Documents\Ansoft
-- Message Window --
      *Global - Messages
        [info] GRPC server running on port: 7295. 
-- Message Window --
Stopping Batch Run: 10:20:46  juil. 22, 2026
 
Ansys Electronics Desktop Version 2023.1.0, Build: 2022-11-20 22:10:41
Location: C:\Program Files\AnsysEM\v231\Win64\ansysedt.exe
Non Graphical Mode: No Project??
Starting Batch Run: 10:20:49  juil. 22, 2026
Running as user: SEIFPC\hp
Temp directory: C:\Users\hp\AppData\Local\Temp
Project directory: C:\Users\hp\Documents\Ansoft
[error] Unable to create/update analysis configuration.
The configuration name cannot be empty.

[error] Unable to create/update analysis configuration.
The configuration name cannot be empty.

[error] Unable to create/update analysis configuration.
The configuration name cannot be empty.

[error] Unable to create/update analysis configuration.
The configuration name cannot be empty.

[warning] New definition not used - already a project definition with name copper.

[error] Select planar face or arc edge to split objects
A solution exists; do you want to create a non model object?

A solution exists; do you want to create a non model object?

[warning] New definition not used - already a project definition with name copper.

 
Ansys Electronics Desktop Version 2023.1.0, Build: 2022-11-20 22:10:41
Location: C:\Program Files\AnsysEM\v231\Win64\ansysedt.exe
Non Graphical Mode: No Project??
Starting Batch Run: 11:12:54  juil. 23, 2026
Running as user: SEIFPC\hp
Temp directory: C:\Users\hp\AppData\Local\Temp
Project directory: C:\Users\hp\Documents\Ansoft
-- Message Window --
      *Global - Messages
        [info] GRPC server running on port: 7539. 
-- Message Window --
Stopping Batch Run: 11:13:42  juil. 23, 2026
 
Ansys Electronics Desktop Version 2023.1.0, Build: 2022-11-20 22:10:41
Location: C:\Program Files\AnsysEM\v231\Win64\ansysedt.exe
Non Graphical Mode: No Project??
Starting Batch Run: 11:13:49  juil. 23, 2026
Running as user: SEIFPC\hp
Temp directory: C:\Users\hp\AppData\Local\Temp
Project directory: C:\Users\hp\Documents\Ansoft
The project 'my_project' has been edited and/or solved. Do you want to save the changes?
-- Message Window --
      *Global - Messages
        [info] GRPC server running on port: 2052. 
        [info] The project 'my_project' has been edited and/or solved. Do you want to save the changes?
      my_project (C:/Users/hp/Documents/Ansoft/)
        my_design
          [info] Import Native Bodies: Imported bodies have been scaled to model units. Please analyze the model. (11:14:07  juil. 23, 2026)
          [info] Accurate transparency rendering is disabled to avoid slow rendering performance. (11:16:36  juil. 23, 2026)
-- Message Window --
Stopping Batch Run: 8:54:38  juil. 23, 2026
 
Ansys Electronics Desktop Version 2023.1.0, Build: 2022-11-20 22:10:41
Location: C:\Program Files\AnsysEM\v231\Win64\ansysedt.exe
Non Graphical Mode: No Project??
Starting Batch Run: 8:55:30  juil. 23, 2026
Running as user: SEIFPC\hp
Temp directory: C:\Users\hp\AppData\Local\Temp
Project directory: C:\Users\hp\Documents\Ansoft
-- Message Window --
      *Global - Messages
        [info] GRPC server running on port: 3462. 
-- Message Window --
Stopping Batch Run: 8:56:02  juil. 23, 2026
 
Ansys Electronics Desktop Version 2023.1.0, Build: 2022-11-20 22:10:41
Location: C:\Program Files\AnsysEM\v231\Win64\ansysedt.exe
Non Graphical Mode: No Project??
Starting Batch Run: 8:56:07  juil. 23, 2026
Running as user: SEIFPC\hp
Temp directory: C:\Users\hp\AppData\Local\Temp
Project directory: C:\Users\hp\Documents\Ansoft
[warning] This editing operation will cause the undo/redo history to be cleared in 'my_design'.

Do you want to continue?
[warning] This editing operation will cause the undo/redo history to be cleared in 'my_design'.

Do you want to continue?
[warning] This editing operation will cause the undo/redo history to be cleared in 'my_design'.

Do you want to continue?
[error] Cannot delete 'teflon_based', it is currently in use.

[warning] This editing operation will cause the undo/redo history to be cleared in 'my_design'.

Do you want to continue?
-- Message Window --
      *Global - Messages
        [info] GRPC server running on port: 10430. 
        [warning] This editing operation will cause the undo/redo history to be cleared in 'my_design'.  Do you want to continue?
        [warning] This editing operation will cause the undo/redo history to be cleared in 'my_design'.  Do you want to continue?
        [warning] This editing operation will cause the undo/redo history to be cleared in 'my_design'.  Do you want to continue?
        [error] Cannot delete 'teflon_based', it is currently in use. 
        [warning] This editing operation will cause the undo/redo history to be cleared in 'my_design'.  Do you want to continue?
-- Message Window --
Stopping Batch Run: 10:05:26  juil. 23, 2026
 
Ansys Electronics Desktop Version 2023.1.0, Build: 2022-11-20 22:10:41
Location: C:\Program Files\AnsysEM\v231\Win64\ansysedt.exe
Non Graphical Mode: No Project??
Starting Batch Run: 10:05:33  juil. 23, 2026
Running as user: SEIFPC\hp
Temp directory: C:\Users\hp\AppData\Local\Temp
Project directory: C:\Users\hp\Documents\Ansoft
The project 'my_project' has been edited and/or solved. Do you want to save the changes?
-- Message Window --
      *Global - Messages
        [info] GRPC server running on port: 8323. 
        [info] The project 'my_project' has been edited and/or solved. Do you want to save the changes?
      my_project (C:/Users/hp/Documents/Ansoft/)
        my_design
          [info] Accurate transparency rendering is disabled to avoid slow rendering performance. (10:05:47  juil. 23, 2026)
          [info] Import Native Bodies: Imported bodies have been scaled to model units. Please analyze the model. (10:05:51  juil. 23, 2026)
          [info] Normal completion of simulation on server: Local Machine. (10:11:05  juil. 23, 2026)
          [error] Script macro error: CG[Solution Order/Choices] is not a property name. (10:11:06  juil. 23, 2026)
          [error] Script macro error: DC[Solution Order/Choices] is not a property name. (10:11:06  juil. 23, 2026)
          [error] Script macro error: CG[Solution Order/Choices] is not a property name. (10:11:06  juil. 23, 2026)
          [error] Script macro error: DC[Solution Order/Choices] is not a property name. (10:11:06  juil. 23, 2026)
          [warning] The variable  'Phase' doesn't have an associated sweep and is excluded from the definition of trace. (10:11:06  juil. 23, 2026)
          [error] Script macro error: CG[Solution Order/Choices] is not a property name. (10:11:25  juil. 23, 2026)
          [error] Script macro error: DC[Solution Order/Choices] is not a property name. (10:11:25  juil. 23, 2026)
          [error] Script macro error: CG[Solution Order/Choices] is not a property name. (10:11:25  juil. 23, 2026)
          [error] Script macro error: DC[Solution Order/Choices] is not a property name. (10:11:26  juil. 23, 2026)
          [warning] The variable  'Phase' doesn't have an associated sweep and is excluded from the definition of trace. (10:11:26  juil. 23, 2026)
          [warning] my_design: Solutions have been invalidated. Undo to recover. (10:12:56  juil. 23, 2026)
          [error] Script macro error: Name is not a property name. (10:13:12  juil. 23, 2026)
          [error] Script macro error: Type is not a property name. (10:13:12  juil. 23, 2026)
          [info] Normal completion of simulation on server: Local Machine. (10:14:48  juil. 23, 2026)
          [error] Script macro error: Auto Increase Solution Order is not a property name. (10:14:49  juil. 23, 2026)
          [error] Script macro error: CG[Solution Order/Choices] is not a property name. (10:14:49  juil. 23, 2026)
          [error] Script macro error: Solver Type is not a property name. (10:14:50  juil. 23, 2026)
          [error] Script macro error: Max. Passes (Conduction) is not a property name. (10:14:50  juil. 23, 2026)
          [error] Script macro error: Min. Passes (Conduction) is not a property name. (10:14:50  juil. 23, 2026)
          [error] Script macro error: Min. Converged Passes (Conduction) is not a property name. (10:14:50  juil. 23, 2026)
          [error] Script macro error: Percent Error (Conduction) is not a property name. (10:14:50  juil. 23, 2026)
          [error] Script macro error: Percent Refine (Conduction) is not a property name. (10:14:50  juil. 23, 2026)
          [error] Script macro error: Max. Passes (Multipole) is not a property name. (10:14:50  juil. 23, 2026)
          [error] Script macro error: Min. Passes (Multipole) is not a property name. (10:14:50  juil. 23, 2026)
          [error] Script macro error: Min. Converged Passes (Multipole) is not a property name. (10:14:50  juil. 23, 2026)
          [error] Script macro error: Percent Error (Multipole) is not a property name. (10:14:51  juil. 23, 2026)
          [error] Script macro error: Percent Refine (Multipole) is not a property name. (10:14:51  juil. 23, 2026)
          [error] Script macro error: DC[Solution Order/Choices] is not a property name. (10:14:51  juil. 23, 2026)
          [error] Script macro error: Auto Increase Solution Order is not a property name. (10:14:51  juil. 23, 2026)
          [error] Script macro error: CG[Solution Order/Choices] is not a property name. (10:14:51  juil. 23, 2026)
          [error] Script macro error: Solver Type is not a property name. (10:14:51  juil. 23, 2026)
          [error] Script macro error: Max. Passes (Conduction) is not a property name. (10:14:51  juil. 23, 2026)
          [error] Script macro error: Min. Passes (Conduction) is not a property name. (10:14:51  juil. 23, 2026)
          [error] Script macro error: Min. Converged Passes (Conduction) is not a property name. (10:14:51  juil. 23, 2026)
          [error] Script macro error: Percent Error (Conduction) is not a property name. (10:14:52  juil. 23, 2026)
          [error] Script macro error: Percent Refine (Conduction) is not a property name. (10:14:52  juil. 23, 2026)
          [error] Script macro error: Max. Passes (Multipole) is not a property name. (10:14:52  juil. 23, 2026)
          [error] Script macro error: Min. Passes (Multipole) is not a property name. (10:14:52  juil. 23, 2026)
          [error] Script macro error: Min. Converged Passes (Multipole) is not a property name. (10:14:52  juil. 23, 2026)
          [error] Script macro error: Percent Error (Multipole) is not a property name. (10:14:52  juil. 23, 2026)
          [error] Script macro error: Percent Refine (Multipole) is not a property name. (10:14:52  juil. 23, 2026)
          [error] Script macro error: DC[Solution Order/Choices] is not a property name. (10:14:52  juil. 23, 2026)
          [warning] The variable  'Phase' doesn't have an associated sweep and is excluded from the definition of trace. (10:14:53  juil. 23, 2026)
          [error] Script macro error: Auto Increase Solution Order is not a property name. (10:15:22  juil. 23, 2026)
          [error] Script macro error: CG[Solution Order/Choices] is not a property name. (10:15:22  juil. 23, 2026)
          [error] Script macro error: Solver Type is not a property name. (10:15:22  juil. 23, 2026)
          [error] Script macro error: Max. Passes (Conduction) is not a property name. (10:15:23  juil. 23, 2026)
          [error] Script macro error: Min. Passes (Conduction) is not a property name. (10:15:23  juil. 23, 2026)
          [error] Script macro error: Min. Converged Passes (Conduction) is not a property name. (10:15:23  juil. 23, 2026)
          [error] Script macro error: Percent Error (Conduction) is not a property name. (10:15:23  juil. 23, 2026)
          [error] Script macro error: Percent Refine (Conduction) is not a property name. (10:15:23  juil. 23, 2026)
          [error] Script macro error: Max. Passes (Multipole) is not a property name. (10:15:23  juil. 23, 2026)
          [error] Script macro error: Min. Passes (Multipole) is not a property name. (10:15:23  juil. 23, 2026)
          [error] Script macro error: Min. Converged Passes (Multipole) is not a property name. (10:15:23  juil. 23, 2026)
          [error] Script macro error: Percent Error (Multipole) is not a property name. (10:15:23  juil. 23, 2026)
          [error] Script macro error: Percent Refine (Multipole) is not a property name. (10:15:24  juil. 23, 2026)
          [error] Script macro error: DC[Solution Order/Choices] is not a property name. (10:15:24  juil. 23, 2026)
          [error] Script macro error: Auto Increase Solution Order is not a property name. (10:15:24  juil. 23, 2026)
          [error] Script macro error: CG[Solution Order/Choices] is not a property name. (10:15:24  juil. 23, 2026)
          [error] Script macro error: Solver Type is not a property name. (10:15:24  juil. 23, 2026)
          [error] Script macro error: Max. Passes (Conduction) is not a property name. (10:15:24  juil. 23, 2026)
          [error] Script macro error: Min. Passes (Conduction) is not a property name. (10:15:24  juil. 23, 2026)
          [error] Script macro error: Min. Converged Passes (Conduction) is not a property name. (10:15:24  juil. 23, 2026)
          [error] Script macro error: Percent Error (Conduction) is not a property name. (10:15:24  juil. 23, 2026)
          [error] Script macro error: Percent Refine (Conduction) is not a property name. (10:15:25  juil. 23, 2026)
          [error] Script macro error: Max. Passes (Multipole) is not a property name. (10:15:25  juil. 23, 2026)
          [error] Script macro error: Min. Passes (Multipole) is not a property name. (10:15:25  juil. 23, 2026)
          [error] Script macro error: Min. Converged Passes (Multipole) is not a property name. (10:15:25  juil. 23, 2026)
          [error] Script macro error: Percent Error (Multipole) is not a property name. (10:15:25  juil. 23, 2026)
          [error] Script macro error: Percent Refine (Multipole) is not a property name. (10:15:25  juil. 23, 2026)
          [error] Script macro error: DC[Solution Order/Choices] is not a property name. (10:15:25  juil. 23, 2026)
          [warning] The variable  'Phase' doesn't have an associated sweep and is excluded from the definition of trace. (10:15:26  juil. 23, 2026)
-- Message Window --
Stopping Batch Run: 10:25:00  juil. 23, 2026
 
Ansys Electronics Desktop Version 2023.1.0, Build: 2022-11-20 22:10:41
Location: C:\Program Files\AnsysEM\v231\Win64\ansysedt.exe
Non Graphical Mode: No Project??
Starting Batch Run: 10:25:25  juil. 23, 2026
Running as user: SEIFPC\hp
Temp directory: C:\Users\hp\AppData\Local\Temp
Project directory: C:\Users\hp\Documents\Ansoft
-- Message Window --
      *Global - Messages
        [info] GRPC server running on port: 13313. 
-- Message Window --
Stopping Batch Run: 10:25:38  juil. 23, 2026
 
Ansys Electronics Desktop Version 2023.1.0, Build: 2022-11-20 22:10:41
Location: C:\Program Files\AnsysEM\v231\Win64\ansysedt.exe
Non Graphical Mode: No Project??
Starting Batch Run: 10:25:42  juil. 23, 2026
Running as user: SEIFPC\hp
Temp directory: C:\Users\hp\AppData\Local\Temp
Project directory: C:\Users\hp\Documents\Ansoft
-- Message Window --
      *Global - Messages
        [info] GRPC server running on port: 13352. 
-- Message Window --
Stopping Batch Run: 10:32:22  juil. 23, 2026
 
Ansys Electronics Desktop Version 2023.1.0, Build: 2022-11-20 22:10:41
Location: C:\Program Files\AnsysEM\v231\Win64\ansysedt.exe
Non Graphical Mode: No Project??
Starting Batch Run: 10:32:27  juil. 23, 2026
Running as user: SEIFPC\hp
Temp directory: C:\Users\hp\AppData\Local\Temp
Project directory: C:\Users\hp\Documents\Ansoft
-- Message Window --
      *Global - Messages
        [info] GRPC server running on port: 7560. 
-- Message Window --
Stopping Batch Run: 11:08:41  juil. 23, 2026
 
Ansys Electronics Desktop Version 2023.1.0, Build: 2022-11-20 22:10:41
Location: C:\Program Files\AnsysEM\v231\Win64\ansysedt.exe
Non Graphical Mode: No Project??
Starting Batch Run: 11:08:46  juil. 23, 2026
Running as user: SEIFPC\hp
Temp directory: C:\Users\hp\AppData\Local\Temp
Project directory: C:\Users\hp\Documents\Ansoft
The project 'my_project' has been edited and/or solved. Do you want to save the changes?
-- Message Window --
      *Global - Messages
        [info] GRPC server running on port: 14178. 
        [info] The project 'my_project' has been edited and/or solved. Do you want to save the changes?
      my_project (C:/Users/hp/Documents/Ansoft/)
        my_design
          [info] Import Native Bodies: Imported bodies have been scaled to model units. Please analyze the model. (11:09:01  juil. 23, 2026)
          [info] Accurate transparency rendering is disabled to avoid slow rendering performance. (11:11:15  juil. 23, 2026)
          [info] Normal completion of simulation on server: Local Machine. (11:16:29  juil. 23, 2026)
          [error] Script macro error: CG[Solution Order/Choices] is not a property name. (11:16:30  juil. 23, 2026)
          [error] Script macro error: DC[Solution Order/Choices] is not a property name. (11:16:30  juil. 23, 2026)
          [error] Script macro error: CG[Solution Order/Choices] is not a property name. (11:16:30  juil. 23, 2026)
          [error] Script macro error: DC[Solution Order/Choices] is not a property name. (11:16:30  juil. 23, 2026)
          [warning] The variable  'Phase' doesn't have an associated sweep and is excluded from the definition of trace. (11:16:31  juil. 23, 2026)
          [error] Script macro error: CG[Solution Order/Choices] is not a property name. (11:16:57  juil. 23, 2026)
          [error] Script macro error: DC[Solution Order/Choices] is not a property name. (11:16:57  juil. 23, 2026)
          [error] Script macro error: CG[Solution Order/Choices] is not a property name. (11:16:57  juil. 23, 2026)
          [error] Script macro error: DC[Solution Order/Choices] is not a property name. (11:16:57  juil. 23, 2026)
          [warning] The variable  'Phase' doesn't have an associated sweep and is excluded from the definition of trace. (11:16:57  juil. 23, 2026)
-- Message Window --
Stopping Batch Run: 10:21:31  juil. 24, 2026
 
Ansys Electronics Desktop Version 2023.1.0, Build: 2022-11-20 22:10:41
Location: C:\Program Files\AnsysEM\v231\Win64\ansysedt.exe
Non Graphical Mode: No Project??
Starting Batch Run: 7:21:12  juil. 27, 2026
Running as user: SEIFPC\hp
Temp directory: C:\Users\hp\AppData\Local\Temp
Project directory: C:\Users\hp\Documents\Ansoft
-- Message Window --
      *Global - Messages
        [info] GRPC server running on port: 12616. 
-- Message Window --
Stopping Batch Run: 7:21:50  juil. 27, 2026
 
Ansys Electronics Desktop Version 2023.1.0, Build: 2022-11-20 22:10:41
Location: C:\Program Files\AnsysEM\v231\Win64\ansysedt.exe
Non Graphical Mode: No Project??
Starting Batch Run: 7:21:54  juil. 27, 2026
Running as user: SEIFPC\hp
Temp directory: C:\Users\hp\AppData\Local\Temp
Project directory: C:\Users\hp\Documents\Ansoft
The project 'my_project' has been edited and/or solved. Do you want to save the changes?
-- Message Window --
      *Global - Messages
        [info] GRPC server running on port: 12671. 
        [info] The project 'my_project' has been edited and/or solved. Do you want to save the changes?
      my_project (C:/Users/hp/Documents/Ansoft/)
        my_design
          [info] Import Native Bodies: Imported bodies have been scaled to model units. Please analyze the model. (7:22:13  juil. 27, 2026)
-- Message Window --
Stopping Batch Run: 7:25:07  juil. 27, 2026
 
Ansys Electronics Desktop Version 2023.1.0, Build: 2022-11-20 22:10:41
Location: C:\Program Files\AnsysEM\v231\Win64\ansysedt.exe
Non Graphical Mode: No Project??
Starting Batch Run: 7:46:31  juil. 28, 2026
Running as user: SEIFPC\hp
Temp directory: C:\Users\hp\AppData\Local\Temp
Project directory: C:\Users\hp\Documents\Ansoft
[warning] Electronics Desktop cannot be closed right now because it is being used by another application, script or extension wizard.

[warning] Electronics Desktop cannot be closed right now because it is being used by another application, script or extension wizard.

[warning] Electronics Desktop cannot be closed right now because it is being used by another application, script or extension wizard.

[warning] Electronics Desktop cannot be closed right now because it is being used by another application, script or extension wizard.

[warning] Electronics Desktop cannot be closed right now because it is being used by another application, script or extension wizard.

[warning] Electronics Desktop cannot be closed right now because it is being used by another application, script or extension wizard.

[warning] Electronics Desktop cannot be closed right now because it is being used by another application, script or extension wizard.

[warning] Electronics Desktop cannot be closed right now because it is being used by another application, script or extension wizard.

[warning] Electronics Desktop cannot be closed right now because it is being used by another application, script or extension wizard.

[warning] Electronics Desktop cannot be closed right now because it is being used by another application, script or extension wizard.

[warning] Electronics Desktop cannot be closed right now because it is being used by another application, script or extension wizard.

[warning] Electronics Desktop cannot be closed right now because it is being used by another application, script or extension wizard.

[error] Project "my_project_maxwell" cannot be closed/deleted because it is in use by another application.
[warning] Electronics Desktop cannot be closed right now because it is being used by another application, script or extension wizard.

[warning] Electronics Desktop cannot be closed right now because it is being used by another application, script or extension wizard.

[warning] Electronics Desktop cannot be closed right now because it is being used by another application, script or extension wizard.

[warning] Electronics Desktop cannot be closed right now because it is being used by another application, script or extension wizard.

[warning] Electronics Desktop cannot be closed right now because it is being used by another application, script or extension wizard.

[warning] Electronics Desktop cannot be closed right now because it is being used by another application, script or extension wizard.

[warning] Electronics Desktop cannot be closed right now because it is being used by another application, script or extension wizard.

[warning] Electronics Desktop cannot be closed right now because it is being used by another application, script or extension wizard.

[warning] Electronics Desktop cannot be closed right now because it is being used by another application, script or extension wizard.

[warning] Electronics Desktop cannot be closed right now because it is being used by another application, script or extension wizard.

[warning] Electronics Desktop cannot be closed right now because it is being used by another application, script or extension wizard.

[warning] Electronics Desktop cannot be closed right now because it is being used by another application, script or extension wizard.

[warning] Electronics Desktop cannot be closed right now because it is being used by another application, script or extension wizard.

[error] Project "my_project_maxwell" cannot be closed/deleted because it is in use by another application.
[warning] Electronics Desktop cannot be closed right now because it is being used by another application, script or extension wizard.

[warning] Electronics Desktop cannot be closed right now because it is being used by another application, script or extension wizard.

[warning] Electronics Desktop cannot be closed right now because it is being used by another application, script or extension wizard.

[warning] Electronics Desktop cannot be closed right now because it is being used by another application, script or extension wizard.

[warning] Electronics Desktop cannot be closed right now because it is being used by another application, script or extension wizard.

[warning] Electronics Desktop cannot be closed right now because it is being used by another application, script or extension wizard.

[warning] Electronics Desktop cannot be closed right now because it is being used by another application, script or extension wizard.

The project 'my_project_maxwell' has been edited and/or solved. Do you want to save the changes?
-- Message Window --
      *Global - Messages
        [warning] Electronics Desktop cannot be closed right now because it is being used by another application, script or extension wizard. 
        [warning] Electronics Desktop cannot be closed right now because it is being used by another application, script or extension wizard.
        [error] Project "my_project_maxwell" cannot be closed/deleted because it is in use by another application.
        [warning] Electronics Desktop cannot be closed right now because it is being used by another application, script or extension wizard. 
        [warning] Electronics Desktop cannot be closed right now because it is being used by another application, script or extension wizard.
        [warning] Electronics Desktop cannot be closed right now because it is being used by another application, script or extension wizard. 
        [warning] Electronics Desktop cannot be closed right now because it is being used by another application, script or extension wizard.
        [warning] Electronics Desktop cannot be closed right now because it is being used by another application, script or extension wizard. 
        [warning] Electronics Desktop cannot be closed right now because it is being used by another application, script or extension wizard.
        [warning] Electronics Desktop cannot be closed right now because it is being used by another application, script or extension wizard. 
        [warning] Electronics Desktop cannot be closed right now because it is being used by another application, script or extension wizard.
        [warning] Electronics Desktop cannot be closed right now because it is being used by another application, script or extension wizard. 
        [warning] Electronics Desktop cannot be closed right now because it is being used by another application, script or extension wizard.
        [warning] Electronics Desktop cannot be closed right now because it is being used by another application, script or extension wizard. 
        [warning] Electronics Desktop cannot be closed right now because it is being used by another application, script or extension wizard.
        [warning] Electronics Desktop cannot be closed right now because it is being used by another application, script or extension wizard. 
        [warning] Electronics Desktop cannot be closed right now because it is being used by another application, script or extension wizard.
        [info] The project 'my_project_maxwell' has been edited and/or solved. Do you want to save the changes?
-- Message Window --
23:36  juil. 28, 2026)
          [warning] 'Solve inside' for object 'rings4' is set, due to material assignment change. (8:23:36  juil. 28, 2026)
          [warning] 'Solve inside' for object 'rings5' is set, due to material assignment change. (8:23:36  juil. 28, 2026)
          [warning] 'Solve inside' for object 'rings6' is set, due to material assignment change. (8:23:36  juil. 28, 2026)
          [warning] 'Solve inside' for object 'rings7' is set, due to material assignment change. (8:23:36  juil. 28, 2026)
          [warning] 'Solve inside' for object 'rings8' is set, due to material assignment change. (8:23:36  juil. 28, 2026)
          [warning] 'Solve inside' for object 'rings9' is set, due to material assignment change. (8:23:37  juil. 28, 2026)
          [warning] 'Solve inside' for object 'rings10' is set, due to material assignment change. (8:23:37  juil. 28, 2026)
          [warning] 'Solve inside' for object 'rings11' is set, due to material assignment change. (8:23:38  juil. 28, 2026)
          [warning] 'Solve inside' for object 'rings12' is set, due to material assignment change. (8:23:38  juil. 28, 2026)
          [warning] 'Solve inside' for object 'rings13' is set, due to material assignment change. (8:23:38  juil. 28, 2026)
          [warning] 'Solve inside' for object 'rings14' is set, due to material assignment change. (8:23:38  juil. 28, 2026)
          [warning] 'Solve inside' for object 'rings15' is set, due to material assignment change. (8:23:38  juil. 28, 2026)
          [warning] 'Solve inside' for object 'rings16' is set, due to material assignment change. (8:23:38  juil. 28, 2026)
          [warning] 'Solve inside' for object 'rings17' is set, due to material assignment change. (8:23:38  juil. 28, 2026)
          [warning] 'Solve inside' for object 'rings18' is set, due to material assignment change. (8:23:39  juil. 28, 2026)
          [warning] 'Solve inside' for object 'rings19' is set, due to material assignment change. (8:23:39  juil. 28, 2026)
          [warning] 'Solve inside' for object 'rings20' is set, due to material assignment change. (8:23:39  juil. 28, 2026)
          [warning] 'Solve inside' for object 'rings21' is set, due to material assignment change. (8:23:40  juil. 28, 2026)
          [warning] 'Solve inside' for object 'rings22' is set, due to material assignment change. (8:23:40  juil. 28, 2026)
          [warning] 'Solve inside' for object 'rings23' is set, due to material assignment change. (8:23:40  juil. 28, 2026)
          [warning] 'Solve inside' for object 'rings24' is set, due to material assignment change. (8:23:40  juil. 28, 2026)
          [warning] 'Solve inside' for object 'rings25' is set, due to material assignment change. (8:23:40  juil. 28, 2026)
          [warning] 'Solve inside' for object 'rings26' is set, due to material assignment change. (8:23:40  juil. 28, 2026)
          [warning] 'Solve inside' for object 'rings27' is set, due to material assignment change. (8:23:40  juil. 28, 2026)
          [warning] 'Solve inside' for object 'rings28' is set, due to material assignment change. (8:23:41  juil. 28, 2026)
          [warning] 'Solve inside' for object 'rings29' is set, due to material assignment change. (8:23:41  juil. 28, 2026)
          [warning] 'Solve inside' for object 'rings30' is set, due to material assignment change. (8:23:41  juil. 28, 2026)
          [warning] 'Solve inside' for object 'rings31' is set, due to material assignment change. (8:23:42  juil. 28, 2026)
          [warning] 'Solve inside' for object 'rings32' is set, due to material assignment change. (8:23:42  juil. 28, 2026)
          [warning] 'Solve inside' for object 'rings33' is set, due to material assignment change. (8:23:42  juil. 28, 2026)
          [warning] 'Solve inside' for object 'rings34' is set, due to material assignment change. (8:23:42  juil. 28, 2026)
          [warning] 'Solve inside' for object 'rings35' is set, due to material assignment change. (8:23:42  juil. 28, 2026)
          [warning] 'Solve inside' for object 'rings36' is set, due to material assignment change. (8:23:42  juil. 28, 2026)
          [warning] 'Solve inside' for object 'rings37' is set, due to material assignment change. (8:23:42  juil. 28, 2026)
          [warning] 'Solve inside' for object 'rings38' is set, due to material assignment change. (8:23:42  juil. 28, 2026)
          [warning] 'Solve inside' for object 'rings39' is set, due to material assignment change. (8:23:43  juil. 28, 2026)
          [warning] 'Solve inside' for object 'rings40' is set, due to material assignment change. (8:23:43  juil. 28, 2026)
          [warning] 'Solve inside' for object 'rings41' is set, due to material assignment change. (8:23:44  juil. 28, 2026)
          [warning] 'Solve inside' for object 'rings42' is set, due to material assignment change. (8:23:44  juil. 28, 2026)
          [warning] 'Solve inside' for object 'rings43' is set, due to material assignment change. (8:23:44  juil. 28, 2026)
          [warning] 'Solve inside' for object 'pinsulator_0' is set, due to material assignment change. (8:23:44  juil. 28, 2026)
          [warning] 'Solve inside' for object 'sinsulator_0' is set, due to material assignment change. (8:23:44  juil. 28, 2026)
          [warning] 'Solve inside' for object 'primary_secondary_insulation' is set, due to material assignment change. (8:23:44  juil. 28, 2026)
          [warning] 'Solve inside' for object 'Core' is set, due to material assignment change. (8:23:45  juil. 28, 2026)
          [info] Verify conduction path: Conduction path validate success. (8:24:03  juil. 28, 2026)
          [info] Verify conduction path: Conduction path validate success. (8:25:19  juil. 28, 2026)
          [error] Simulation was aborted by user on server: Local Machine. (8:30:42  juil. 28, 2026)
          [error] Script macro error: The simulation for my_project_maxwell : Capacitance_Electrostatic : CapSetup has been stopped on user request (8:30:43  juil. 28, 2026)
-- Message Window --
Stopping Batch Run: 8:30:49  juil. 28, 2026
 
Ansys Electronics Desktop Version 2023.1.0, Build: 2022-11-20 22:10:41
Location: C:\Program Files\AnsysEM\v231\Win64\ansysedt.exe
Non Graphical Mode: No Project??
Starting Batch Run: 8:31:27  juil. 28, 2026
Running as user: SEIFPC\hp
Temp directory: C:\Users\hp\AppData\Local\Temp
Project directory: C:\Users\hp\Documents\Ansoft
[warning] Electronics Desktop cannot be closed right now because it is being used by another application, script or extension wizard.

The project 'my_project_maxwell' has been edited and/or solved. Do you want to save the changes?
-- Message Window --
      *Global - Messages
        [info] GRPC server running on port: 12658. 
        [warning] Electronics Desktop cannot be closed right now because it is being used by another application, script or extension wizard. 
        [warning] Electronics Desktop cannot be closed right now because it is being used by another application, script or extension wizard.
        [info] The project 'my_project_maxwell' has been edited and/or solved. Do you want to save the changes?
      my_project_maxwell (C:/Users/hp/Documents/Ansoft/)
        Capacitance_Electrostatic (Electrostatic)
          [info] Import Native Bodies: Imported bodies have been scaled to model units. Please analyze the model. (8:31:50  juil. 28, 2026)
          [warning] 'Solve inside' for object 'ringp1' is set, due to material assignment change. (8:31:52  juil. 28, 2026)
          [warning] 'Solve inside' for object 'ringp2' is set, due to material assignment change. (8:31:52  juil. 28, 2026)
          [warning] 'Solve inside' for object 'ringp3' is set, due to material assignment change. (8:31:52  juil. 28, 2026)
          [warning] 'Solve inside' for object 'ringp4' is set, due to material assignment change. (8:31:52  juil. 28, 2026)
          [warning] 'Solve inside' for object 'ringp5' is set, due to material assignment change. (8:31:52  juil. 28, 2026)
          [warning] 'Solve inside' for object 'ringp6' is set, due to material assignment change. (8:31:52  juil. 28, 2026)
          [warning] 'Solve inside' for object 'ringp7' is set, due to material assignment change. (8:31:52  juil. 28, 2026)
          [warning] 'Solve inside' for object 'ringp8' is set, due to material assignment change. (8:31:53  juil. 28, 2026)
          [warning] 'Solve inside' for object 'ringp9' is set, due to material assignment change. (8:31:53  juil. 28, 2026)
          [warning] 'Solve inside' for object 'ringp10' is set, due to material assignment change. (8:31:53  juil. 28, 2026)
          [warning] 'Solve inside' for object 'ringp11' is set, due to material assignment change. (8:31:53  juil. 28, 2026)
          [warning] 'Solve inside' for object 'ringp12' is set, due to material assignment change. (8:31:54  juil. 28, 2026)
          [warning] 'Solve inside' for object 'ringp13' is set, due to material assignment change. (8:31:54  juil. 28, 2026)
          [warning] 'Solve inside' for object 'ringp14' is set, due to material assignment change. (8:31:54  juil. 28, 2026)
          [warning] 'Solve inside' for object 'ringp15' is set, due to material assignment change. (8:31:54  juil. 28, 2026)
          [warning] 'Solve inside' for object 'ringp16' is set, due to material assignment change. (8:31:54  juil. 28, 2026)
          [warning] 'Solve inside' for object 'ringp17' is set, due to material assignment change. (8:31:54  juil. 28, 2026)
          [warning] 'Solve inside' for object 'rings1' is set, due to material assignment change. (8:31:55  juil. 28, 2026)
          [warning] 'Solve inside' for object 'rings2' is set, due to material assignment change. (8:31:55  juil. 28, 2026)
          [warning] 'Solve inside' for object 'rings3' is set, due to material assignment change. (8:31:55  juil. 28, 2026)
          [warning] 'Solve inside' for object 'rings4' is set, due to material assignment change. (8:31:55  juil. 28, 2026)
          [warning] 'Solve inside' for object 'rings5' is set, due to material assignment change. (8:31:55  juil. 28, 2026)
          [warning] 'Solve inside' for object 'rings6' is set, due to material assignment change. (8:31:55  juil. 28, 2026)
          [warning] 'Solve inside' for object 'rings7' is set, due to material assignment change. (8:31:55  juil. 28, 2026)
          [warning] 'Solve inside' for object 'rings8' is set, due to material assignment change. (8:31:56  juil. 28, 2026)
          [warning] 'Solve inside' for object 'rings9' is set, due to material assignment change. (8:31:56  juil. 28, 2026)
          [warning] 'Solve inside' for object 'rings10' is set, due to material assignment change. (8:31:56  juil. 28, 2026)
          [warning] 'Solve inside' for object 'rings11' is set, due to material assignment change. (8:31:56  juil. 28, 2026)
          [warning] 'Solve inside' for object 'rings12' is set, due to material assignment change. (8:31:57  juil. 28, 2026)
          [warning] 'Solve inside' for object 'rings13' is set, due to material assignment change. (8:31:57  juil. 28, 2026)
          [warning] 'Solve inside' for object 'rings14' is set, due to material assignment change. (8:31:57  juil. 28, 2026)
          [warning] 'Solve inside' for object 'rings15' is set, due to material assignment change. (8:31:57  juil. 28, 2026)
          [warning] 'Solve inside' for object 'rings16' is set, due to material assignment change. (8:31:57  juil. 28, 2026)
          [warning] 'Solve inside' for object 'rings17' is set, due to material assignment change. (8:31:57  juil. 28, 2026)
          [warning] 'Solve inside' for object 'rings18' is set, due to material assignment change. (8:31:57  juil. 28, 2026)
          [warning] 'Solve inside' for object 'rings19' is set, due to material assignment change. (8:31:57  juil. 28, 2026)
          [warning] 'Solve inside' for object 'rings20' is set, due to material assignment change. (8:31:57  juil. 28, 2026)
          [warning] 'Solve inside' for object 'rings21' is set, due to material assignment change. (8:31:58  juil. 28, 2026)
          [warning] 'Solve inside' for object 'rings22' is set, due to material assignment change. (8:31:58  juil. 28, 2026)
          [warning] 'Solve inside' for object 'rings23' is set, due to material assignment change. (8:31:58  juil. 28, 2026)
          [warning] 'Solve inside' for object 'rings24' is set, due to material assignment change. (8:31:58  juil. 28, 2026)
          [warning] 'Solve inside' for object 'rings25' is set, due to material assignment change. (8:31:58  juil. 28, 2026)
          [warning] 'Solve inside' for object 'rings26' is set, due to material assignment change. (8:31:59  juil. 28, 2026)
          [warning] 'Solve inside' for object 'rings27' is set, due to material assignment change. (8:31:59  juil. 28, 2026)
          [warning] 'Solve inside' for object 'rings28' is set, due to material assignment change. (8:31:59  juil. 28, 2026)
          [warning] 'Solve inside' for object 'rings29' is set, due to material assignment change. (8:31:59  juil. 28, 2026)
          [warning] 'Solve inside' for object 'rings30' is set, due to material assignment change. (8:31:59  juil. 28, 2026)
          [warning] 'Solve inside' for object 'rings31' is set, due to material assignment change. (8:32:00  juil. 28, 2026)
          [warning] 'Solve inside' for object 'rings32' is set, due to material assignment change. (8:32:00  juil. 28, 2026)
          [warning] 'Solve inside' for object 'rings33' is set, due to material assignment change. (8:32:00  juil. 28, 2026)
          [warning] 'Solve inside' for object 'rings34' is set, due to material assignment change. (8:32:00  juil. 28, 2026)
          [warning] 'Solve inside' for object 'rings35' is set, due to material assignment change. (8:32:00  juil. 28, 2026)
          [warning] 'Solve inside' for object 'rings36' is set, due to material assignment change. (8:32:00  juil. 28, 2026)
          [warning] 'Solve inside' for object 'rings37' is set, due to material assignment change. (8:32:00  juil. 28, 2026)
          [warning] 'Solve inside' for object 'rings38' is set, due to material assignment change. (8:32:00  juil. 28, 2026)
          [warning] 'Solve inside' for object 'rings39' is set, due to material assignment change. (8:32:00  juil. 28, 2026)
          [warning] 'Solve inside' for object 'rings40' is set, due to material assignment change. (8:32:01  juil. 28, 2026)
          [warning] 'Solve inside' for object 'rings41' is set, due to material assignment change. (8:32:01  juil. 28, 2026)
          [warning] 'Solve inside' for object 'rings42' is set, due to material assignment change. (8:32:01  juil. 28, 2026)
          [warning] 'Solve inside' for object 'rings43' is set, due to material assignment change. (8:32:01  juil. 28, 2026)
          [warning] 'Solve inside' for object 'pinsulator_0' is set, due to material assignment change. (8:32:01  juil. 28, 2026)
          [warning] 'Solve inside' for object 'sinsulator_0' is set, due to material assignment change. (8:32:02  juil. 28, 2026)
          [warning] 'Solve inside' for object 'primary_secondary_insulation' is set, due to material assignment change. (8:32:02  juil. 28, 2026)
          [warning] 'Solve inside' for object 'Core' is set, due to material assignment change. (8:32:02  juil. 28, 2026)
          [info] Verify conduction path: Conduction path validate success. (8:32:16  juil. 28, 2026)
          [info] Verify conduction path: Conduction path validate success. (8:33:04  juil. 28, 2026)
          [error] Simulation was aborted by user on server: Local Machine. (8:34:14  juil. 28, 2026)
          [error] Script macro error: The simulation for my_project_maxwell : Capacitance_Electrostatic : CapSetup has been stopped on user request (8:34:15  juil. 28, 2026)
          [error] Script macro error: Export: The selected matrix/setup does not have solution data. (8:34:18  juil. 28, 2026)
-- Message Window --
Stopping Batch Run: 8:34:24  juil. 28, 2026
 
Ansys Electronics Desktop Version 2023.1.0, Build: 2022-11-20 22:10:41
Location: C:\Program Files\AnsysEM\v231\Win64\ansysedt.exe
Non Graphical Mode: No Project??
Starting Batch Run: 8:35:55  juil. 28, 2026
Running as user: SEIFPC\hp
Temp directory: C:\Users\hp\AppData\Local\Temp
Project directory: C:\Users\hp\Documents\Ansoft
The project 'my_project_maxwell' has been edited and/or solved. Do you want to save the changes?
-- Message Window --
      *Global - Messages
        [info] GRPC server running on port: 6937. 
        [info] The project 'my_project_maxwell' has been edited and/or solved. Do you want to save the changes?
      my_project_maxwell (C:The project 'my_project_maxwell' has been edited and/or solved. Do you want to save the changes?
-- Message Window --
      *Global - Messages
        [info] GRPC server running on port: 2219. 
        [info] The project 'my_project_maxwell' has been edited and/or solved. Do you want to save the changes?
      my_project_maxwell (C:/Users/hp/Documents/Ansoft/)
        Capacitance_Electrostatic (Electrostatic)
          [info] Import Native Bodies: Imported bodies have been scaled to model units. Please analyze the model. (8:49:01  juil. 28, 2026)
          [warning] 'Solve inside' for object 'ringp1' is set, due to material assignment change. (8:49:02  juil. 28, 2026)
          [warning] 'Solve inside' for object 'ringp2' is set, due to material assignment change. (8:49:02  juil. 28, 2026)
          [warning] 'Solve inside' for object 'ringp3' is set, due to material assignment change. (8:49:02  juil. 28, 2026)
          [warning] 'Solve inside' for object 'ringp4' is set, due to material assignment change. (8:49:03  juil. 28, 2026)
          [warning] 'Solve inside' for object 'ringp5' is set, due to material assignment change. (8:49:03  juil. 28, 2026)
          [warning] 'Solve inside' for object 'ringp6' is set, due to material assignment change. (8:49:03  juil. 28, 2026)
          [warning] 'Solve inside' for object 'ringp7' is set, due to material assignment change. (8:49:03  juil. 28, 2026)
          [warning] 'Solve inside' for object 'ringp8' is set, due to material assignment change. (8:49:03  juil. 28, 2026)
          [warning] 'Solve inside' for object 'ringp9' is set, due to material assignment change. (8:49:04  juil. 28, 2026)
          [warning] 'Solve inside' for object 'ringp10' is set, due to material assignment change. (8:49:04  juil. 28, 2026)
          [warning] 'Solve inside' for object 'ringp11' is set, due to material assignment change. (8:49:04  juil. 28, 2026)
          [warning] 'Solve inside' for object 'ringp12' is set, due to material assignment change. (8:49:04  juil. 28, 2026)
          [warning] 'Solve inside' for object 'ringp13' is set, due to material assignment change. (8:49:04  juil. 28, 2026)
          [warning] 'Solve inside' for object 'ringp14' is set, due to material assignment change. (8:49:04  juil. 28, 2026)
          [warning] 'Solve inside' for object 'ringp15' is set, due to material assignment change. (8:49:04  juil. 28, 2026)
          [warning] 'Solve inside' for object 'ringp16' is set, due to material assignment change. (8:49:04  juil. 28, 2026)
          [warning] 'Solve inside' for object 'ringp17' is set, due to material assignment change. (8:49:04  juil. 28, 2026)
          [warning] 'Solve inside' for object 'rings1' is set, due to material assignment change. (8:49:05  juil. 28, 2026)
          [warning] 'Solve inside' for object 'rings2' is set, due to material assignment change. (8:49:05  juil. 28, 2026)
          [warning] 'Solve inside' for object 'rings3' is set, due to material assignment change. (8:49:05  juil. 28, 2026)
          [warning] 'Solve inside' for object 'rings4' is set, due to material assignment change. (8:49:05  juil. 28, 2026)
          [warning] 'Solve inside' for object 'rings5' is set, due to material assignment change. (8:49:05  juil. 28, 2026)
          [warning] 'Solve inside' for object 'rings6' is set, due to material assignment change. (8:49:05  juil. 28, 2026)
          [warning] 'Solve inside' for object 'rings7' is set, due to material assignment change. (8:49:06  juil. 28, 2026)
          [warning] 'Solve inside' for object 'rings8' is set, due to material assignment change. (8:49:06  juil. 28, 2026)
          [warning] 'Solve inside' for object 'rings9' is set, due to material assignment change. (8:49:06  juil. 28, 2026)
          [warning] 'Solve inside' for object 'rings10' is set, due to material assignment change. (8:49:06  juil. 28, 2026)
          [warning] 'Solve inside' for object 'rings11' is set, due to material assignment change. (8:49:06  juil. 28, 2026)
          [warning] 'Solve inside' for object 'rings12' is set, due to material assignment change. (8:49:07  juil. 28, 2026)
          [warning] 'Solve inside' for object 'rings13' is set, due to material assignment change. (8:49:07  juil. 28, 2026)
          [warning] 'Solve inside' for object 'rings14' is set, due to material assignment change. (8:49:07  juil. 28, 2026)
          [warning] 'Solve inside' for object 'rings15' is set, due to material assignment change. (8:49:07  juil. 28, 2026)
          [warning] 'Solve inside' for object 'rings16' is set, due to material assignment change. (8:49:07  juil. 28, 2026)
          [warning] 'Solve inside' for object 'rings17' is set, due to material assignment change. (8:49:07  juil. 28, 2026)
          [warning] 'Solve inside' for object 'rings18' is set, due to material assignment change. (8:49:07  juil. 28, 2026)
          [warning] 'Solve inside' for object 'rings19' is set, due to material assignment change. (8:49:07  juil. 28, 2026)
          [warning] 'Solve inside' for object 'rings20' is set, due to material assignment change. (8:49:07  juil. 28, 2026)
          [warning] 'Solve inside' for object 'rings21' is set, due to material assignment change. (8:49:08  juil. 28, 2026)
          [warning] 'Solve inside' for object 'rings22' is set, due to material assignment change. (8:49:08  juil. 28, 2026)
          [warning] 'Solve inside' for object 'rings23' is set, due to material assignment change. (8:49:08  juil. 28, 2026)
          [warning] 'Solve inside' for object 'rings24' is set, due to material assignment change. (8:49:08  juil. 28, 2026)
          [warning] 'Solve inside' for object 'rings25' is set, due to material assignment change. (8:49:08  juil. 28, 2026)
          [warning] 'Solve inside' for object 'rings26' is set, due to material assignment change. (8:49:08  juil. 28, 2026)
          [warning] 'Solve inside' for object 'rings27' is set, due to material assignment change. (8:49:09  juil. 28, 2026)
          [warning] 'Solve inside' for object 'rings28' is set, due to material assignment change. (8:49:09  juil. 28, 2026)
          [warning] 'Solve inside' for object 'rings29' is set, due to material assignment change. (8:49:09  juil. 28, 2026)
          [warning] 'Solve inside' for object 'rings30' is set, due to material assignment change. (8:49:09  juil. 28, 2026)
          [warning] 'Solve inside' for object 'rings31' is set, due to material assignment change. (8:49:09  juil. 28, 2026)
          [warning] 'Solve inside' for object 'rings32' is set, due to material assignment change. (8:49:09  juil. 28, 2026)
          [warning] 'Solve inside' for object 'rings33' is set, due to material assignment change. (8:49:10  juil. 28, 2026)
          [warning] 'Solve inside' for object 'rings34' is set, due to material assignment change. (8:49:10  juil. 28, 2026)
          [warning] 'Solve inside' for object 'rings35' is set, due to material assignment change. (8:49:10  juil. 28, 2026)
          [warning] 'Solve inside' for object 'rings36' is set, due to material assignment change. (8:49:10  juil. 28, 2026)
          [warning] 'Solve inside' for object 'rings37' is set, due to material assignment change. (8:49:10  juil. 28, 2026)
          [warning] 'Solve inside' for object 'rings38' is set, due to material assignment change. (8:49:10  juil. 28, 2026)
          [warning] 'Solve inside' for object 'rings39' is set, due to material assignment change. (8:49:10  juil. 28, 2026)
          [warning] 'Solve inside' for object 'rings40' is set, due to material assignment change. (8:49:10  juil. 28, 2026)
          [warning] 'Solve inside' for object 'rings41' is set, due to material assignment change. (8:49:11  juil. 28, 2026)
          [warning] 'Solve inside' for object 'rings42' is set, due to material assignment change. (8:49:11  juil. 28, 2026)
          [warning] 'Solve inside' for object 'rings43' is set, due to material assignment change. (8:49:11  juil. 28, 2026)
          [warning] 'Solve inside' for object 'pinsulator_0' is set, due to material assignment change. (8:49:11  juil. 28, 2026)
          [warning] 'Solve inside' for object 'sinsulator_0' is set, due to material assignment change. (8:49:11  juil. 28, 2026)
          [warning] 'Solve inside' for object 'primary_secondary_insulation' is set, due to material assignment change. (8:49:11  juil. 28, 2026)
          [warning] 'Solve inside' for object 'Core' is set, due to material assignment change. (8:49:11  juil. 28, 2026)
          [info] Verify conduction path: Conduction path validate success. (8:49:24  juil. 28, 2026)
          [info] Verify conduction path: Conduction path validate success. (8:50:00  juil. 28, 2026)
          [info] Accurate transparency rendering is disabled to avoid slow rendering performance. (8:54:19  juil. 28, 2026)
          [info] Normal completion of simulation on server: Local Machine. (8:57:53  juil. 28, 2026)
        Inductance_ACMagnetic (Magnetostatic)
          [error] Script macro error: 'AC Magnetic' is not a valid solution type. (9:05:56  juil. 28, 2026)
        Resistance_DCConduction (DCConduction)
          [info] Import Native Bodies: Imported bodies have been scaled to model units. Please analyze the model. (8:58:01  juil. 28, 2026)
          [warning] 'Solve inside' for object 'ringp1' is set, due to material assignment change. (8:58:02  juil. 28, 2026)
          [warning] 'Solve inside' for object 'ringp2' is set, due to material assignment change. (8:58:02  juil. 28, 2026)
          [warning] 'Solve inside' for object 'ringp3' is set, due to material assignment change. (8:58:02  juil. 28, 2026)
          [warning] 'Solve inside' for object 'ringp4' is set, due to material assignment change. (8:58:02  juil. 28, 2026)
          [warning] 'Solve inside' for object 'ringp5' is set, due to material assignment change. (8:58:03  juil. 28, 2026)
          [warning] 'Solve inside' for object 'ringp6' is set, due to material assignment change. (8:58:03  juil. 28, 2026)
          [warning] 'Solve inside' for object 'ringp7' is set, due to material assignment change. (8:58:03  juil. 28, 2026)
          [warning] 'Solve inside' for object 'ringp8' is set, due to material assignment change. (8:58:03  juil. 28, 2026)
          [warning] 'Solve inside' for object 'ringp9' is set, due to material assignment change. (8:58:03  juil. 28, 2026)
          [warning] 'Solve inside' for object 'ringp10' is set, due to material assignment change. (8:58:04  juil. 28, 2026)
          [warning] 'Solve inside' for object 'ringp11' is set, due to material assignment change. (8:58:04  juil. 28, 2026)
          [warning] 'Solve inside' for object 'ringp12' is set, due to material assignment change. (8:58:04  juil. 28, 2026)
          [warning] 'Solve inside' for object 'ringp13' is set, due to material assignment change. (8:58:04  juil. 28, 2026)
          [warning] 'Solve inside' for object 'ringp14' is set, due to material assignment change. (8:58:04  juil. 28, 2026)
          [warning] 'Solve inside' for object 'ringp15' is set, due to material assignment change. (8:58:04  juil. 28, 2026)
          [warning] 'Solve inside' for object 'ringp16' is set, due to material assignment change. (8:58:04  juil. 28, 2026)
          [warning] 'Solve inside' for object 'ringp17' is set, due to material assignment change. (8:58:04  juil. 28, 2026)
          [warning] 'Solve inside' for object 'rings1' is set, due to material assignment change. (8:58:05  juil. 28, 2026)
          [warning] 'Solve inside' for object 'rings2' is set, due to material assignment change. (8:58:05  juil. 28, 2026)
          [warning] 'Solve inside' for object 'rings3' is set, due to material assignment change. (8:58:05  juil. 28, 2026)
          [warning] 'Solve inside' for object 'rings4' is set, due to material assignment change. (8:58:06  juil. 28, 2026)
          [warning] 'Solve inside' for object 'rings5' is set, due to material assignment change. (8:58:06  juil. 28, 2026)
          [warning] 'Solve inside' for object 'rings6' is set, due to material assignment change. (8:58:06  juil. 28, 2026)
          [warning] 'Solve inside' for object 'rings7' is set, due to material assignment change. (8:58:06  juil. 28, 2026)
          [warning] 'Solve inside' for object 'rings8' is set, due to material assignment change. (8:58:06  juil. 28, 2026)
          [warning] 'Solve inside' for object 'rings9' is set, due to material assignment change. (8:58:06  juil. 28, 2026)
          [warning] 'Solve inside' for object 'rings10' is set, due to material assignment change. (8:58:06  juil. 28, 2026)
          [warning] 'Solve inside' for object 'rings11' is set, due to material assignment change. (8:58:06  juil. 28, 2026)
          [warning] 'Solve inside' for object 'rings12' is set, due to material assignment change. (8:58:06  juil. 28, 2026)
          [warning] 'Solve inside' for object 'rings13' is set, due to material assignment change. (8:58:07  juil. 28, 2026)
          [warning] 'Solve inside' for object 'rings14' is set, due to material assignment change. (8:58:07  juil. 28, 2026)
          [warning] 'Solve inside' for object 'rings15' is set, due to material assignment change. (8:58:07  juil. 28, 2026)
          [warning] 'Solve inside' for object 'rings16' is set, due to material assignment change. (8:58:08  juil. 28, 2026)
          [warning] 'Solve inside' for object 'rings17' is set, due to material assignment change. (8:58:08  juil. 28, 2026)
          [warning] 'Solve inside' for object 'rings18' is set, due to material assignment change. (8:58:08  juil. 28, 2026)
          [warning] 'Solve inside' for object 'rings19' is set, due to material assignment change. (8:58:08  juil. 28, 2026)
          [warning] 'Solve inside' for object 'rings20' is set, due to material assignment change. (8:58:08  juil. 28, 2026)
          [warning] 'Solve inside' for object 'rings21' is set, due to material assignment change. (8:58:08  juil. 28, 2026)
          [warning] 'Solve inside' for object 'rings22' is set, due to material assignment change. (8:58:08  juil. 28, 2026)
          [warning] 'Solve inside' for object 'rings23' is set, due to material assignment change. (8:58:09  juil. 28, 2026)
          [warning] 'Solve inside' for object 'rings24' is set, due to material assignment change. (8:58:09  juil. 28, 2026)
          [warning] 'Solve inside' for object 'rings25' is set, due to material assignment change. (8:58:09  juil. 28, 2026)
          [warning] 'Solve inside' for object 'rings26' is set, due to material assignment change. (8:58:09  juil. 28, 2026)
          [warning] 'Solve inside' for object 'rings27' is set, due to material assignment change. (8:58:09  juil. 28, 2026)
          [warning] 'Solve inside' for object 'rings28' is set, due to material assignment change. (8:58:09  juil. 28, 2026)
          [warning] 'Solve inside' for object 'rings29' is set, due to material assignment change. (8:58:10  juil. 28, 2026)
          [warning] 'Solve inside' for object 'rings30' is set, due to material assignment change. (8:58:10  juil. 28, 2026)
          [warning] 'Solve inside' for object 'rings31' is set, due to material assignment change. (8:58:10  juil. 28, 2026)
          [warning] 'Solve inside' for object 'rings32' is set, due to material assignment change. (8:58:10  juil. 28, 2026)
          [warning] 'Solve inside' for object 'rings33' is set, due to material assignment change. (8:58:11  juil. 28, 2026)
          [warning] 'Solve inside' for object 'rings34' is set, due to material assignment change. (8:58:11  juil. 28, 2026)
          [warning] 'Solve inside' for object 'rings35' is set, due to material assignment change. (8:58:11  juil. 28, 2026)
          [warning] 'Solve inside' for object 'rings36' is set, due to material assignment change. (8:58:11  juil. 28, 2026)
          [warning] 'Solve inside' for object 'rings37' is set, due to material assignment change. (8:58:11  juil. 28, 2026)
          [warning] 'Solve inside' for object 'rings38' is set, due to material assignment change. (8:58:11  juil. 28, 2026)
          [warning] 'Solve inside' for object 'rings39' is set, due to material assignment change. (8:58:11  juil. 28, 2026)
          [warning] 'Solve inside' for object 'rings40' is set, due to material assignment change. (8:58:11  juil. 28, 2026)
          [warning] 'Solve inside' for object 'rings41' is set, due to material assignment change. (8:58:11  juil. 28, 2026)
          [warning] 'Solve inside' for object 'rings42' is set, due to material assignment change. (8:58:11  juil. 28, 2026)
          [warning] 'Solve inside' for object 'rings43' is set, due to material assignment change. (8:58:12  juil. 28, 2026)
          [warning] 'Solve inside' for object 'Core' is set, due to material assignment change. (8:58:13  juil. 28, 2026)
          [info] Verify conduction path: Conduction path validate success. (8:58:58  juil. 28, 2026)
          [info] Accurate transparency rendering is disabled to avoid slow rendering performance. (9:00:06  juil. 28, 2026)
          [info] Verify conduction path: Conduction path validate success. (9:00:49  juil. 28, 2026)
          [info] Normal completion of simulation on server: Local Machine. (9:05:50  juil. 28, 2026)
-- Message Window --
Stopping Batch Run: 9:07:13  juil. 28, 2026
 
Ansys Electronics Desktop Version 2023.1.0, Build: 2022-11-20 22:10:41
Location: C:\Program Files\AnsysEM\v231\Win64\ansysedt.exe
Non Graphical Mode: No Project??
Starting Batch Run: 9:18:35  juil. 28, 2026
Running as user: SEIFPC\hp
Temp directory: C:\Users\hp\AppData\Local\Temp
Project directory: C:\Users\hp\Documents\Ansoft
[warning] This editing operation will cause the undo/redo history to be cleared in 'Resistance_DCConduction'.
This editing operation will cause the undo/redo history to be cleared in 'Capacitance_Electrostatic'.
This definition, 'copper - Copy', will be removed from MEMORY and DISK!

	If you choose to continue, 
	you will have NO WAY to recover this definition later.



Do you want to continue?
[warning] This editing operation will cause the undo/redo history to be cleared in 'Resistance_DCConduction'.
This editing operation will cause the undo/redo history to be cleared in 'Capacitance_Electrostatic'.
This definition, 'copper - Copy', will be removed from MEMORY and DISK!

	If you choose to continue, 
	you will have NO WAY to recover this definition later.



Do you want to continue?
[warning] This editing operation will cause the undo/redo history to be cleared in 'Resistance_DCConduction'.
This editing operation will cause the undo/redo history to be cleared in 'Capacitance_Electrostatic'.
This definition, 'copper - Copy', will be removed from MEMORY and DISK!

	If you choose to continue, 
	you will have NO WAY to recover this definition later.



Do you want to continue?
The project 'my_project_maxwell' has been edited and/or solved. Do you want to save the changes?
-- Message Window --
      *Global - Messages
        [info] GRPC server running on port: 4242. 
        [warning] This editing operation will cause the undo/redo history to be cleared in 'Resistance_DCConduction'. This editing operation will cause the undo/redo history to be cleared in 'Capacitance_Electrostatic'. This definition, 'copper - Copy', will be removed from MEMORY and DISK!     If you choose to continue,    you will have NO WAY to recover this definition later.      Do you want to continue?
        [warning] This editing operation will cause the undo/redo history to be cleared in 'Resistance_DCConduction'. This editing operation will cause the undo/redo history to be cleared in 'Capacitance_Electrostatic'. This definition, 'copper - Copy', will be removed from MEMORY and DISK!     If you choose to continue,    you will have NO WAY to recover this definition later.      Do you want to continue?
        [warning] This editing operation will cause the undo/redo history to be cleared in 'Resistance_DCConduction'. This editing operation will cause the undo/redo history to be cleared in 'Capacitance_Electrostatic'. This definition, 'copper - Copy', will be removed from MEMORY and DISK!     If you choose to continue,    you will have NO WAY to recover this definition later.      Do you want to continue?
        [info] The project 'my_project_maxwell' has been edited and/or solved. Do you want to save the changes?
      my_project_maxwell (C:/Users/hp/Documents/Ansoft/)
        Capacitance_Electrostatic (Electrostatic)
          [info] Import Native Bodies: Imported bodies have been scaled to model units. Please analyze the model. (9:18:54  juil. 28, 2026)
          [warning] 'Solve inside' for object 'ringp1' is set, due to material assignment change. (9:18:55  juil. 28, 2026)
          [warning] 'Solve inside' for object 'ringp2' is set, due to material assignment change. (9:18:55  juil. 28, 2026)
          [warning] 'Solve inside' for object 'ringp3' is set, due to material assignment change. (9:18:55  juil. 28, 2026)
          [warning] 'Solve inside' for object 'ringp4' is set, due to material assignment change. (9:18:55  juil. 28, 2026)
          [warning] 'Solve inside' for object 'ringp5' is set, due to material assignment change. (9:18:56  juil. 28, 2026)
          [warning] 'Solve inside' for object 'ringp6' is set, due to material assignment change. (9:18:56  juil. 28, 2026)
          [warning] 'Solve inside' for object 'ringp7' is set, due to material assignment change. (9:18:56  juil. 28, 2026)
          [warning] 'Solve inside' for object 'ringp8' is set, due to material assignment change. (9:18:56  juil. 28, 2026)
          [warning] 'Solve inside' for object 'ringp9' is set, due to material assignment change. (9:18:56  juil. 28, 2026)
          [warning] 'Solve inside' for object 'ringp10' is set, due to material assignment change. (9:18:56  juil. 28, 2026)
          [warning] 'Solve inside' for object 'ringp11' is set, due to material assignment change. (9:18:57  juil. 28, 2026)
          [warning] 'Solve inside' for object 'ringp12' is set, due to material assignment change. (9:18:57  juil. 28, 2026)
          [warning] 'Solve inside' for object 'ringp13' is set, due to material assignment change. (9:18:57  juil. 28, 2026)
          [warning] 'Solve inside' for object 'ringp14' is set, due to material assignment change. (9:18:57  juil. 28, 2026)
          [warning] 'Solve inside' for object 'ringp15' is set, due to material assignment change. (9:18:57  juil. 28, 2026)
          [warning] 'Solve inside' for object 'ringp16' is set, due to material assignment change. (9:18:57  juil. 28, 2026)
          [warning] 'Solve inside' for object 'ringp17' is set, due to material assignment change. (9:18:57  juil. 28, 2026)
          [warning] 'Solve inside' for object 'rings1' is set, due to material assignment change. (9:18:58  juil. 28, 2026)
          [warning] 'Solve inside' for object 'rings2' is set, due to material assignment change. (9:18:58  juil. 28, 2026)
          [warning] 'Solve inside' for object 'rings3' is set, due to material assignment change. (9:18:58  juil. 28, 2026)
          [warning] 'Solve inside' for object 'rings4' is set, due to material assignment change. (9:18:58  juil. 28, 2026)
          [warning] 'Solve inside' for object 'rings5' is set, due to material assignment change. (9:18:58  juil. 28, 2026)
          [warning] 'Solve inside' for object 'rings6' is set, due to material assignment change. (9:18:58  juil. 28, 2026)
          [warning] 'Solve inside' for object 'rings7' is set, due to material assignment change. (9:18:58  juil. 28, 2026)
          [warning] 'Solve inside' for object 'rings8' is set, due to material assignment change. (9:18:58  juil. 28, 2026)
          [warning] 'Solve inside' for object 'rings9' is set, due to material assignment change. (9:18:59  juil. 28, 2026)
          [warning] 'Solve inside' for object 'rings10' is set, due to material assignment change. (9:18:59  juil. 28, 2026)
          [warning] 'Solve inside' for object 'rings11' is set, due to material assignment change. (9:18:59  juil. 28, 2026)
          [warning] 'Solve inside' for object 'rings12' is set, due to material assignment change. (9:18:59  juil. 28, 2026)
          [warning] 'Solve inside' for object 'rings13' is set, due to material assignment change. (9:18:59  juil. 28, 2026)
          [warning] 'Solve inside' for object 'rings14' is set, due to material assignment change. (9:18:59  juil. 28, 2026)
          [warning] 'Solve inside' for object 'rings15' is set, due to material assignment change. (9:19:00  juil. 28, 2026)
          [warning] 'Solve inside' for object 'rings16' is set, due to material assignment change. (9:19:00  juil. 28, 2026)
          [warning] 'Solve inside' for object 'rings17' is set, due to material assignment change. (9:19:00  juil. 28, 2026)
          [warning] 'Solve inside' for object 'rings18' is set, due to material assignment change. (9:19:00  juil. 28, 2026)
          [warning] 'Solve inside' for object 'rings19' is set, due to material assignment change. (9:19:00  juil. 28, 2026)
          [warning] 'Solve inside' for object 'rings20' is set, due to material assignment change. (9:19:00  juil. 28, 2026)
          [warning] 'Solve inside' for object 'rings21' is set, due to material assignment change. (9:19:00  juil. 28, 2026)
          [warning] 'Solve inside' for object 'rings22' is set, due to material assignment change. (9:19:01  juil. 28, 2026)
          [warning] 'Solve inside' for object 'rings23' is set, due to material assignment change. (9:19:01  juil. 28, 2026)
          [warning] 'Solve inside' for object 'rings24' is set, due to material assignment change. (9:19:01  juil. 28, 2026)
          [warning] 'Solve inside' for object 'rings25' is set, due to material assignment change. (9:19:01  juil. 28, 2026)
          [warning] 'Solve inside' for object 'rings26' is set, due to material assignment change. (9:19:01  juil. 28, 2026)
          [warning] 'Solve inside' for object 'rings27' is set, due to material assignment change. (9:19:01  juil. 28, 2026)
          [warning] 'Solve inside' for object 'rings28' is set, due to material assignment change. (9:19:01  juil. 28, 2026)
          [warning] 'Solve inside' for object 'rings29' is set, due to material assignment change. (9:19:01  juil. 28, 2026)
          [warning] 'Solve inside' for object 'rings30' is set, due to material assignment change. (9:19:01  juil. 28, 2026)
          [warning] 'Solve inside' for object 'rings31' is set, due to material assignment change. (9:19:02  juil. 28, 2026)
          [warning] 'Solve inside' for object 'rings32' is set, due to material assignment change. (9:19:02  juil. 28, 2026)
          [warning] 'Solve inside' for object 'rings33' is set, due to material assignment change. (9:19:02  juil. 28, 2026)
          [warning] 'Solve inside' for object 'rings34' is set, due to material assignment change. (9:19:02  juil. 28, 2026)
          [warning] 'Solve inside' for object 'rings35' is set, due to material assignment change. (9:19:02  juil. 28, 2026)
          [warning] 'Solve inside' for object 'rings36' is set, due to material assignment change. (9:19:02  juil. 28, 2026)
          [warning] 'Solve inside' for object 'rings37' is set, due to material assignment change. (9:19:03  juil. 28, 2026)
          [warning] 'Solve inside' for object 'rings38' is set, due to material assignment change. (9:19:03  juil. 28, 2026)
          [warning] 'Solve inside' for object 'rings39' is set, due to material assignment change. (9:19:03  juil. 28, 2026)
          [warning] 'Solve inside' for object 'rings40' is set, due to material assignment change. (9:19:03  juil. 28, 2026)
          [warning] 'Solve inside' for object 'rings41' is set, due to material assignment change. (9:19:03  juil. 28, 2026)
          [warning] 'Solve inside' for object 'rings42' is set, due to material assignment change. (9:19:03  juil. 28, 2026)
          [warning] 'Solve inside' for object 'rings43' is set, due to material assignment change. (9:19:03  juil. 28, 2026)
          [warning] 'Solve inside' for object 'pinsulator_0' is set, due to material assignment change. (9:19:04  juil. 28, 2026)
          [warning] 'Solve inside' for object 'sinsulator_0' is set, due to material assignment change. (9:19:04  juil. 28, 2026)
          [warning] 'Solve inside' for object 'primary_secondary_insulation' is set, due to material assignment change. (9:19:04  juil. 28, 2026)
          [warning] 'Solve inside' for object 'Core' is set, due to material assignment change. (9:19:04  juil. 28, 2026)
          [info] Verify conduction path: Conduction path validate success. (9:19:16  juil. 28, 2026)
          [info] Accurate transparency rendering is disabled to avoid slow rendering performance. (9:20:17  juil. 28, 2026)
          [info] Verify conduction path: Conduction path validate success. (9:20:27  juil. 28, 2026)
          [info] Normal completion of simulation on server: Local Machine. (9:26:40  juil. 28, 2026)
        Inductance_ACMagnetic (Magnetostatic)
          [error] Script macro error: 'AC Magnetic' is not a valid solution type. (9:35:58  juil. 28, 2026)
        Resistance_DCConduction (DCConduction)
          [info] Import Native Bodies: Imported bodies have been scaled to model units. Please analyze the model. (9:26:45  juil. 28, 2026)
          [warning] 'Solve inside' for object 'ringp1' is set, due to material assignment change. (9:26:46  juil. 28, 2026)
          [warning] 'Solve inside' for object 'ringp2' is set, due to material assignment change. (9:26:47  juil. 28, 2026)
          [warning] 'Solve inside' for object 'ringp3' is set, due to material assignment change. (9:26:47  juil. 28, 2026)
          [warning] 'Solve inside' for object 'ringp4' is set, due to material assignment change. (9:26:47  juil. 28, 2026)
          [warning] 'Solve inside' for object 'ringp5' is set, due to material assignment change. (9:26:47  juil. 28, 2026)
          [warning] 'Solve inside' for object 'ringp6' is set, due to material assignment change. (9:26:48  juil. 28, 2026)
          [warning] 'Solve inside' for object 'ringp7' is set, due to material assignment change. (9:26:48  juil. 28, 2026)
          [warning] 'Solve inside' for object 'ringp8' is set, due to material assignment change. (9:26:48  juil. 28, 2026)
          [warning] 'Solve inside' for object 'ringp9' is set, due to material assignment change. (9:26:48  juil. 28, 2026)
          [warning] 'Solve inside' for object 'ringp10' is set, due to material assignment change. (9:26:48  juil. 28, 2026)
          [warning] 'Solve inside' for object 'ringp11' is set, due to material assignment change. (9:26:48  juil. 28, 2026)
          [warning] 'Solve inside' for object 'ringp12' is set, due to material assignment change. (9:26:48  juil. 28, 2026)
          [warning] 'Solve inside' for object 'ringp13' is set, due to material assignment change. (9:26:48  juil. 28, 2026)
          [warning] 'Solve inside' for object 'ringp14' is set, due to material assignment change. (9:26:48  juil. 28, 2026)
          [warning] 'Solve inside' for object 'ringp15' is set, due to material assignment change. (9:26:49  juil. 28, 2026)
          [warning] 'Solve inside' for object 'ringp16' is set, due to material assignment change. (9:26:49  juil. 28, 2026)
          [warning] 'Solve inside' for object 'ringp17' is set, due to material assignment change. (9:26:49  juil. 28, 2026)
          [warning] 'Solve inside' for object 'rings1' is set, due to material assignment change. (9:26:49  juil. 28, 2026)
          [warning] 'Solve inside' for object 'rings2' is set, due to material assignment change. (9:26:50  juil. 28, 2026)
          [warning] 'Solve inside' for object 'rings3' is set, due to material assignment change. (9:26:50  juil. 28, 2026)
          [warning] 'Solve inside' for object 'rings4' is set, due to material assignment change. (9:26:50  juil. 28, 2026)
          [warning] 'Solve inside' for object 'rings5' is set, due to material assignment change. (9:26:50  juil. 28, 2026)
          [warning] 'Solve inside' for object 'rings6' is set, due to material assignment change. (9:26:50  juil. 28, 2026)
          [warning] 'Solve inside' for object 'rings7' is set, due to material assignment change. (9:26:50  juil. 28, 2026)
          [warning] 'Solve inside' for object 'rings8' is set, due to material assignment change. (9:26:50  juil. 28, 2026)
          [warning] 'Solve inside' for object 'rings9' is set, due to material assignment change. (9:26:51  juil. 28, 2026)
          [warning] 'Solve inside' for object 'rings10' is set, due to material assignment change. (9:26:51  juil. 28, 2026)
          [warning] 'Solve inside' for object 'rings11' is set, due to material assignment change. (9:26:51  juil. 28, 2026)
          [warning] 'Solve inside' for object 'rings12' is set, due to material assignment change. (9:26:51  juil. 28, 2026)
          [warning] 'Solve inside' for object 'rings13' is set, due to material assignment change. (9:26:51  juil. 28, 2026)
          [warning] 'Solve inside' for object 'rings14' is set, due to material assignment change. (9:26:51  juil. 28, 2026)
          [warning] 'Solve inside' for object 'rings15' is set, due to material assignment change. (9:26:51  juil. 28, 2026)
          [warning] 'Solve inside' for object 'rings16' is set, due to material assignment change. (9:26:52  juil. 28, 2026)
          [warning] 'Solve inside' for object 'rings17' is set, due to material assignment change. (9:26:52  juil. 28, 2026)
          [warning] 'Solve inside' for object 'rings18' is set, due to material assignment change. (9:26:52  juil. 28, 2026)
          [warning] 'Solve inside' for object 'rings19' is set, due to material assignment change. (9:26:52  juil. 28, 2026)
          [warning] 'Solve inside' for object 'rings20' is set, due to material assignment change. (9:26:53  juil. 28, 2026)
          [warning] 'Solve inside' for object 'rings21' is set, due to material assignment change. (9:26:53  juil. 28, 2026)
          [warning] 'Solve inside' for object 'rings22' is set, due to material assignment change. (9:26:53  juil. 28, 2026)
          [warning] 'Solve inside' for object 'rings23' is set, due to material assignment change. (9:26:53  juil. 28, 2026)
          [warning] 'Solve inside' for object 'rings24' is set, due to material assignment change. (9:26:53  juil. 28, 2026)
          [warning] 'Solve inside' for object 'rings25' is set, due to material assignment change. (9:26:53  juil. 28, 2026)
          [warning] 'Solve inside' for object 'rings26' is set, due to material assignment change. (9:26:53  juil. 28, 2026)
          [warning] 'Solve inside' for object 'rings27' is set, due to material assignment change. (9:26:53  juil. 28, 2026)
          [warning] 'Solve inside' for object 'rings28' is set, due to material assignment change. (9:26:53  juil. 28, 2026)
          [warning] 'Solve inside' for object 'rings29' is set, due to material assignment change. (9:26:54  juil. 28, 2026)
          [warning] 'Solve inside' for object 'rings30' is set, due to material assignment change. (9:26:54  juil. 28, 2026)
          [warning] 'Solve inside' for object 'rings31' is set, due to material assignment change. (9:26:54  juil. 28, 2026)
          [warning] 'Solve inside' for object 'rings32' is set, due to material assignment change. (9:26:54  juil. 28, 2026)
          [warning] 'Solve inside' for object 'rings33' is set, due to material assignment change. (9:26:54  juil. 28, 2026)
          [warning] 'Solve inside' for object 'rings34' is set, due to material assignment change. (9:26:55  juil. 28, 2026)
          [warning] 'Solve inside' for object 'rings35' is set, due to material assignment change. (9:26:55  juil. 28, 2026)
          [warning] 'Solve inside' for object 'rings36' is set, due to material assignment change. (9:26:55  juil. 28, 2026)
          [warning] 'Solve inside' for object 'rings37' is set, due to material assignment change. (9:26:55  juil. 28, 2026)
          [warning] 'Solve inside' for object 'rings38' is set, due to material assignment change. (9:26:55  juil. 28, 2026)
          [warning] 'Solve inside' for object 'rings39' is set, due to material assignment change. (9:26:56  juil. 28, 2026)
          [warning] 'Solve inside' for object 'rings40' is set, due to material assignment change. (9:26:56  juil. 28, 2026)
          [warning] 'Solve inside' for object 'rings41' is set, due to material assignment change. (9:26:56  juil. 28, 2026)
          [warning] 'Solve inside' for object 'rings42' is set, due to material assignment change. (9:26:56  juil. 28, 2026)
          [warning] 'Solve inside' for object 'rings43' is set, due to material assignment change. (9:26:56  juil. 28, 2026)
          [warning] 'Solve inside' for object 'Core' is set, due to material assignment change. (9:26:56  juil. 28, 2026)
          [info] Verify conduction path: Conduction path validate success. (9:27:31  juil. 28, 2026)
          [info] Verify conduction path: Conduction path validate success. (9:30:10  juil. 28, 2026)
          [info] Normal completion of simulation on server: Local Machine. (9:35:53  juil. 28, 2026)
-- Message Window --
Stopping Batch Run: 9:44:55  juil. 28, 2026
 
Ansys Electronics Desktop Version 2023.1.0, Build: 2022-11-20 22:10:41
Location: C:\Program Files\AnsysEM\v231\Win64\ansysedt.exe
Non Graphical Mode: No Project??
Starting Batch Run: 9:45:12  juil. 28, 2026
Running as user: SEIFPC\hp
Temp directory: C:\Users\hp\AppData\Local\Temp
Project directory: C:\Users\hp\Documents\Ansoft
[warning] This editing operation will cause the undo/redo history to be cleared in 'Inductance_ACMagnetic'.

Do you want to continue?
[warning] This editing operation will cause the undo/redo history to be cleared in 'Inductance_ACMagnetic'.

Do you want to continue?
[warning] This editing operation will cause the undo/redo history to be cleared in 'Inductance_ACMagnetic'.

Do you want to continue?
The project 'my_project_maxwell' has been edited and/or solved. Do you want to save the changes?
-- Message Window --
      *Global - Messages
        [info] GRPC server running on port: 11289. 
        [warning] This editing operation will cause the undo/redo history to be cleared in 'Inductance_ACMagnetic'.  Do you want to continue?
        [warning] This editing operation will cause the undo/redo history to be cleaThe project 'my_project_maxwell' has been edited and/or solved. Do you want to save the changes?
-- Message Window --
      *Global - Messages
        [info] GRPC server running on port: 11667. 
        [error] Excitation 'CoilTerminal1': A geometry selection is required for assignment. 
        [info] The project 'my_project_maxwell' has been edited and/or solved. Do you want to save the changes?
      my_project_maxwell (C:/Users/hp/Documents/Ansoft/)
        Inductance_ACMagnetic (EddyCurrent)
          [info] Import Native Bodies: Imported bodies have been scaled to model units. Please analyze the model. (9:55:36  juil. 28, 2026)
          [warning] 'Solve inside' for object 'ringp1' is set, due to material assignment change. (9:55:37  juil. 28, 2026)
          [warning] 'Solve inside' for object 'ringp2' is set, due to material assignment change. (9:55:37  juil. 28, 2026)
          [warning] 'Solve inside' for object 'ringp3' is set, due to material assignment change. (9:55:37  juil. 28, 2026)
          [warning] 'Solve inside' for object 'ringp4' is set, due to material assignment change. (9:55:38  juil. 28, 2026)
          [warning] 'Solve inside' for object 'ringp5' is set, due to material assignment change. (9:55:38  juil. 28, 2026)
          [warning] 'Solve inside' for object 'ringp6' is set, due to material assignment change. (9:55:38  juil. 28, 2026)
          [warning] 'Solve inside' for object 'ringp7' is set, due to material assignment change. (9:55:38  juil. 28, 2026)
          [warning] 'Solve inside' for object 'ringp8' is set, due to material assignment change. (9:55:38  juil. 28, 2026)
          [warning] 'Solve inside' for object 'ringp9' is set, due to material assignment change. (9:55:39  juil. 28, 2026)
          [warning] 'Solve inside' for object 'ringp10' is set, due to material assignment change. (9:55:39  juil. 28, 2026)
          [warning] 'Solve inside' for object 'ringp11' is set, due to material assignment change. (9:55:39  juil. 28, 2026)
          [warning] 'Solve inside' for object 'ringp12' is set, due to material assignment change. (9:55:39  juil. 28, 2026)
          [warning] 'Solve inside' for object 'ringp13' is set, due to material assignment change. (9:55:39  juil. 28, 2026)
          [warning] 'Solve inside' for object 'ringp14' is set, due to material assignment change. (9:55:39  juil. 28, 2026)
          [warning] 'Solve inside' for object 'ringp15' is set, due to material assignment change. (9:55:39  juil. 28, 2026)
          [warning] 'Solve inside' for object 'ringp16' is set, due to material assignment change. (9:55:39  juil. 28, 2026)
          [warning] 'Solve inside' for object 'ringp17' is set, due to material assignment change. (9:55:39  juil. 28, 2026)
          [warning] 'Solve inside' for object 'rings1' is set, due to material assignment change. (9:55:40  juil. 28, 2026)
          [warning] 'Solve inside' for object 'rings2' is set, due to material assignment change. (9:55:40  juil. 28, 2026)
          [warning] 'Solve inside' for object 'rings3' is set, due to material assignment change. (9:55:40  juil. 28, 2026)
          [warning] 'Solve inside' for object 'rings4' is set, due to material assignment change. (9:55:40  juil. 28, 2026)
          [warning] 'Solve inside' for object 'rings5' is set, due to material assignment change. (9:55:40  juil. 28, 2026)
          [warning] 'Solve inside' for object 'rings6' is set, due to material assignment change. (9:55:40  juil. 28, 2026)
          [warning] 'Solve inside' for object 'rings7' is set, due to material assignment change. (9:55:41  juil. 28, 2026)
          [warning] 'Solve inside' for object 'rings8' is set, due to material assignment change. (9:55:41  juil. 28, 2026)
          [warning] 'Solve inside' for object 'rings9' is set, due to material assignment change. (9:55:41  juil. 28, 2026)
          [warning] 'Solve inside' for object 'rings10' is set, due to material assignment change. (9:55:41  juil. 28, 2026)
          [warning] 'Solve inside' for object 'rings11' is set, due to material assignment change. (9:55:41  juil. 28, 2026)
          [warning] 'Solve inside' for object 'rings12' is set, due to material assignment change. (9:55:42  juil. 28, 2026)
          [warning] 'Solve inside' for object 'rings13' is set, due to material assignment change. (9:55:42  juil. 28, 2026)
          [warning] 'Solve inside' for object 'rings14' is set, due to material assignment change. (9:55:42  juil. 28, 2026)
          [warning] 'Solve inside' for object 'rings15' is set, due to material assignment change. (9:55:42  juil. 28, 2026)
          [warning] 'Solve inside' for object 'rings16' is set, due to material assignment change. (9:55:42  juil. 28, 2026)
          [warning] 'Solve inside' for object 'rings17' is set, due to material assignment change. (9:55:42  juil. 28, 2026)
          [warning] 'Solve inside' for object 'rings18' is set, due to material assignment change. (9:55:42  juil. 28, 2026)
          [warning] 'Solve inside' for object 'rings19' is set, due to material assignment change. (9:55:43  juil. 28, 2026)
          [warning] 'Solve inside' for object 'rings20' is set, due to material assignment change. (9:55:43  juil. 28, 2026)
          [warning] 'Solve inside' for object 'rings21' is set, due to material assignment change. (9:55:43  juil. 28, 2026)
          [warning] 'Solve inside' for object 'rings22' is set, due to material assignment change. (9:55:43  juil. 28, 2026)
          [warning] 'Solve inside' for object 'rings23' is set, due to material assignment change. (9:55:43  juil. 28, 2026)
          [warning] 'Solve inside' for object 'rings24' is set, due to material assignment change. (9:55:43  juil. 28, 2026)
          [warning] 'Solve inside' for object 'rings25' is set, due to material assignment change. (9:55:44  juil. 28, 2026)
          [warning] 'Solve inside' for object 'rings26' is set, due to material assignment change. (9:55:44  juil. 28, 2026)
          [warning] 'Solve inside' for object 'rings27' is set, due to material assignment change. (9:55:44  juil. 28, 2026)
          [warning] 'Solve inside' for object 'rings28' is set, due to material assignment change. (9:55:44  juil. 28, 2026)
          [warning] 'Solve inside' for object 'rings29' is set, due to material assignment change. (9:55:44  juil. 28, 2026)
          [warning] 'Solve inside' for object 'rings30' is set, due to material assignment change. (9:55:44  juil. 28, 2026)
          [warning] 'Solve inside' for object 'rings31' is set, due to material assignment change. (9:55:45  juil. 28, 2026)
          [warning] 'Solve inside' for object 'rings32' is set, due to material assignment change. (9:55:45  juil. 28, 2026)
          [warning] 'Solve inside' for object 'rings33' is set, due to material assignment change. (9:55:45  juil. 28, 2026)
          [warning] 'Solve inside' for object 'rings34' is set, due to material assignment change. (9:55:45  juil. 28, 2026)
          [warning] 'Solve inside' for object 'rings35' is set, due to material assignment change. (9:55:45  juil. 28, 2026)
          [warning] 'Solve inside' for object 'rings36' is set, due to material assignment change. (9:55:45  juil. 28, 2026)
          [warning] 'Solve inside' for object 'rings37' is set, due to material assignment change. (9:55:45  juil. 28, 2026)
          [warning] 'Solve inside' for object 'rings38' is set, due to material assignment change. (9:55:45  juil. 28, 2026)
          [warning] 'Solve inside' for object 'rings39' is set, due to material assignment change. (9:55:45  juil. 28, 2026)
          [warning] 'Solve inside' for object 'rings40' is set, due to material assignment change. (9:55:45  juil. 28, 2026)
          [warning] 'Solve inside' for object 'rings41' is set, due to material assignment change. (9:55:46  juil. 28, 2026)
          [warning] 'Solve inside' for object 'rings42' is set, due to material assignment change. (9:55:46  juil. 28, 2026)
          [warning] 'Solve inside' for object 'rings43' is set, due to material assignment change. (9:55:46  juil. 28, 2026)
          [warning] 'Solve inside' for object 'pinsulator_0' is set, due to material assignment change. (9:55:46  juil. 28, 2026)
          [warning] 'Solve inside' for object 'sinsulator_0' is set, due to material assignment change. (9:55:46  juil. 28, 2026)
          [warning] 'Solve inside' for object 'primary_secondary_insulation' is set, due to material assignment change. (9:55:46  juil. 28, 2026)
          [warning] 'Solve inside' for object 'Core' is set, due to material assignment change. (9:55:46  juil. 28, 2026)
          [error] Illegal external terminal 'ringp1_coil': An external terminal must border the edge of the problem region and coincides with the surface of a 3D object. (9:56:26  juil. 28, 2026)
          [error] Illegal external terminal 'ringp2_coil': An external terminal must border the edge of the problem region and coincides with the surface of a 3D object. (9:56:26  juil. 28, 2026)
          [error] Illegal external terminal 'ringp3_coil': An external terminal must border the edge of the problem region and coincides with the surface of a 3D object. (9:56:26  juil. 28, 2026)
          [error] Illegal external terminal 'ringp4_coil': An external terminal must border the edge of the problem region and coincides with the surface of a 3D object. (9:56:26  juil. 28, 2026)
          [error] Illegal external terminal 'ringp5_coil': An external terminal must border the edge of the problem region and coincides with the surface of a 3D object. (9:56:26  juil. 28, 2026)
          [error] Illegal external terminal 'ringp6_coil': An external terminal must border the edge of the problem region and coincides with the surface of a 3D object. (9:56:26  juil. 28, 2026)
          [error] Illegal external terminal 'ringp7_coil': An external terminal must border the edge of the problem region and coincides with the surface of a 3D object. (9:56:26  juil. 28, 2026)
          [error] Illegal external terminal 'ringp8_coil': An external terminal must border the edge of the problem region and coincides with the surface of a 3D object. (9:56:26  juil. 28, 2026)
          [error] Illegal external terminal 'ringp9_coil': An external terminal must border the edge of the problem region and coincides with the surface of a 3D object. (9:56:26  juil. 28, 2026)
          [error] Illegal external terminal 'ringp10_coil': An external terminal must border the edge of the problem region and coincides with the surface of a 3D object. (9:56:26  juil. 28, 2026)
          [error] Illegal external terminal 'ringp11_coil': An external terminal must border the edge of the problem region and coincides with the surface of a 3D object. (9:56:26  juil. 28, 2026)
          [error] Illegal external terminal 'ringp12_coil': An external terminal must border the edge of the problem region and coincides with the surface of a 3D object. (9:56:26  juil. 28, 2026)
          [error] Illegal external terminal 'ringp13_coil': An external terminal must border the edge of the problem region and coincides with the surface of a 3D object. (9:56:26  juil. 28, 2026)
          [error] Illegal external terminal 'ringp14_coil': An external terminal must border the edge of the problem region and coincides with the surface of a 3D object. (9:56:26  juil. 28, 2026)
          [error] Illegal external terminal 'ringp15_coil': An external terminal must border the edge of the problem region and coincides with the surface of a 3D object. (9:56:26  juil. 28, 2026)
          [error] Illegal external terminal 'ringp16_coil': An external terminal must border the edge of the problem region and coincides with the surface of a 3D object. (9:56:26  juil. 28, 2026)
          [error] Illegal external terminal 'ringp17_coil': An external terminal must border the edge of the problem region and coincides with the surface of a 3D object. (9:56:26  juil. 28, 2026)
          [error] Illegal external terminal 'rings1_coil': An external terminal must border the edge of the problem region and coincides with the surface of a 3D object. (9:56:26  juil. 28, 2026)
          [error] Illegal external terminal 'rings2_coil': An external terminal must border the edge of the problem region and coincides with the surface of a 3D object. (9:56:26  juil. 28, 2026)
          [error] Illegal external terminal 'rings3_coil': An external terminal must border the edge of the problem region and coincides with the surface of a 3D object. (9:56:26  juil. 28, 2026)
          [error] Illegal external terminal 'rings4_coil': An external terminal must border the edge of the problem region and coincides with the surface of a 3D object. (9:56:26  juil. 28, 2026)
          [error] Illegal external terminal 'rings5_coil': An external terminal must border the edge of the problem region and coincides with the surface of a 3D object. (9:56:26  juil. 28, 2026)
          [error] Illegal external terminal 'rings6_coil': An external terminal must border the edge of the problem region and coincides with the surface of a 3D object. (9:56:26  juil. 28, 2026)
          [error] Illegal external terminal 'rings7_coil': An external terminal must border the edge of the problem region and coincides with the surface of a 3D object. (9:56:26  juil. 28, 2026)
          [error] Illegal external terminal 'rings8_coil': An external terminal must border the edge of the problem region and coincides with the surface of a 3D object. (9:56:26  juil. 28, 2026)
          [error] Illegal external terminal 'rings9_coil': An external terminal must border the edge of the problem region and coincides with the surface of a 3D object. (9:56:26  juil. 28, 2026)
          [error] Illegal external terminal 'rings10_coil': An external terminal must border the edge of the problem region and coincides with the surface of a 3D object. (9:56:26  juil. 28, 2026)
          [error] Illegal external terminal 'rings11_coil': An external terminal must border the edge of the problem region and coincides with the surface of a 3D object. (9:56:26  juil. 28, 2026)
          [error] Illegal external terminal 'rings12_coil': An external terminal must border the edge of the problem region and coincides with the surface of a 3D object. (9:56:26  juil. 28, 2026)
          [error] Illegal external terminal 'rings13_coil': An external terminal must border the edge of the problem region and coincides with the surface of a 3D object. (9:56:26  juil. 28, 2026)
          [error] Illegal external terminal 'rings14_coil': An external terminal must border the edge of the problem region and coincides with the surface of a 3D object. (9:56:26  juil. 28, 2026)
          [error] Illegal external terminal 'rings15_coil': An external terminal must border the edge of the problem region and coincides with the surface of a 3D object. (9:56:26  juil. 28, 2026)
          [error] Illegal external terminal 'rings16_coil': An external terminal must border the edge of the problem region and coincides with the surface of a 3D object. (9:56:26  juil. 28, 2026)
          [error] Illegal external terminal 'rings17_coil': An external terminal must border the edge of the problem region and coincides with the surface of a 3D object. (9:56:26  juil. 28, 2026)
          [error] Illegal external terminal 'rings18_coil': An external terminal must border the edge of the problem region and coincides with the surface of a 3D object. (9:56:26  juil. 28, 2026)
          [error] Illegal external terminal 'rings19_coil': An external terminal must border the edge of the problem region and coincides with the surface of a 3D object. (9:56:26  juil. 28, 2026)
          [error] Illegal external terminal 'rings20_coil': An external terminal must border the edge of the problem region and coincides with the surface of a 3D object. (9:56:26  juil. 28, 2026)
          [error] Illegal external terminal 'rings21_coil': An external terminal must border the edge of the problem region and coincides with the surface of a 3D object. (9:56:26  juil. 28, 2026)
          [error] Illegal external terminal 'rings22_coil': An external terminal must border the edge of the problem region and coincides with the surface of a 3D object. (9:56:26  juil. 28, 2026)
          [error] Illegal external terminal 'rings23_coil': An external terminal must border the edge of the problem region and coincides with the surface of a 3D object. (9:56:26  juil. 28, 2026)
          [error] Illegal external terminal 'rings24_coil': An external terminal must border the edge of the problem region and coincides with the surface of a 3D object. (9:56:26  juil. 28, 2026)
          [error] Illegal external terminal 'rings25_coil': An external terminal must border the edge of the problem region and coincides with the surface of a 3D object. (9:56:26  juil. 28, 2026)
          [error] Illegal external terminal 'rings26_coil': An external terminal must border the edge of the problem region and coincides with the surface of a 3D object. (9:56:26  juil. 28, 2026)
          [error] Illegal external terminal 'rings27_coil': An external terminal must border the edge of the problem region and coincides with the surface of a 3D object. (9:56:26  juil. 28, 2026)
          [error] Illegal external terminal 'rings28_coil': An external terminal must border the edge of the problem region and coincides with the surface of a 3D object. (9:56:26  juil. 28, 2026)
          [error] Illegal external terminal 'rings29_coil': An external terminal must border the edge of the problem region and coincides with the surface of a 3D object. (9:56:26  juil. 28, 2026)
          [error] Illegal external terminal 'rings30_coil': An external terminal must border the edge of the problem region and coincides with the surface of a 3D object. (9:56:26  juil. 28, 2026)
          [error] Illegal external terminal 'rings31_coil': An external terminal must border the edge of the problem region and coincides with the surface of a 3D object. (9:56:26  juil. 28, 2026)
          [error] Illegal external terminal 'rings32_coil': An external terminal must border the edge of the problem region and coincides with the surface of a 3D object. (9:56:26  juil. 28, 2026)
          [error] Illegal external terminal 'rings33_coil': An external terminal must border the edge of the problem region and coincides with the surface of a 3D object. (9:56:26  juil. 28, 2026)
          [error] Illegal external terminal 'rings34_coil': An external terminal must border the edge of the problem region and coincides with the surface of a 3D object. (9:56:26  juil. 28, 2026)
          [error] Illegal external terminal 'rings35_coil': An external terminal must border the edge of the problem region and coincides with the surface of a 3D object. (9:56:26  juil. 28, 2026)
          [error] Illegal external terminal 'rings36_coil': An external terminal must border the edge of the problem region and coincides with the surface of a 3D object. (9:56:26  juil. 28, 2026)
          [error] Illegal external terminal 'rings37_coil': An external terminal must border the edge of the problem region and coincides with the surface of a 3D object. (9:56:26  juil. 28, 2026)
          [error] Illegal external terminal 'rings38_coil': An external terminal must border the edge of the problem region and coincides with the surface of a 3D object. (9:56:26  juil. 28, 2026)
          [error] Illegal external terminal 'rings39_coil': An external terminal must border the edge of the problem region and coincides with the surface of a 3D object. (9:56:26  juil. 28, 2026)
          [error] Illegal external terminal 'rings40_coil': An external terminal must border the edge of the problem region and coincides with the surface of a 3D object. (9:56:26  juil. 28, 2026)
          [error] Illegal external terminal 'rings41_coil': An external terminal must border the edge of the problem region and coincides with the surface of a 3D object. (9:56:26  juil. 28, 2026)
          [error] Illegal external terminal 'rings42_coil': An external terminal must border the edge of the problem region and coincides with the surface of a 3D object. (9:56:26  juil. 28, 2026)
          [error] Illegal external terminal 'rings43_coil': An external terminal must border the edge of the problem region and coincides with the surface of a 3D object. (9:56:26  juil. 28, 2026)
          [info] Accurate transparency rendering is disabled to avoid slow rendering performance. (9:58:09  juil. 28, 2026)
          [warning] Eddy effect settings may need revisiting due to the recent changes in the design.  The default value will be used for the object if the value is not specified.  (10:00:07  juil. 28, 2026)
          [error] Illegal external terminal 'ringp1_coil': An external terminal must border the edge of the problem region and coincides with the surface of a 3D object. (10:00:07  juil. 28, 2026)
          [error] Illegal external terminal 'ringp2_coil': An external terminal must border the edge of the problem region and coincides with the surface of a 3D object. (10:00:07  juil. 28, 2026)
          [error] Illegal external terminal 'ringp3_coil': An external terminal must border the edge of the problem region and coincides with the surface of a 3D object. (10:00:07  juil. 28, 2026)
          [error] Illegal external terminal 'ringp4_coil': An external terminal must border the edge of the problem region and coincides with the surface of a 3D object. (10:00:07  juil. 28, 2026)
          [error] Illegal external terminal 'ringp5_coil': An external terminal must border the edge of the problem region and coincides with the surface of a 3D object. (10:00:07  juil. 28, 2026)
          [error] Illegal external terminal 'ringp6_coil': An external terminal must border the edge of the problem region and coincides with the surface of a 3D object. (10:00:07  juil. 28, 2026)
          [error] Illegal external terminal 'ringp7_coil': An external terminal must border the edge of the problem region and coincides with the surface of a 3D object. (10:00:07  juil. 28, 2026)
          [error] Illegal external terminal 'ringp8_coil': An external terminal must border the edge of the problem region and coincides with the surface of a 3D object. (10:00:07  juil. 28, 2026)
          [error] Illegal external terminal 'ringp9_coil': An external terminal must border the edge of the problem region and coincides with the surface of a 3D object. (10:00:07  juil. 28, 2026)
          [error] Illegal external terminal 'ringp10_coil': An external terminal must border the edge of the problem region and coincides with the surface of a 3D object. (10:00:07  juil. 28, 2026)
          [error] Illegal external terminal 'ringp11_coil': An external terminal must border the edge of the problem region and coincides with the surface of a 3D object. (10:00:07  juil. 28, 2026)
          [error] Illegal external terminal 'ringp12_coil': An external terminal must border the edge of the problem region and coincides with the surface of a 3D object. (10:00:07  juil. 28, 2026)
          [error] Illegal external terminal 'ringp13_coil': An external terminal must border the edge of the problem region and coincides with the surface of a 3D object. (10:00:07  juil. 28, 2026)
          [error] Illegal external terminal 'ringp14_coil': An external terminal must border the edge of the problem region and coincides with the surface of a 3D object. (10:00:07  juil. 28, 2026)
          [error] Illegal external terminal 'ringp15_coil': An external terminal must border the edge of the problem region and coincides with the surface of a 3D object. (10:00:07  juil. 28, 2026)
          [error] Illegal external terminal 'ringp16_coil': An external terminal must border the edge of the problem region and coincides with the surface of a 3D object. (10:00:07  juil. 28, 2026)
          [error] Illegal external terminal 'ringp17_coil': An external terminal must border the edge of the problem region and coincides with the surface of a 3D object. (10:00:07  juil. 28, 2026)
          [error] Illegal external terminal 'rings1_coil': An external terminal must border the edge of the problem region and coincides with the surface of a 3D object. (10:00:07  juil. 28, 2026)
          [error] Illegal external terminal 'rings2_coil': An external terminal must border the edge of the problem region and coincides with the surface of a 3D object. (10:00:07  juil. 28, 2026)
          [error] Illegal external terminal 'rings3_coil': An external terminal must border the edge of the problem region and coincides with the surface of a 3D object. (10:00:07  juil. 28, 2026)
          [error] Illegal external terminal 'rings4_coil': An external terminal must border the edge of the problem region and coincides with the surface of a 3D object. (10:00:07  juil. 28, 2026)
          [error] Illegal external terminal 'rings5_coil': An external terminal must border the edge of the problem region and coincides with the surface of a 3D object. (10:00:07  juil. 28, 2026)
          [error] Illegal external terminal 'rings6_coil': An external terminal must border the edge of the problem region and coincides with the surface of a 3D object. (10:00:07  juil. 28, 2026)
          [error] Illegal external terminal 'rings7_coil': An external terminal must border the edge of the problem region and coincides with the surface of a 3D object. (10:00:07  juil. 28, 2026)
          [error] Illegal external terminal 'rings8_coil': An external terminal must border the edge of the problem region and coincides with the surface of a 3D object. (10:00:07  juil. 28, 2026)
          [error] Illegal external terminal 'rings9_coil': An external terminal must border the edge of the problem region and coincides with the surface of a 3D object. (10:00:08  juil. 28, 2026)
          [error] Illegal external terminal 'rings10_coil': An external terminal must border the edge of the problem region and coincides with the surface of a 3D object. (10:00:08  juil. 28, 2026)
          [error] Illegal external terminal 'rings11_coil': An external terminal must border the edge of the problem region and coincides with the surface of a 3D object. (10:00:08  juil. 28, 2026)
          [error] Illegal external terminal 'rings12_coil': An external terminal must border the edge of the problem region and coincides with the surface of a 3D object. (10:00:08  juil. 28, 2026)
          [error] Illegal external terminal 'rings13_coil': An external terminal must border the edge of the problem region and coincides with the surface of a 3D object. (10:00:08  juil. 28, 2026)
          [error] Illegal external terminal 'rings14_coil': An external terminal must border the edge of the problem region and coincides with the surface of a 3D object. (10:00:08  juil. 28, 2026)
          [error] Illegal external terminal 'rings15_coil': An external terminal must border the edge of the problem region and coincides with the surface of a 3D object. (10:00:08  juil. 28, 2026)
          [error] Illegal external terminal 'rings16_coil': An external terminal must border the edge of the problem region and coincides with the surface of a 3D object. (10:00:08  juil. 28, 2026)
          [error] Illegal external terminal 'rings17_coil': An external terminal must border the edge of the problem region and coincides with the surface of a 3D object. (10:00:08  juil. 28, 2026)
          [error] Illegal external terminal 'rings18_coil': An external terminal must border the edge of the problem region and coincides with the surface of a 3D object. (10:00:08  juil. 28, 2026)
          [error] Illegal external terminal 'rings19_coil': An external terminal must border the edge of the problem region and coincides with the surface of a 3D object. (10:00:08  juil. 28, 2026)
          [error] Illegal external terminal 'rings20_coil': An external terminal must border the edge of the problem region and coincides with the surface of a 3D object. (10:00:08  juil. 28, 2026)
          [error] Illegal external terminal 'rings21_coil': An external terminal must border the edge of the problem region and coincides with the surface of a 3D object. (10:00:08  juil. 28, 2026)
          [error] Illegal external terminal 'rings22_coil': An external terminal must border the edge of the problem region and coincides with the surface of a 3D object. (10:00:08  juil. 28, 2026)
          [error] Illegal external terminal 'rings23_coil': An external terminal must border the edge of the problem region and coincides with the surface of a 3D object. (10:00:08  juil. 28, 2026)
          [error] Illegal external terminal 'rings24_coil': An external terminal must border the edge of the problem region and coincides with the surface of a 3D object. (10:00:08  juil. 28, 2026)
          [error] Illegal external terminal 'rings25_coil': An external terminal must border the edge of the problem region and coincides with the surface of a 3D object. (10:00:08  juil. 28, 2026)
          [error] Illegal external terminal 'rings26_coil': An external terminal must border the edge of the problem region and coincides with the surface of a 3D object. (10:00:08  juil. 28, 2026)
          [error] Illegal external terminal 'rings27_coil': An external terminal must border the edge of the problem region and coincides with the surface of a 3D object. (10:00:08  juil. 28, 2026)
          [error] Illegal external terminal 'rings28_coil': An external terminal must border the edge of the problem region and coincides with the surface of a 3D object. (10:00:08  juil. 28, 2026)
          [error] Illegal external terminal 'rings29_coil': An external terminal must border the edge of the problem region and coincides with the surface of a 3D object. (10:00:08  juil. 28, 2026)
          [error] Illegal external terminal 'rings30_coil': An external terminal must border the edge of the problem region and coincides with the surface of a 3D object. (10:00:08  juil. 28, 2026)
          [error] Illegal external terminal 'rings31_coil': An external terminal must border the edge of the problem region and coincides with the surface of a 3D object. (10:00:08  juil. 28, 2026)
          [error] Illegal external terminal 'rings32_coil': An external terminal must border the edge of the problem region and coincides with the surface of a 3D object. (10:00:08  juil. 28, 2026)
          [error] Illegal external terminal 'rings33_coil': An external terminal must border the edge of the problem region and coincides with the surface of a 3D object. (10:00:08  juil. 28, 2026)
          [error] Illegal external terminal 'rings34_coil': An external terminal must border the edge of the problem region and coincides with the surface of a 3D object. (10:00:08  juil. 28, 2026)
          [error] Illegal external terminal 'rings35_coil': An external terminal must border the edge of the problem region and coincides with the surface of a 3D object. (10:00:08  juil. 28, 2026)
          [error] Illegal external terminal 'rings36_coil': An external terminal must border the edge of the problem region and coincides with the surface of a 3D object. (10:00:08  juil. 28, 2026)
          [error] Illegal external terminal 'rings37_coil': An external terminal must border the edge of the problem region and coincides with the surface of a 3D object. (10:00:08  juil. 28, 2026)
          [error] Illegal external terminal 'rings38_coil': An external terminal must border the edge of the problem region and coincides with the surface of a 3D object. (10:00:08  juil. 28, 2026)
          [error] Illegal external terminal 'rings39_coil': An external terminal must border the edge of the problem region and coincides with the surface of a 3D object. (10:00:09  juil. 28, 2026)
          [error] Illegal external terminal 'rings40_coil': An external terminal must border the edge of the problem region and coincides with the surface of a 3D object. (10:00:09  juil. 28, 2026)
          [error] Illegal external terminal 'rings41_coil': An external terminal must border the edge of the problem region and coincides with the surface of a 3D object. (10:00:09  juil. 28, 2026)
          [error] Illegal external terminal 'rings42_coil': An external terminal must border the edge of the problem region and coincides with the surface of a 3D object. (10:00:09  juil. 28, 2026)
          [error] Illegal external terminal 'rings43_coil': An external terminal must border the edge of the problem region and coincides with the surface of a 3D object. (10:00:09  juil. 28, 2026)
          [error] Simulation completed with execution error on server: Local Machine. (10:00:10  juil. 28, 2026)
          [error] Script macro error: Simulation for my_project_maxwell : Inductance_ACMagnetic : InducSetup has failed with execution error.  (10:00:10  juil. 28, 2026)
-- Message Window --
Stopping Batch Run: 10:00:14  juil. 28, 2026
 
Ansys Electronics Desktop Version 2023.1.0, Build: 2022-11-20 22:10:41
Location: C:\Program Files\AnsysEM\v231\Win64\ansysedt.exe
Non Graphical Mode: No Project??
Starting Batch Run: 10:00:34  juil. 28, 2026
Running as user: SEIFPC\hp
Temp directory: C:\Users\hp\AppData\Local\Temp
Project directory: C:\Users\hp\Documents\Ansoft
The project 'my_project_maxwell' has been edited and/or solved. Do you want to save the changes?
-- Message Window --
      *Global - Messages
        [info] GRPC server running on port: 2407. 
        [info] The project 'my_project_maxwell' has been edited and/or solved. Do you want to save the changes?
      my_project_maxwell (C:/The project 'my_project_maxwell' has been edited and/or solved. Do you want to save the changes?
-- Message Window --
      *Global - Messages
        [info] GRPC server running on port: 2011. 
        [info] The project 'my_project_maxwell' has been edited and/or solved. Do you want to save the changes?
      my_project_maxwell (C:/Users/hp/Documents/Ansoft/)
        Inductance_ACMagnetic (EddyCurrent)
          [info] Import Native Bodies: Imported bodies have been scaled to model units. Please analyze the model. (10:16:12  juil. 28, 2026)
          [warning] 'Solve inside' for object 'ringp1' is set, due to material assignment change. (10:16:13  juil. 28, 2026)
          [warning] 'Solve inside' for object 'ringp2' is set, due to material assignment change. (10:16:13  juil. 28, 2026)
          [warning] 'Solve inside' for object 'ringp3' is set, due to material assignment change. (10:16:13  juil. 28, 2026)
          [warning] 'Solve inside' for object 'ringp4' is set, due to material assignment change. (10:16:13  juil. 28, 2026)
          [warning] 'Solve inside' for object 'ringp5' is set, due to material assignment change. (10:16:13  juil. 28, 2026)
          [warning] 'Solve inside' for object 'ringp6' is set, due to material assignment change. (10:16:13  juil. 28, 2026)
          [warning] 'Solve inside' for object 'ringp7' is set, due to material assignment change. (10:16:14  juil. 28, 2026)
          [warning] 'Solve inside' for object 'ringp8' is set, due to material assignment change. (10:16:14  juil. 28, 2026)
          [warning] 'Solve inside' for object 'ringp9' is set, due to material assignment change. (10:16:14  juil. 28, 2026)
          [warning] 'Solve inside' for object 'ringp10' is set, due to material assignment change. (10:16:14  juil. 28, 2026)
          [warning] 'Solve inside' for object 'ringp11' is set, due to material assignment change. (10:16:14  juil. 28, 2026)
          [warning] 'Solve inside' for object 'ringp12' is set, due to material assignment change. (10:16:14  juil. 28, 2026)
          [warning] 'Solve inside' for object 'ringp13' is set, due to material assignment change. (10:16:15  juil. 28, 2026)
          [warning] 'Solve inside' for object 'ringp14' is set, due to material assignment change. (10:16:15  juil. 28, 2026)
          [warning] 'Solve inside' for object 'ringp15' is set, due to material assignment change. (10:16:15  juil. 28, 2026)
          [warning] 'Solve inside' for object 'ringp16' is set, due to material assignment change. (10:16:15  juil. 28, 2026)
          [warning] 'Solve inside' for object 'ringp17' is set, due to material assignment change. (10:16:15  juil. 28, 2026)
          [warning] 'Solve inside' for object 'rings1' is set, due to material assignment change. (10:16:16  juil. 28, 2026)
          [warning] 'Solve inside' for object 'rings2' is set, due to material assignment change. (10:16:16  juil. 28, 2026)
          [warning] 'Solve inside' for object 'rings3' is set, due to material assignment change. (10:16:16  juil. 28, 2026)
          [warning] 'Solve inside' for object 'rings4' is set, due to material assignment change. (10:16:16  juil. 28, 2026)
          [warning] 'Solve inside' for object 'rings5' is set, due to material assignment change. (10:16:16  juil. 28, 2026)
          [warning] 'Solve inside' for object 'rings6' is set, due to material assignment change. (10:16:16  juil. 28, 2026)
          [warning] 'Solve inside' for object 'rings7' is set, due to material assignment change. (10:16:16  juil. 28, 2026)
          [warning] 'Solve inside' for object 'rings8' is set, due to material assignment change. (10:16:16  juil. 28, 2026)
          [warning] 'Solve inside' for object 'rings9' is set, due to material assignment change. (10:16:16  juil. 28, 2026)
          [warning] 'Solve inside' for object 'rings10' is set, due to material assignment change. (10:16:17  juil. 28, 2026)
          [warning] 'Solve inside' for object 'rings11' is set, due to material assignment change. (10:16:17  juil. 28, 2026)
          [warning] 'Solve inside' for object 'rings12' is set, due to material assignment change. (10:16:17  juil. 28, 2026)
          [warning] 'Solve inside' for object 'rings13' is set, due to material assignment change. (10:16:17  juil. 28, 2026)
          [warning] 'Solve inside' for object 'rings14' is set, due to material assignment change. (10:16:17  juil. 28, 2026)
          [warning] 'Solve inside' for object 'rings15' is set, due to material assignment change. (10:16:17  juil. 28, 2026)
          [warning] 'Solve inside' for object 'rings16' is set, due to material assignment change. (10:16:18  juil. 28, 2026)
          [warning] 'Solve inside' for object 'rings17' is set, due to material assignment change. (10:16:18  juil. 28, 2026)
          [warning] 'Solve inside' for object 'rings18' is set, due to material assignment change. (10:16:18  juil. 28, 2026)
          [warning] 'Solve inside' for object 'rings19' is set, due to material assignment change. (10:16:18  juil. 28, 2026)
          [warning] 'Solve inside' for object 'rings20' is set, due to material assignment change. (10:16:18  juil. 28, 2026)
          [warning] 'Solve inside' for object 'rings21' is set, due to material assignment change. (10:16:18  juil. 28, 2026)
          [warning] 'Solve inside' for object 'rings22' is set, due to material assignment change. (10:16:19  juil. 28, 2026)
          [warning] 'Solve inside' for object 'rings23' is set, due to material assignment change. (10:16:19  juil. 28, 2026)
          [warning] 'Solve inside' for object 'rings24' is set, due to material assignment change. (10:16:19  juil. 28, 2026)
          [warning] 'Solve inside' for object 'rings25' is set, due to material assignment change. (10:16:19  juil. 28, 2026)
          [warning] 'Solve inside' for object 'rings26' is set, due to material assignment change. (10:16:19  juil. 28, 2026)
          [warning] 'Solve inside' for object 'rings27' is set, due to material assignment change. (10:16:19  juil. 28, 2026)
          [warning] 'Solve inside' for object 'rings28' is set, due to material assignment change. (10:16:19  juil. 28, 2026)
          [warning] 'Solve inside' for object 'rings29' is set, due to material assignment change. (10:16:19  juil. 28, 2026)
          [warning] 'Solve inside' for object 'rings30' is set, due to material assignment change. (10:16:19  juil. 28, 2026)
          [warning] 'Solve inside' for object 'rings31' is set, due to material assignment change. (10:16:20  juil. 28, 2026)
          [warning] 'Solve inside' for object 'rings32' is set, due to material assignment change. (10:16:20  juil. 28, 2026)
          [warning] 'Solve inside' for object 'rings33' is set, due to material assignment change. (10:16:20  juil. 28, 2026)
          [warning] 'Solve inside' for object 'rings34' is set, due to material assignment change. (10:16:20  juil. 28, 2026)
          [warning] 'Solve inside' for object 'rings35' is set, due to material assignment change. (10:16:20  juil. 28, 2026)
          [warning] 'Solve inside' for object 'rings36' is set, due to material assignment change. (10:16:20  juil. 28, 2026)
          [warning] 'Solve inside' for object 'rings37' is set, due to material assignment change. (10:16:21  juil. 28, 2026)
          [warning] 'Solve inside' for object 'rings38' is set, due to material assignment change. (10:16:21  juil. 28, 2026)
          [warning] 'Solve inside' for object 'rings39' is set, due to material assignment change. (10:16:21  juil. 28, 2026)
          [warning] 'Solve inside' for object 'rings40' is set, due to material assignment change. (10:16:21  juil. 28, 2026)
          [warning] 'Solve inside' for object 'rings41' is set, due to material assignment change. (10:16:22  juil. 28, 2026)
          [warning] 'Solve inside' for object 'rings42' is set, due to material assignment change. (10:16:22  juil. 28, 2026)
          [warning] 'Solve inside' for object 'rings43' is set, due to material assignment change. (10:16:22  juil. 28, 2026)
          [warning] 'Solve inside' for object 'pinsulator_0' is set, due to material assignment change. (10:16:22  juil. 28, 2026)
          [warning] 'Solve inside' for object 'sinsulator_0' is set, due to material assignment change. (10:16:22  juil. 28, 2026)
          [warning] 'Solve inside' for object 'primary_secondary_insulation' is set, due to material assignment change. (10:16:22  juil. 28, 2026)
          [warning] 'Solve inside' for object 'Core' is set, due to material assignment change. (10:16:23  juil. 28, 2026)
          [error] Script macro error: Matrix 'InductanceMatrix': 'ringp1_current' is an invalid source for matrix setup (10:17:01  juil. 28, 2026)
          [info] Accurate transparency rendering is disabled to avoid slow rendering performance. (10:17:19  juil. 28, 2026)
-- Message Window --
Stopping Batch Run: 10:19:34  juil. 28, 2026
minal must border the edge of the problem region and coincides with the surface of a 3D object. (10:02:04  juil. 28, 2026)
          [error] Illegal external terminal 'ringp3_coil_in': An external terminal must border the edge of the problem region and coincides with the surface of a 3D object. (10:02:04  juil. 28, 2026)
          [error] Illegal external terminal 'ringp3_coil_out': An external terminal must border the edge of the problem region and coincides with the surface of a 3D object. (10:02:04  juil. 28, 2026)
          [error] Illegal external terminal 'ringp4_coil_in': An external terminal must border the edge of the problem region and coincides with the surface of a 3D object. (10:02:04  juil. 28, 2026)
          [error] Illegal external terminal 'ringp4_coil_out': An external terminal must border the edge of the problem region and coincides with the surface of a 3D object. (10:02:04  juil. 28, 2026)
          [error] Illegal external terminal 'ringp5_coil_in': An external terminal must border the edge of the problem region and coincides with the surface of a 3D object. (10:02:04  juil. 28, 2026)
          [error] Illegal external terminal 'ringp5_coil_out': An external terminal must border the edge of the problem region and coincides with the surface of a 3D object. (10:02:04  juil. 28, 2026)
          [error] Illegal external terminal 'ringp6_coil_in': An external terminal must border the edge of the problem region and coincides with the surface of a 3D object. (10:02:04  juil. 28, 2026)
          [error] Illegal external terminal 'ringp6_coil_out': An external terminal must border the edge of the problem region and coincides with the surface of a 3D object. (10:02:04  juil. 28, 2026)
          [error] Illegal external terminal 'ringp7_coil_in': An external terminal must border the edge of the problem region and coincides with the surface of a 3D object. (10:02:04  juil. 28, 2026)
          [error] Illegal external terminal 'ringp7_coil_out': An external terminal must border the edge of the problem region and coincides with the surface of a 3D object. (10:02:04  juil. 28, 2026)
          [error] Illegal external terminal 'ringp8_coil_in': An external terminal must border the edge of the problem region and coincides with the surface of a 3D object. (10:02:04  juil. 28, 2026)
          [error] Illegal external terminal 'ringp8_coil_out': An external terminal must border the edge of the problem region and coincides with the surface of a 3D object. (10:02:05  juil. 28, 2026)
          [error] Illegal external terminal 'ringp9_coil_in': An external terminal must border the edge of the problem region and coincides with the surface of a 3D object. (10:02:05  juil. 28, 2026)
          [error] Illegal external terminal 'ringp9_coil_out': An external terminal must border the edge of the problem region and coincides with the surface of a 3D object. (10:02:05  juil. 28, 2026)
          [error] Illegal external terminal 'ringp10_coil_in': An external terminal must border the edge of the problem region and coincides with the surface of a 3D object. (10:02:05  juil. 28, 2026)
          [error] Illegal external terminal 'ringp10_coil_out': An external terminal must border the edge of the problem region and coincides with the surface of a 3D object. (10:02:05  juil. 28, 2026)
          [error] Illegal external terminal 'ringp11_coil_in': An external terminal must border the edge of the problem region and coincides with the surface of a 3D object. (10:02:05  juil. 28, 2026)
          [error] Illegal external terminal 'ringp11_coil_out': An external terminal must border the edge of the problem region and coincides with the surface of a 3D object. (10:02:05  juil. 28, 2026)
          [error] Illegal external terminal 'ringp12_coil_in': An external terminal must border the edge of the problem region and coincides with the surface of a 3D object. (10:02:05  juil. 28, 2026)
          [error] Illegal external terminal 'ringp12_coil_out': An external terminal must border the edge of the problem region and coincides with the surface of a 3D object. (10:02:05  juil. 28, 2026)
          [error] Illegal external terminal 'ringp13_coil_in': An external terminal must border the edge of the problem region and coincides with the surface of a 3D object. (10:02:05  juil. 28, 2026)
          [error] Illegal external terminal 'ringp13_coil_out': An external terminal must border the edge of the problem region and coincides with the surface of a 3D object. (10:02:05  juil. 28, 2026)
          [error] Illegal external terminal 'ringp14_coil_in': An external terminal must border the edge of the problem region and coincides with the surface of a 3D object. (10:02:05  juil. 28, 2026)
          [error] Illegal external terminal 'ringp14_coil_out': An external terminal must border the edge of the problem region and coincides with the surface of a 3D object. (10:02:05  juil. 28, 2026)
          [error] Illegal external terminal 'ringp15_coil_in': An external terminal must border the edge of the problem region and coincides with the surface of a 3D object. (10:02:05  juil. 28, 2026)
          [error] Illegal external terminal 'ringp15_coil_out': An external terminal must border the edge of the problem region and coincides with the surface of a 3D object. (10:02:05  juil. 28, 2026)
          [error] Illegal external terminal 'ringp16_coil_in': An external terminal must border the edge of the problem region and coincides with the surface of a 3D object. (10:02:05  juil. 28, 2026)
          [error] Illegal external terminal 'ringp16_coil_out': An external terminal must border the edge of the problem region and coincides with the surface of a 3D object. (10:02:05  juil. 28, 2026)
          [error] Illegal external terminal 'ringp17_coil_in': An external terminal must border the edge of the problem region and coincides with the surface of a 3D object. (10:02:05  juil. 28, 2026)
          [error] Illegal external terminal 'ringp17_coil_out': An external terminal must border the edge of the problem region and coincides with the surface of a 3D object. (10:02:05  juil. 28, 2026)
          [error] Illegal external terminal 'rings1_coil_in': An external terminal must border the edge of the problem region and coincides with the surface of a 3D object. (10:02:05  juil. 28, 2026)
          [error] Illegal external terminal 'rings1_coil_out': An external terminal must border the edge of the problem region and coincides with the surface of a 3D object. (10:02:05  juil. 28, 2026)
          [error] Illegal external terminal 'rings2_coil_in': An external terminal must border the edge of the problem region and coincides with the surface of a 3D object. (10:02:05  juil. 28, 2026)
          [error] Illegal external terminal 'rings2_coil_out': An external terminal must border the edge of the problem region and coincides with the surface of a 3D object. (10:02:05  juil. 28, 2026)
          [error] Illegal external terminal 'rings3_coil_in': An external terminal must border the edge of the problem region and coincides with the surface of a 3D object. (10:02:05  juil. 28, 2026)
          [error] Illegal external terminal 'rings3_coil_out': An external terminal must border the edge of the problem region and coincides with the surface of a 3D object. (10:02:05  juil. 28, 2026)
          [error] Illegal external terminal 'rings4_coil_in': An external terminal must border the edge of the problem region and coincides with the surface of a 3D object. (10:02:05  juil. 28, 2026)
          [error] Illegal external terminal 'rings4_coil_out': An external terminal must border the edge of the problem region and coincides with the surface of a 3D object. (10:02:05  juil. 28, 2026)
          [error] Illegal external terminal 'rings5_coil_in': An external terminal must border the edge of the problem region and coincides with the surface of a 3D object. (10:02:05  juil. 28, 2026)
          [error] Illegal external terminal 'rings5_coil_out': An external terminal must border the edge of the problem region and coincides with the surface of a 3D object. (10:02:05  juil. 28, 2026)
          [error] Illegal external terminal 'rings6_coil_in': An external terminal must border the edge of the problem region and coincides with the surface of a 3D object. (10:02:05  juil. 28, 2026)
          [error] Illegal external terminal 'rings6_coil_out': An external terminal must border the edge of the problem region and coincides with the surface of a 3D object. (10:02:05  juil. 28, 2026)
          [error] Illegal external terminal 'rings7_coil_in': An external terminal must border the edge of the problem region and coincides with the surface of a 3D object. (10:02:05  juil. 28, 2026)
          [error] Illegal external terminal 'rings7_coil_out': An external terminal must border the edge of the problem region and coincides with the surface of a 3D object. (10:02:05  juil. 28, 2026)
          [error] Illegal external terminal 'rings8_coil_in': An external terminal must border the edge of the problem region and coincides with the surface of a 3D object. (10:02:05  juil. 28, 2026)
          [error] Illegal external terminal 'rings8_coil_out': An external terminal must border the edge of the problem region and coincides with the surface of a 3D object. (10:02:05  juil. 28, 2026)
          [error] Illegal external terminal 'rings9_coil_in': An external terminal must border the edge of the problem region and coincides with the surface of a 3D object. (10:02:05  juil. 28, 2026)
          [error] Illegal external terminal 'rings9_coil_out': An external terminal must border the edge of the problem region and coincides with the surface of a 3D object. (10:02:05  juil. 28, 2026)
          [error] Illegal external terminal 'rings10_coil_in': An external terminal must border the edge of the problem region and coincides with the surface of a 3D object. (10:02:05  juil. 28, 2026)
          [error] Illegal external terminal 'rings10_coil_out': An external terminal must border the edge of the problem region and coincides with the surface of a 3D object. (10:02:05  juil. 28, 2026)
          [error] Illegal external terminal 'rings11_coil_in': An external terminal must border the edge of the problem region and coincides with the surface of a 3D object. (10:02:05  juil. 28, 2026)
          [error] Illegal external terminal 'rings11_coil_out': An external terminal must border the edge of the problem region and coincides with the surface of a 3D object. (10:02:05  juil. 28, 2026)
          [error] Illegal external terminal 'rings12_coil_in': An external terminal must border the edge of the problem region and coincides with the surface of a 3D object. (10:02:05  juil. 28, 2026)
          [error] Illegal external terminal 'rings12_coil_out': An external terminal must border the edge of the problem region and coincides with the surface of a 3D object. (10:02:05  juil. 28, 2026)
          [error] Illegal external terminal 'rings13_coil_in': An external terminal must border the edge of the problem region and coincides with the surface of a 3D object. (10:02:05  juil. 28, 2026)
          [error] Illegal external terminal 'rings13_coil_out': An external terminal must border the edge of the problem region and coincides with the surface of a 3D object. (10:02:05  juil. 28, 2026)
          [error] Illegal external terminal 'rings14_coil_in': An external terminal must border the edge of the problem region and coincides with the surface of a 3D object. (10:02:05  juil. 28, 2026)
          [error] Illegal external terminal 'rings14_coil_out': An external terminal must border the edge of the problem region and coincides with the surface of a 3D object. (10:02:05  juil. 28, 2026)
          [error] Illegal external terminal 'rings15_coil_in': An external terminal must border the edge of the problem region and coincides with the surface of a 3D object. (10:02:05  juil. 28, 2026)
          [error] Illegal external terminal 'rings15_coil_out': An external terminal must border the edge of the problem region and coincides with the surface of a 3D object. (10:02:05  juil. 28, 2026)
          [error] Illegal external terminal 'rings16_coil_in': An external terminal must border the edge of the problem region and coincides with the surface of a 3D object. (10:02:05  juil. 28, 2026)
          [error] Illegal external terminal 'rings16_coil_out': An external terminal must border the edge of the problem region and coincides with the surface of a 3D object. (10:02:05  juil. 28, 2026)
          [error] Illegal external terminal 'rings17_coil_in': An external terminal must border the edge of the problem region and coincides with the surface of a 3D object. (10:02:05  juil. 28, 2026)
          [error] Illegal external terminal 'rings17_coil_out': An external terminal must border the edge of the problem region and coincides with the surface of a 3D object. (10:02:05  juil. 28, 2026)
          [error] Illegal external terminal 'rings18_coil_in': An external terminal must border the edge of the problem region and coincides with the surface of a 3D object. (10:02:05  juil. 28, 2026)
          [error] Illegal external terminal 'rings18_coil_out': An external terminal must border the edge of the problem region and coincides with the surface of a 3D object. (10:02:06  juil. 28, 2026)
          [error] Illegal external terminal 'rings19_coil_in': An external terminal must border the edge of the problem region and coincides with the surface of a 3D object. (10:02:06  juil. 28, 2026)
          [error] Illegal external terminal 'rings19_coil_out': An external terminal must border the edge of the problem region and coincides with the surface of a 3D object. (10:02:06  juil. 28, 2026)
          [error] Illegal external terminal 'rings20_coil_in': An external terminal must border the edge of the problem region and coincides with the surface of a 3D object. (10:02:06  juil. 28, 2026)
          [error] Illegal external terminal 'rings20_coil_out': An external terminal must border the edge of the problem region and coincides with the surface of a 3D object. (10:02:06  juil. 28, 2026)
          [error] Illegal external terminal 'rings21_coil_in': An external terminal must border the edge of the problem region and coincides with the surface of a 3D object. (10:02:06  juil. 28, 2026)
          [error] Illegal external terminal 'rings21_coil_out': An external terminal must border the edge of the problem region and coincides with the surface of a 3D object. (10:02:06  juil. 28, 2026)
          [error] Illegal external terminal 'rings22_coil_in': An external terminal must border the edge of the problem region and coincides with the surface of a 3D object. (10:02:06  juil. 28, 2026)
          [error] Illegal external terminal 'rings22_coil_out': An external terminal must border the edge of the problem region and coincides with the surface of a 3D object. (10:02:06  juil. 28, 2026)
          [error] Illegal external terminal 'rings23_coil_in': An external terminal must border the edge of the problem region and coincides with the surface of a 3D object. (10:02:06  juil. 28, 2026)
          [error] Illegal external terminal 'rings23_coil_out': An external terminal must border the edge of the problem region and coincides with the surface of a 3D object. (10:02:06  juil. 28, 2026)
          [error] Illegal external terminal 'rings24_coil_in': An external terminal must border the edge of the problem region and coincides with the surface of a 3D object. (10:02:06  juil. 28, 2026)
          [error] Illegal external terminal 'rings24_coil_out': An external terminal must border the edge of the problem region and coincides with the surface of a 3D object. (10:02:06  juil. 28, 2026)
          [error] Illegal external terminal 'rings25_coil_in': An external terminal must border the edge of the problem region and coincides with the surface of a 3D object. (10:02:06  juil. 28, 2026)
          [error] Illegal external terminal 'rings25_coil_out': An external terminal must border the edge of the problem region and coincides with the surface of a 3D object. (10:02:06  juil. 28, 2026)
          [error] Illegal external terminal 'rings26_coil_in': An external terminal must border the edge of the problem region and coincides with the surface of a 3D object. (10:02:06  juil. 28, 2026)
          [error] Illegal external terminal 'rings26_coil_out': An external terminal must border the edge of the problem region and coincides with the surface of a 3D object. (10:02:06  juil. 28, 2026)
          [error] Illegal external terminal 'rings27_coil_in': An external terminal must border the edge of the problem region and coincides with the surface of a 3D object. (10:02:06  juil. 28, 2026)
          [error] Illegal external terminal 'rings27_coil_out': An external terminal must border the edge of the problem region and coincides with the surface of a 3D object. (10:02:06  juil. 28, 2026)
          [error] Illegal external terminal 'rings28_coil_in': An external terminal must border the edge of the problem region and coincides with the surface of a 3D object. (10:02:06  juil. 28, 2026)
          [error] Illegal external terminal 'rings28_coil_out': An external terminal must border the edge of the problem region and coincides with the surface of a 3D object. (10:02:06  juil. 28, 2026)
          [error] Illegal external terminal 'rings29_coil_in': An external terminal must border the edge of the problem region and coincides with the surface of a 3D object. (10:02:06  juil. 28, 2026)
          [error] Illegal external terminal 'rings29_coil_out': An external terminal must border the edge of the problem region and coincides with the surface of a 3D object. (10:02:06  juil. 28, 2026)
          [error] Illegal external terminal 'rings30_coil_in': An external terminal must border the edge of the problem region and coincides with the surface of a 3D object. (10:02:06  juil. 28, 2026)
          [error] Illegal external terminal 'rings30_coil_out': An external terminal must border the edge of the problem region and coincides with the surface of a 3D object. (10:02:06  juil. 28, 2026)
          [error] Illegal external terminal 'rings31_coil_in': An external terminal must border the edge of the problem region and coincides with the surface of a 3D object. (10:02:06  juil. 28, 2026)
          [error] Illegal external terminal 'rings31_coil_out': An external terminal must border the edge of the problem region and coincides with the surface of a 3D object. (10:02:06  juil. 28, 2026)
          [error] Illegal external terminal 'rings32_coil_in': An external terminal must border the edge of the problem region and coincides with the surface of a 3D object. (10:02:06  juil. 28, 2026)
          [error] Illegal external terminal 'rings32_coil_out': An external terminal must border the edge of the problem region and coincides with the surface of a 3D object. (10:02:06  juil. 28, 2026)
          [error] Illegal external terminal 'rings33_coil_in': An external terminal must border the edge of the problem region and coincides with the surface of a 3D object. (10:02:06  juil. 28, 2026)
          [error] Illegal external terminal 'rings33_coil_out': An external terminal must border the edge of the problem region and coincides with the surface of a 3D object. (10:02:06  juil. 28, 2026)
          [error] Illegal external terminal 'rings34_coil_in': An external terminal must border the edge of the problem region and coincides with the surface of a 3D object. (10:02:06  juil. 28, 2026)
          [error] Illegal external terminal 'rings34_coil_out': An external terminal must border the edge of the problem region and coincides with the surface of a 3D object. (10:02:06  juil. 28, 2026)
          [error] Illegal external terminal 'rings35_coil_in': An external terminal must border the edge of the problem region and coincides with the surface of a 3D object. (10:02:06  juil. 28, 2026)
          [error] Illegal external terminal 'rings35_coil_out': An external terminal must border the edge of the problem region and coincides with the surface of a 3D object. (10:02:06  juil. 28, 2026)
          [error] Illegal external terminal 'rings36_coil_in': An external terminal must border the edge of the problem region and coincides with the surface of a 3D object. (10:02:06  juil. 28, 2026)
          [error] Illegal external terminal 'rings36_coil_out': An external terminal must border the edge of the problem region and coincides with the surface of a 3D object. (10:02:06  juil. 28, 2026)
          [error] Illegal external terminal 'rings37_coil_in': An external terminal must border the edge of the problem region and coincides with the surface of a 3D object. (10:02:06  juil. 28, 2026)
          [error] Illegal external terminal 'rings37_coil_out': An external terminal must border the edge of the problem region and coincides with the surface of a 3D object. (10:02:06  juil. 28, 2026)
          [error] Illegal external terminal 'rings38_coil_in': An external terminal must border the edge of the problem region and coincides with the surface of a 3D object. (10:02:06  juil. 28, 2026)
          [error] Illegal external terminal 'rings38_coil_out': An external terminal must border the edge of the problem region and coincides with the surface of a 3D object. (10:02:06  juil. 28, 2026)
          [error] Illegal external terminal 'rings39_coil_in': An external terminal must border the edge of the problem region and coincides with the surface of a 3D object. (10:02:06  juil. 28, 2026)
          [error] Illegal external terminal 'rings39_coil_out': An external terminal must border the edge of the problem region and coincides with the surface of a 3D object. (10:02:06  juil. 28, 2026)
          [error] Illegal external terminal 'rings40_coil_in': An external terminal must border the edge of the problem region and coincides with the surface of a 3D object. (10:02:06  juil. 28, 2026)
          [error] Illegal external terminal 'rings40_coil_out': An external terminal must border the edge of the problem region and coincides with the surface of a 3D object. (10:02:06  juil. 28, 2026)
          [error] Illegal external terminal 'rings41_coil_in': An external terminal must border the edge of the problem region and coincides with the surface of a 3D object. (10:02:06  juil. 28, 2026)
          [error] Illegal external terminal 'rings41_coil_out': An external terminal must border the edge of the problem region and coincides with the surface of a 3D object. (10:02:06  juil. 28, 2026)
          [error] Illegal external terminal 'rings42_coil_in': An external terminal must border the edge of the problem region and coincides with the surface of a 3D object. (10:02:06  juil. 28, 2026)
          [error] Illegal external terminal 'rings42_coil_out': An external terminal must border the edge of the problem region and coincides with the surface of a 3D object. (10:02:06  juil. 28, 2026)
          [error] Illegal external terminal 'rings43_coil_in': An external terminal must border the edge of the problem region and coincides with the surface of a 3D object. (10:02:06  juil. 28, 2026)
          [error] Illegal external terminal 'rings43_coil_out': An external terminal must border the edge of the problem region and coincides with the surface of a 3D object. (10:02:06  juil. 28, 2026)
          [info] Accurate transparency rendering is disabled to avoid slow rendering performance. (10:02:21  juil. 28, 2026)
          [warning] Eddy effect settings may need revisiting due to the recent changes in the design.  The default value will be used for the object if the value is not specified.  (10:03:03  juil. 28, 2026)
          [error] Illegal external terminal 'ringp1_coil_in': An external terminal must border the edge of the problem region and coincides with the surface of a 3D object. (10:03:03  juil. 28, 2026)
          [error] Illegal external terminal 'ringp1_coil_out': An external terminal must border the edge of the problem region and coincides with the surface of a 3D object. (10:03:03  juil. 28, 2026)
          [error] Illegal external terminal 'ringp2_coil_in': An external terminal must border the edge of the problem region and coincides with the surface of a 3D object. (10:03:03  juil. 28, 2026)
          [error] Illegal external terminal 'ringp2_coil_out': An external terminal must border the edge of the problem region and coincides with the surface of a 3D object. (10:03:03  juil. 28, 2026)
          [error] Illegal external terminal 'ringp3_coil_in': An external terminal must border the edge of the problem region and coincides with the surface of a 3D object. (10:03:03  juil. 28, 2026)
          [error] Illegal external terminal 'ringp3_coil_out': An external terminal must border the edge of the problem region and coincides with the surface of a 3D object. (10:03:04  juil. 28, 2026)
          [error] Illegal external terminal 'ringp4_coil_in': An external terminal must border the edge of the problem region and coincides with the surface of a 3D object. (10:03:04  juil. 28, 2026)
          [error] Illegal external terminal 'ringp4_coil_out': An external terminal must border the edge of the problem region and coincides with the surface of a 3D object. (10:03:04  juil. 28, 2026)
          [error] Illegal external terminal 'ringp5_coil_in': An external terminal must border the edge of the problem region and coincides with the surface of a 3D object. (10:03:04  juil. 28, 2026)
          [error] Illegal external terminal 'ringp5_coil_out': An external terminal must border the edge of the problem region and coincides with the surface of a 3D object. (10:03:04  juil. 28, 2026)
          [error] Illegal external terminal 'ringp6_coil_in': An external terminal must border the edge of the problem region and coincides with the surface of a 3D object. (10:03:04  juil. 28, 2026)
          [error] Illegal external terminal 'ringp6_coil_out': An external terminal must border the edge of the problem region and coincides with the surface of a 3D object. (10:03:04  juil. 28, 2026)
          [error] Illegal external terminal 'ringp7_coil_in': An external terminal must border the edge of the problem region and coincides with the surface of a 3D object. (10:03:04  juil. 28, 2026)
          [error] Illegal external terminal 'ringp7_coil_out': An external terminal must border the edge of the problem region and coincides with the surface of a 3D object. (10:03:04  juil. 28, 2026)
          [error] Illegal external terminal 'ringp8_coil_in': An external terminal must border the edge of the problem region and coincides with the surface of a 3D object. (10:03:04  juil. 28, 2026)
          [error] Illegal external terminal 'ringp8_coil_out': An external terminal must border the edge of the problem region and coincides with the surface of a 3D object. (10:03:04  juil. 28, 2026)
          [error] Illegal external terminal 'ringp9_coil_in': An external terminal must border the edge of the problem region and coincides with the surface of a 3D object. (10:03:04  juil. 28, 2026)
          [error] Illegal external terminal 'ringp9_coil_out': An external terminal must border the edge of the problem region and coincides with the surface of a 3D object. (10:03:04  juil. 28, 2026)
          [error] Illegal external terminal 'ringp10_coil_in': An external terminal must border the edge of the problem region and coincides with the surface of a 3D object. (10:03:04  juil. 28, 2026)
          [error] Illegal external terminal 'ringp10_coil_out': An external terminal must border the edge of the problem region and coincides with the surface of a 3D object. (10:03:04  juil. 28, 2026)
          [error] Illegal external terminal 'ringp11_coil_in': An external terminal must border the edge of the problem region and coincides with the surface of a 3D object. (10:03:04  juil. 28, 2026)
          [error] Illegal external terminal 'ringp11_coil_out': An external terminal must border the edge of the problem region and coincides with the surface of a 3D object. (10:03:04  juil. 28, 2026)
          [error] Illegal external terminal 'ringp12_coil_in': An external terminal must border the edge of the problem region and coincides with the surface of a 3D object. (10:03:04  juil. 28, 2026)
          [error] Illegal external terminal 'ringp12_coil_out': An external terminal must border the edge of the problem region and coincides with the surface of a 3D object. (10:03:04  juil. 28, 2026)
          [error] Illegal external terminal 'ringp13_coil_in': An external terminal must border the edge of the problem region and coincides with the surface of a 3D object. (10:03:04  juil. 28, 2026)
          [error] Illegal external terminal 'ringp13_coil_out': An external terminal must border the edge of the problem region and coincides with the surface of a 3D object. (10:03:04  juil. 28, 2026)
          [error] Illegal external terminal 'ringp14_coil_in': An external terminal must border the edge of the problem region and coincides with the surface of a 3D object. (10:03:04  juil. 28, 2026)
          [error] Illegal external terminal 'ringp14_coil_out': An external terminal must border the edge of the problem region and coincides with the surface of a 3D object. (10:03:04  juil. 28, 2026)
          [error] Illegal external terminal 'ringp15_coil_in': An external terminal must border the edge of the problem region and coincides with the surface of a 3D object. (10:03:04  juil. 28, 2026)
          [error] Illegal external terminal 'ringp15_coil_out': An external terminal must border the edge of the problem region and coincides with the surface of a 3D object. (10:03:04  juil. 28, 2026)
          [error] Illegal external terminal 'ringp16_coil_in': An external terminal must border the edge of the problem region and coincides with the surface of a 3D object. (10:03:04  juil. 28, 2026)
          [error] Illegal external terminal 'ringp16_coil_out': An external terminal must border the edge of the problem region and coincides with the surface of a 3D object. (10:03:04  juil. 28, 2026)
          [error] Illegal external terminal 'ringp17_coil_in': An external terminal must border the edge of the problem region and coincides with the surface of a 3D object. (10:03:04  juil. 28, 2026)
          [error] Illegal external terminal 'ringp17_coil_out': An external terminal must border the edge of the problem region and coincides with the surface of a 3D object. (10:03:04  juil. 28, 2026)
          [error] Illegal external terminal 'rings1_coil_in': An external terminal must border the edge of the problem region and coincides with the surface of a 3D object. (10:03:04  juil. 28, 2026)
          [error] Illegal external terminal 'rings1_coil_out': An external terminal must border the edge of the problem region and coincides with the surface of a 3D object. (10:03:05  juil. 28, 2026)
          [error] Illegal external terminal 'rings2_coil_in': An external terminal must border the edge of the problem region and coincides with the surface of a 3D object. (10:03:05  juil. 28, 2026)
          [error] Illegal external terminal 'rings2_coil_out': An external terminal must border the edge of the problem region and coincides with the surface of a 3D object. (10:03:05  juil. 28, 2026)
          [error] Illegal external terminal 'rings3_coil_in': An external terminal must border the edge of the problem region and coincides with the surface of a 3D object. (10:03:05  juil. 28, 2026)
          [error] Illegal external terminal 'rings3_coil_out': An external terminal must border the edge of the problem region and coincides with the surface of a 3D object. (10:03:05  juil. 28, 2026)
          [error] Illegal external terminal 'rings4_coil_in': An external terminal must border the edge of the problem region and coincides with the surface of a 3D object. (10:03:05  juil. 28, 2026)
          [error] Illegal external terminal 'rings4_coil_out': An external terminal must border the edge of the problem region and coincides with the surface of a 3D object. (10:03:05  juil. 28, 2026)
          [error] Illegal external terminal 'rings5_coil_in': An external terminal must border the edge of the problem region and coincides with the surface of a 3D object. (10:03:05  juil. 28, 2026)
          [error] Illegal external terminal 'rings5_coil_out': An external terminal must border the edge of the problem region and coincides with the surface of a 3D object. (10:03:05  juil. 28, 2026)
          [error] Illegal external terminal 'rings6_coil_in': An external terminal must border the edge of the problem region and coincides with the surface of a 3D object. (10:03:05  juil. 28, 2026)
          [error] Illegal external terminal 'rings6_coil_out': An external terminal must border the edge of the problem region and coincides with the surface of a 3D object. (10:03:05  juil. 28, 2026)
          [error] Illegal external terminal 'rings7_coil_in': An external terminal must border the edge of the problem region and coincides with the surface of a 3D object. (10:03:05  juil. 28, 2026)
          [error] Illegal external terminal 'rings7_coil_out': An external terminal must border the edge of the problem region and coincides with the surface of a 3D object. (10:03:05  juil. 28, 2026)
          [error] Illegal external terminal 'rings8_coil_in': An external terminal must border the edge of the problem region and coincides with the surface of a 3D object. (10:03:05  juil. 28, 2026)
          [error] Illegal external terminal 'rings8_coil_out': An external terminal must border the edge of the problem region and coincides with the surface of a 3D object. (10:03:05  juil. 28, 2026)
          [error] Illegal external terminal 'rings9_coil_in': An external terminal must border the edge of the problem region and coincides with the surface of a 3D object. (10:03:05  juil. 28, 2026)
          [error] Illegal external terminal 'rings9_coil_out': An external terminal must border the edge of the problem region and coincides with the surface of a 3D object. (10:03:05  juil. 28, 2026)
          [error] Illegal external terminal 'rings10_coil_in': An external terminal must border the edge of the problem region and coincides with the surface of a 3D object. (10:03:05  juil. 28, 2026)
          [error] Illegal external terminal 'rings10_coil_out': An external terminal must border the edge of the problem region and coincides with the surface of a 3D object. (10:03:05  juil. 28, 2026)
          [error] Illegal external terminal 'rings11_coil_in': An external terminal must border the edge of the problem region and coincides with the surface of a 3D object. (10:03:05  juil. 28, 2026)
          [error] Illegal external terminal 'rings11_coil_out': An external terminal must border the edge of the problem region and coincides with the surface of a 3D object. (10:03:05  juil. 28, 2026)
          [error] Illegal external terminal 'rings12_coil_in': An external terminal must border the edge of the problem region and coincides with the surface of a 3D object. (10:03:05  juil. 28, 2026)
          [error] Illegal external terminal 'rings12_coil_out': An external terminal must border the edge of the problem region and coincides with the surface of a 3D object. (10:03:05  juil. 28, 2026)
          [error] Illegal external terminal 'rings13_coil_in': An external terminal must border the edge of the problem region and coincides with the surface of a 3D object. (10:03:05  juil. 28, 2026)
          [error] Illegal external terminal 'rings13_coil_out': An external terminal must border the edge of the problem region and coincides with the surface of a 3D object. (10:03:05  juil. 28, 2026)
          [error] Illegal external terminal 'rings14_coil_in': An external terminal must border the edge of the problem region and coincides with the surface of a 3D object. (10:03:05  juil. 28, 2026)
          [error] Illegal external terminal 'rings14_coil_out': An external terminal must border the edge of the problem region and coincides with the surface of a 3D object. (10:03:05  juil. 28, 2026)
          [error] Illegal external terminal 'rings15_coil_in': An external terminal must border the edge of the problem region and coincides with the surface of a 3D object. (10:03:05  juil. 28, 2026)
          [error] Illegal external terminal 'rings15_coil_out': An external terminal must border the edge of the problem region and coincides with the surface of a 3D object. (10:03:05  juil. 28, 2026)
          [error] Illegal external terminal 'rings16_coil_in': An external terminal must border the edge of the problem region and coincides with the surface of a 3D object. (10:03:05  juil. 28, 2026)
          [error] Illegal external terminal 'rings16_coil_out': An external terminal must border the edge of the problem region and coincides with the surface of a 3D object. (10:03:05  juil. 28, 2026)
          [error] Illegal external terminal 'rings17_coil_in': An external terminal must border the edge of the problem region and coincides with the surface of a 3D object. (10:03:05  juil. 28, 2026)
          [error] Illegal external terminal 'rings17_coil_out': An external terminal must border the edge of the problem region and coincides with the surface of a 3D object. (10:03:05  juil. 28, 2026)
          [error] Illegal external terminal 'rings18_coil_in': An external terminal must border the edge of the problem region and coincides with the surface of a 3D object. (10:03:05  juil. 28, 2026)
          [error] Illegal external terminal 'rings18_coil_out': An external terminal must border the edge of the problem region and coincides with the surface of a 3D object. (10:03:05  juil. 28, 2026)
          [error] Illegal external terminal 'rings19_coil_in': An external terminal must border the edge of the problem region and coincides with the surface of a 3D object. (10:03:05  juil. 28, 2026)
          [error] Illegal external terminal 'rings19_coil_out': An external terminal must border the edge of the problem region and coincides with the surface of a 3D object. (10:03:05  juil. 28, 2026)
          [error] Illegal external terminal 'rings20_coil_in': An external terminal must border the edge of the problem region and coincides with the surface of a 3D object. (10:03:05  juil. 28, 2026)
          [error] Illegal external terminal 'rings20_coil_out': An external terminal must border the edge of the problem region and coincides with the surface of a 3D object. (10:03:05  juil. 28, 2026)
          [error] Illegal external terminal 'rings21_coil_in': An external terminal must border the edge of the problem region and coincides with the surface of a 3D object. (10:03:05  juil. 28, 2026)
          [error] Illegal external terminal 'rings21_coil_out': An external terminal must border the edge of the problem region and coincides with the surface of a 3D object. (10:03:05  juil. 28, 2026)
          [error] Illegal external terminal 'rings22_coil_in': An external terminal must border the edge of the problem region and coincides with the surface of a 3D object. (10:03:05  juil. 28, 2026)
          [error] Illegal external terminal 'rings22_coil_out': An external terminal must border the edge of the problem region and coincides with the surface of a 3D object. (10:03:05  juil. 28, 2026)
          [error] Illegal external terminal 'rings23_coil_in': An external terminal must border the edge of the problem region and coincides with the surface of a 3D object. (10:03:06  juil. 28, 2026)
          [error] Illegal external terminal 'rings23_coil_out': An external terminal must border the edge of the problem region and coincides with the surface of a 3D object. (10:03:06  juil. 28, 2026)
          [error] Illegal external terminal 'rings24_coil_in': An external terminal must border the edge of the problem region and coincides with the surface of a 3D object. (10:03:06  juil. 28, 2026)
          [error] Illegal external terminal 'rings24_coil_out': An external terminal must border the edge of the problem region and coincides with the surface of a 3D object. (10:03:06  juil. 28, 2026)
          [error] Illegal external terminal 'rings25_coil_in': An external terminal must border the edge of the problem region and coincides with the surface of a 3D object. (10:03:06  juil. 28, 2026)
          [error] Illegal external terminal 'rings25_coil_out': An external terminal must border the edge of the problem region and coincides with the surface of a 3D object. (10:03:06  juil. 28, 2026)
          [error] Illegal external terminal 'rings26_coil_in': An external terminal must border the edge of the problem region and coincides with the surface of a 3D object. (10:03:06  juil. 28, 2026)
          [error] Illegal external terminal 'rings26_coil_out': An external terminal must border the edge of the problem region and coincides with the surface of a 3D object. (10:03:06  juil. 28, 2026)
          [error] Illegal external terminal 'rings27_coil_in': An external terminal must border the edge of the problem region and coincides with the surface of a 3D object. (10:03:06  juil. 28, 2026)
          [error] Illegal external terminal 'rings27_coil_out': An external terminal must border the edge of the problem region and coincides with the surface of a 3D object. (10:03:06  juil. 28, 2026)
          [error] Illegal external terminal 'rings28_coil_in': An external terminal must border the edge of the problem region and coincides with the surface of a 3D object. (10:03:06  juil. 28, 2026)
          [error] Illegal external terminal 'rings28_coil_out': An external terminal must border the edge of the problem region and coincides with the surface of a 3D object. (10:03:06  juil. 28, 2026)
          [error] Illegal external terminal 'rings29_coil_in': An external terminal must border the edge of the problem region and coincides with the surface of a 3D object. (10:03:06  juil. 28, 2026)
          [error] Illegal external terminal 'rings29_coil_out': An external terminal must border the edge of the problem region and coincides with the surface of a 3D object. (10:03:06  juil. 28, 2026)
          [error] Illegal external terminal 'rings30_coil_in': An external terminal must border the edge of the problem region and coincides with the surface of a 3D object. (10:03:06  juil. 28, 2026)
          [error] Illegal external terminal 'rings30_coil_out': An external terminal must border the edge of the problem region and coincides with the surface of a 3D object. (10:03:06  juil. 28, 2026)
          [error] Illegal external terminal 'rings31_coil_in': An external terminal must border the edge of the problem region and coincides with the surface of a 3D object. (10:03:06  juil. 28, 2026)
          [error] Illegal external terminal 'rings31_coil_out': An external terminal must border the edge of the problem region and coincides with the surface of a 3D object. (10:03:06  juil. 28, 2026)
          [error] Illegal external terminal 'rings32_coil_in': An external terminal must border the edge of the problem region and coincides with the surface of a 3D object. (10:03:06  juil. 28, 2026)
          [error] Illegal external terminal 'rings32_coil_out': An external terminal must border the edge of the problem region and coincides with the surface of a 3D object. (10:03:06  juil. 28, 2026)
          [error] Illegal external terminal 'rings33_coil_in': An external terminal must border the edge of the problem region and coincides with the surface of a 3D object. (10:03:06  juil. 28, 2026)
          [error] Illegal external terminal 'rings33_coil_out': An external terminal must border the edge of the problem region and coincides with the surface of a 3D object. (10:03:06  juil. 28, 2026)
          [error] Illegal external terminal 'rings34_coil_in': An external terminal must border the edge of the problem region and coincides with the surface of a 3D object. (10:03:06  juil. 28, 2026)
          [error] Illegal external terminal 'rings34_coil_out': An external terminal must border the edge of the problem region and coincides with the surface of a 3D object. (10:03:06  juil. 28, 2026)
          [error] Illegal external terminal 'rings35_coil_in': An external terminal must border the edge of the problem region and coincides with the surface of a 3D object. (10:03:06  juil. 28, 2026)
          [error] Illegal external terminal 'rings35_coil_out': An external terminal must border the edge of the problem region and coincides with the surface of a 3D object. (10:03:06  juil. 28, 2026)
          [error] Illegal external terminal 'rings36_coil_in': An external terminal must border the edge of the problem region and coincides with the surface of a 3D object. (10:03:06  juil. 28, 2026)
          [error] Illegal external terminal 'rings36_coil_out': An external terminal must border the edge of the problem region and coincides with the surface of a 3D object. (10:03:06  juil. 28, 2026)
          [error] Illegal external terminal 'rings37_coil_in': An external terminal must border the edge of the problem region and coincides with the surface of a 3D object. (10:03:06  juil. 28, 2026)
          [error] Illegal external terminal 'rings37_coil_out': An external terminal must border the edge of the problem region and coincides with the surface of a 3D object. (10:03:06  juil. 28, 2026)
          [error] Illegal external terminal 'rings38_coil_in': An external terminal must border the edge of the problem region and coincides with the surface of a 3D object. (10:03:06  juil. 28, 2026)
          [error] Illegal external terminal 'rings38_coil_out': An external terminal must border the edge of the problem region and coincides with the surface of a 3D object. (10:03:06  juil. 28, 2026)
          [error] Illegal external terminal 'rings39_coil_in': An external terminal must border the edge of the problem region and coincides with the surface of a 3D object. (10:03:06  juil. 28, 2026)
          [error] Illegal external terminal 'rings39_coil_out': An external terminal must border the edge of the problem region and coincides with the surface of a 3D object. (10:03:06  juil. 28, 2026)
          [error] Illegal external terminal 'rings40_coil_in': An external terminal must border the edge of the problem region and coincides with the surface of a 3D object. (10:03:06  juil. 28, 2026)
          [error] Illegal external terminal 'rings40_coil_out': An external terminal must border the edge of the problem region and coincides with the surface of a 3D object. (10:03:06  juil. 28, 2026)
          [error] Illegal external terminal 'rings41_coil_in': An external terminal must border the edge of the problem region and coincides with the surface of a 3D object. (10:03:06  juil. 28, 2026)
          [error] Illegal external terminal 'rings41_coil_out': An external terminal must border the edge of the problem region and coincides with the surface of a 3D object. (10:03:06  juil. 28, 2026)
          [error] Illegal external terminal 'rings42_coil_in': An external terminal must border the edge of the problem region and coincides with the surface of a 3D object. (10:03:06  juil. 28, 2026)
          [error] Illegal external terminal 'rings42_coil_out': An external terminal must border the edge of the problem region and coincides with the surface of a 3D object. (10:03:06  juil. 28, 2026)
          [error] Illegal external terminal 'rings43_coil_in': An external terminal must border the edge of the problem region and coincides with the surface of a 3D object. (10:03:06  juil. 28, 2026)
          [error] Illegal external terminal 'rings43_coil_out': An external terminal must border the edge of the problem region and coincides with the surface of a 3D object. (10:03:06  juil. 28, 2026)
          [error] Simulation completed with execution error on server: Local Machine. (10:03:07  juil. 28, 2026)
          [error] Script macro error: Simulation for my_project_maxwell : Inductance_ACMagnetic : InducSetup has failed with execution error.  (10:03:07  juil. 28, 2026)
-- Message Window --
Stopping Batch Run: 10:17:43  juil. 28, 2026
 
Ansys Electronics Desktop Version 2023.1.0, Build: 2022-11-20 22:10:41
Location: C:\Program Files\AnsysEM\v231\Win64\ansysedt.exe
Non Graphical Mode: No Project??
Starting Batch Run: 10:25:31  juil. 28, 2026
Running as user: SEIFPC\hp
Temp directory: C:\Users\hp\AppData\Local\Temp
Project directory: C:\Users\hp\Documents\Ansoft
The project 'my_project_maxwell' has been edited and/or solved. Do you want to save the changes?
-- Message Window --
      *Global - Messages
        [info] GRPC server running on port: 8355. 
        [info] The project 'my_project_maxwell' has been edited and/or solved. Do you want to save the changes?
      my_project_maxwell (C:/Users/hp/Documents/Ansoft/)
        Inductance_ACMagnetic (Magnetostatic)
          [error] Script macro error: 'AC Magnetic APhi' is not a valid solution type. (10:25:45  juil. 28, 2026)
-- Message Window --
Stopping Batch Run: 10:26:00  juil. 28, 2026
 
Ansys Electronics Desktop Version 2023.1.0, Build: 2022-11-20 22:10:41
Location: C:\Program Files\AnsysEM\v231\Win64\ansysedt.exe
Non Graphical Mode: No Project??
Starting Batch Run: 11:02:24  juil. 28, 2026
Running as user: SEIFPC\hp
Temp directory: C:\Users\hp\AppData\Local\Temp
Project directory: C:\Users\hp\Documents\Ansoft
The project 'my_project_maxwell' has been edited and/or solved. Do you want to save the changes?
-- Message Window --
      *Global - Messages
        [info] GRPC server running on port: 13878. 
        [info] The project 'my_project_maxwell' has been edited and/or solved. Do you want to save the changes?
      my_project_maxwell (C:/Users/hp/Documents/Ansoft/)
        Capacitance_Electrostatic (Electrostatic)
          [info] Import Native Bodies: Imported bodies have been scaled to model units. Please analyze the model. (11:02:45  juil. 28, 2026)
          [warning] 'Solve inside' for object 'ringp1' is set, due to material assignment change. (11:02:46  juil. 28, 2026)
          [warning] 'Solve inside' for object 'ringp2' is set, due to material assignment change. (11:02:46  juil. 28, 2026)
          [warning] 'Solve inside' for object 'ringp3' is set, due to material assignment change. (11:02:46  juil. 28, 2026)
          [warning] 'Solve inside' for object 'ringp4' is set, due to material assignment change. (11:02:46  juil. 28, 2026)
          [warning] 'Solve inside' for object 'ringp5' is set, due to material assignment change. (11:02:46  juil. 28, 2026)
          [warning] 'Solve inside' for object 'ringp6' is set, due to material assignment change. (11:02:47  juil. 28, 2026)
          [warning] 'Solve inside' for object 'ringp7' is set, due to material assignment change. (11:02:47  juil. 28, 2026)
          [warning] 'Solve inside' for object 'ringp8' is set, due to material assignment change. (11:02:47  juil. 28, 2026)
          [warning] 'Solve inside' for object 'ringp9' is set, due to material assignment change. (11:02:47  juil. 28, 2026)
          [warning] 'Solve inside' for object 'ringp10' is set, due to material assignment change. (11:02:47  juil. 28, 2026)
          [warning] 'Solve inside' for object 'ringp11' is set, due to material assignment change. (11:02:48  juil. 28, 2026)
          [warning] 'Solve inside' for object 'ringp12' is set, due to material assignment change. (11:02:48  juil. 28, 2026)
          [warning] 'Solve inside' for object 'ringp13' is set, due to material assignment change. (11:02:48  juil. 28, 2026)
          [warning] 'Solve inside' for object 'ringp14' is set, due to material assignment change. (11:02:48  juil. 28, 2026)
          [warning] 'Solve inside' for object 'ringp15' is set, due to material assignment change. (11:02:48  juil. 28, 2026)
          [warning] 'Solve inside' for object 'ringp16' is set, due to material assignment change. (11:02:48  juil. 28, 2026)
          [warning] 'Solve inside' for object 'ringp17' is set, due to material assignment change. (11:02:48  juil. 28, 2026)
          [warning] 'Solve inside' for object 'rings1' is set, due to material assignment change. (11:02:49  juil. 28, 2026)
          [warning] 'Solve inside' for object 'rings2' is set, due to material assignment change. (11:02:49  juil. 28, 2026)
          [warning] 'Solve inside' for object 'rings3' is set, due to material assignment change. (11:02:49  juil. 28, 2026)
          [warning] 'Solve inside' for object 'rings4' is set, due to material assignment change. (11:02:49  juil. 28, 2026)
          [warning] 'Solve inside' for object 'rings5' is set, due to material assignment change. (11:02:49  juil. 28, 2026)
          [warning] 'Solve inside' for object 'rings6' is set, due to material assignment change. (11:02:49  juil. 28, 2026)
          [warning] 'Solve inside' for object 'rings7' is set, due to material assignment change. (11:02:49  juil. 28, 2026)
          [warning] 'Solve inside' for object 'rings8' is set, due to material assignment change. (11:02:50  juil. 28, 2026)
          [warning] 'Solve inside' for object 'rings9' is set, due to material assignment change. (11:02:50  juil. 28, 2026)
          [warning] 'Solve inside' for object 'rings10' is set, due to material assignment change. (11:02:50  juil. 28, 2026)
          [warning] 'Solve inside' for object 'rings11' is set, due to material assignment change. (11:02:50  juil. 28, 2026)
          [warning] 'Solve inside' for object 'rings12' is set, due to material assignment change. (11:02:50  juil. 28, 2026)
          [warning] 'Solve inside' for object 'rings13' is set, due to material assignment change. (11:02:51  juil. 28, 2026)
          [warning] 'Solve inside' for object 'rings14' is set, due to material assignment change. (11:02:51  juil. 28, 2026)
          [warning] 'Solve inside' for object 'rings15' is set, due to material assignment change. (11:02:51  juil. 28, 2026)
          [warning] 'Solve inside' for object 'rings16' is set, due to material assignment change. (11:02:51  juil. 28, 2026)
          [warning] 'Solve inside' for object 'rings17' is set, due to material assignment change. (11:02:51  juil. 28, 2026)
          [warning] 'Solve inside' for object 'rings18' is set, due to material assignment change. (11:02:51  juil. 28, 2026)
          [warning] 'Solve inside' for object 'rings19' is set, due to material assignment change. (11:02:52  juil. 28, 2026)
          [warning] 'Solve inside' for object 'rings20' is set, due to material assignment change. (11:02:52  juil. 28, 2026)
          [warning] 'Solve inside' for object 'rings21' is set, due to material assignment change. (11:02:52  juil. 28, 2026)
          [warning] 'Solve inside' for object 'rings22' is set, due to material assignment change. (11:02:53  juil. 28, 2026)
          [warning] 'Solve inside' for object 'rings23' is set, due to material assignment change. (11:02:53  juil. 28, 2026)
          [warning] 'Solve inside' for object 'rings24' is set, due to material assignment change. (11:02:53  juil. 28, 2026)
          [warning] 'Solve inside' for object 'rings25' is set, due to material assignment change. (11:02:53  juil. 28, 2026)
          [warning] 'Solve inside' for object 'rings26' is set, due to material assignment change. (11:02:53  juil. 28, 2026)
          [warning] 'Solve inside' for object 'rings27' is set, due to material assignment change. (11:02:53  juil. 28, 2026)
          [warning] 'Solve inside' for object 'rings28' is set, due to material assignment change. (11:02:53  juil. 28, 2026)
          [warning] 'Solve inside' for object 'rings29' is set, due to material assignment change. (11:02:54  juil. 28, 2026)
          [warning] 'Solve inside' for object 'rings30' is set, due to material assignment change. (11:02:54  juil. 28, 2026)
-- Message Window --
Stopping Batch Run: 11:02:58  juil. 28, 2026
 
Ansys Electronics Desktop Version 2023.1.0, Build: 2022-11-20 22:10:41
Location: C:\Program Files\AnsysEM\v231\Win64\ansysedt.exe
Non Graphical Mode: No Project??
Starting Batch Run: 1:37:22  juil. 29, 2026
Running as user: SEIFPC\hp
Temp directory: C:\Users\hp\AppData\Local\Temp
Project directory: C:\Users\hp\Documents\Ansoft
-- Message Window --
      *Global - Messages
        [info] GRPC server running on port: 9658. 
-- Message Window --
Stopping Batch Run: 1:37:53  juil. 29, 2026
 
Ansys Electronics Desktop Version 2023.1.0, Build: 2022-11-20 22:10:41
Location: C:\Program Files\AnsysEM\v231\Win64\ansysedt.exe
Non Graphical Mode: No Project??
Starting Batch Run: 1:37:56  juil. 29, 2026
Running as user: SEIFPC\hp
Temp directory: C:\Users\hp\AppData\Local\Temp
Project directory: C:\Users\hp\Documents\Ansoft
The project 'my_project' has been edited and/or solved. Do you want to save the changes?
-- Message Window --
      *Global - Messages
        [info] GRPC server running on port: 14822. 
        [info] The project 'my_project' has been edited and/or solved. Do you want to save the changes?
      my_project (C:/Users/hp/Documents/Ansoft/)
        my_design
          [info] Import Native Bodies: Imported bodies have been scaled to model units. Please analyze the model. (1:38:09  juil. 29, 2026)
          [info] Normal completion of simulation on server: Local Machine. (1:38:51  juil. 29, 2026)
          [error] Script macro error: CG[Solution Order/Choices] is not a property name. (1:38:52  juil. 29, 2026)
          [error] Script macro error: DC[Solution Order/Choices] is not a property name. (1:38:52  juil. 29, 2026)
          [error] Script macro error: CG[Solution Order/Choices] is not a property name. (1:38:52  juil. 29, 2026)
          [error] Script macro error: DC[Solution Order/Choices] is not a property name. (1:38:52  juil. 29, 2026)
          [warning] The variable  'Phase' doesn't have an associated sweep and is excluded from the definition of trace. (1:38:52  juil. 29, 2026)
          [error] Script macro error: CG[Solution Order/Choices] is not a property name. (1:38:53  juil. 29, 2026)
          [error] Script macro error: DC[Solution Order/Choices] is not a property name. (1:38:53  juil. 29, 2026)
          [error] Script macro error: CG[Solution Order/Choices] is not a property name. (1:38:53  juil. 29, 2026)
          [error] Script macro error: DC[Solution Order/Choices] is not a property name. (1:38:53  juil. 29, 2026)
          [warning] The variable  'Phase' doesn't have an associated sweep and is excluded from the definition of trace. (1:38:53  juil. 29, 2026)
          [warning] my_design: Solutions have been invalidated. Undo to recover. (1:39:43  juil. 29, 2026)
          [error] Script macro error: Name is not a property name. (1:39:43  juil. 29, 2026)
          [error] Script macro error: Type is not a property name. (1:39:43  juil. 29, 2026)
          [warning] Adaptive Passes for AC R/L did not converge based on specified criteria. (1:42:51  juil. 29, 2026)
          [info] Normal completion of simulation on server: Local Machine. (1:42:52  juil. 29, 2026)
          [error] Script macro error: Auto Increase Solution Order is not a property name. (1:42:53  juil. 29, 2026)
          [error] Script macro error: CG[Solution Order/Choices] is not a property name. (1:42:53  juil. 29, 2026)
          [error] Script macro error: Solver Type is not a property name. (1:42:53  juil. 29, 2026)
          [error] Script macro error: Max. Passes (Conduction) is not a property name. (1:42:53  juil. 29, 2026)
          [error] Script macro error: Min. Passes (Conduction) is not a property name. (1:42:53  juil. 29, 2026)
          [error] Script macro error: Min. Converged Passes (Conduction) is not a property name. (1:42:53  juil. 29, 2026)
          [error] Script macro error: Percent Error (Conduction) is not a property name. (1:42:53  juil. 29, 2026)
          [error] Script macro error: Percent Refine (Conduction) is not a property name. (1:42:53  juil. 29, 2026)
          [error] Script macro error: Max. Passes (Multipole) is not a property name. (1:42:54  juil. 29, 2026)
          [error] Script macro error: Min. Passes (Multipole) is not a property name. (1:42:54  juil. 29, 2026)
          [error] Script macro error: Min. Converged Passes (Multipole) is not a property name. (1:42:54  juil. 29, 2026)
          [error] Script macro error: Percent Error (Multipole) is not a property name. (1:42:54  juil. 29, 2026)
          [error] Script macro error: Percent Refine (Multipole) is not a property name. (1:42:54  juil. 29, 2026)
          [error] Script macro error: DC[Solution Order/Choices] is not a property name. (1:42:54  juil. 29, 2026)
          [error] Script macro error: Auto Increase Solution Order is not a property name. (1:42:54  juil. 29, 2026)
          [error] Script macro error: CG[Solution Order/Choices] is not a property name. (1:42:54  juil. 29, 2026)
          [error] Script macro error: Solver Type is not a property name. (1:42:55  juil. 29, 2026)
          [error] Script macro error: Max. Passes (Conduction) is not a property name. (1:42:55  juil. 29, 2026)
          [error] Script macro error: Min. Passes (Conduction) is not a property name. (1:42:55  juil. 29, 2026)
          [error] Script macro error: Min. Converged Passes (Conduction) is not a property name. (1:42:55  juil. 29, 2026)
          [error] Script macro error: Percent Error (Conduction) is not a property name. (1:42:55  juil. 29, 2026)
          [error] Script macro error: Percent Refine (Conduction) is not a property name. (1:42:55  juil. 29, 2026)
          [error] Script macro error: Max. Passes (Multipole) is not a property name. (1:42:55  juil. 29, 2026)
          [error] Script macro error: Min. Passes (Multipole) is not a property name. (1:42:55  juil. 29, 2026)
          [error] Script macro error: Min. Converged Passes (Multipole) is not a property name. (1:42:56  juil. 29, 2026)
          [error] Script macro error: Percent Error (Multipole) is not a property name. (1:42:56  juil. 29, 2026)
          [error] Script macro error: Percent Refine (Multipole) is not a property name. (1:42:56  juil. 29, 2026)
          [error] Script macro error: DC[Solution Order/Choices] is not a property name. (1:42:56  juil. 29, 2026)
          [warning] The variable  'Phase' doesn't have an associated sweep and is excluded from the definition of trace. (1:42:56  juil. 29, 2026)
          [error] Script macro error: Auto Increase Solution Order is not a property name. (1:42:56  juil. 29, 2026)
          [error] Script macro error: CG[Solution Order/Choices] is not a property name. (1:42:56  juil. 29, 2026)
          [error] Script macro error: Solver Type is not a property name. (1:42:56  juil. 29, 2026)
          [error] Script macro error: Max. Passes (Conduction) is not a property name. (1:42:57  juil. 29, 2026)
          [error] Script macro error: Min. Passes (Conduction) is not a property name. (1:42:57  juil. 29, 2026)
          [error] Script macro error: Min. Converged Passes (Conduction) is not a property name. (1:42:57  juil. 29, 2026)
          [error] Script macro error: Percent Error (Conduction) is not a property name. (1:42:57  juil. 29, 2026)
          [error] Script macro error: Percent Refine (Conduction) is not a property name. (1:42:57  juil. 29, 2026)
          [error] Script macro error: Max. Passes (Multipole) is not a property name. (1:42:57  juil. 29, 2026)
          [error] Script macro error: Min. Passes (Multipole) is not a property name. (1:42:57  juil. 29, 2026)
          [error] Script macro error: Min. Converged Passes (Multipole) is not a property name. (1:42:57  juil. 29, 2026)
          [error] Script macro error: Percent Error (Multipole) is not a property name. (1:42:58  juil. 29, 2026)
          [error] Script macro error: Percent Refine (Multipole) is not a property name. (1:42:58  juil. 29, 2026)
          [error] Script macro error: DC[Solution Order/Choices] is not a property name. (1:42:58  juil. 29, 2026)
          [error] Script macro error: Auto Increase Solution Order is not a property name. (1:42:58  juil. 29, 2026)
          [error] Script macro error: CG[Solution Order/Choices] is not a property name. (1:42:58  juil. 29, 2026)
          [error] Script macro error: Solver Type is not a property name. (1:42:58  juil. 29, 2026)
          [error] Script macro error: Max. Passes (Conduction) is not a property name. (1:42:58  juil. 29, 2026)
          [error] Script macro error: Min. Passes (Conduction) is not a property name. (1:42:58  juil. 29, 2026)
          [error] Script macro error: Min. Converged Passes (Conduction) is not a property name. (1:42:59  juil. 29, 2026)
          [error] Script macro error: Percent Error (Conduction) is not a property name. (1:42:59  juil. 29, 2026)
          [error] Script macro error: Percent Refine (Conduction) is not a property name. (1:42:59  juil. 29, 2026)
          [error] Script macro error: Max. Passes (Multipole) is not a property name. (1:42:59  juil. 29, 2026)
          [error] Script macro error: Min. Passes (Multipole) is not a property name. (1:42:59  juil. 29, 2026)
          [error] Script macro error: Min. Converged Passes (Multipole) is not a property name. (1:42:59  juil. 29, 2026)
          [error] Script macro error: Percent Error (Multipole) is not a property name. (1:42:59  juil. 29, 2026)
          [error] Script macro error: Percent Refine (Multipole) is not a property name. (1:42:59  juil. 29, 2026)
          [error] Script macro error: DC[Solution Order/Choices] is not a property name. (1:43:00  juil. 29, 2026)
          [warning] The variable  'Phase' doesn't have an associated sweep and is excluded from the definition of trace. (1:43:00  juil. 29, 2026)
-- Message Window --
Stopping Batch Run: 1:56:46  juil. 29, 2026
 
Ansys Electronics Desktop Version 2023.1.0, Build: 2022-11-20 22:10:41
Location: C:\Program Files\AnsysEM\v231\Win64\ansysedt.exe
Non Graphical Mode: No Project??
Starting Batch Run: 1:57:22  juil. 29, 2026
Running as user: SEIFPC\hp
Temp directory: C:\Users\hp\AppData\Local\Temp
Project directory: C:\Users\hp\Documents\Ansoft
[info] GRPC server running on port: 14463.

Stopping Batch Run: 1:57:34  juil. 29, 2026
 
Ansys Electronics Desktop Version 2023.1.0, Build: 2022-11-20 22:10:41
Location: C:\Program Files\AnsysEM\v231\Win64\ansysedt.exe
Non Graphical Mode: No Project??
Starting Batch Run: 2:02:09  juil. 29, 2026
Running as user: SEIFPC\hp
Temp directory: C:\Users\hp\AppData\Local\Temp
Project directory: C:\Users\hp\Documents\Ansoft
The project 'my_project_maxwell' has been edited and/or solved. Do you want to save the changes?
-- Message Window --
      *Global - Messages
        [info] GRPC server running on port: 12013. 
        [info] The project 'my_project_maxwell' has been edited and/or solved. Do you want to save the changes?
      my_project_maxwell (CThe project 'my_project_maxwell' has been edited and/or solved. Do you want to save the changes?
-- Message Window --
      *Global - Messages
        [info] GRPC server running on port: 5213. 
        [info] The project 'my_project_maxwell' has been edited and/or solved. Do you want to save the changes?
      my_project_maxwell (C:/Users/hp/Documents/Ansoft/)
        Inductance_ACMagnetic (Magnetostatic)
          [error] Script macro error: 'AC Magnetic APhi' is not a valid solution type. (2:03:51  juil. 29, 2026)
-- Message Window --
Stopping Batch Run: 2:05:33  juil. 29, 2026

The project 'my_project_maxwell' has been edited and/or solved. Do you want to save the changes?
-- Message Window --
      *Global - Messages
        [info] GRPC server running on port: 12664. 
        [info] Running as user: SEIFPC\hp
Temp directory: C:\Users\hp\AppData\Local\Temp
Project directory: C:\Users\hp\Documents\Ansoft
The project 'my_project_maxwell' has been edited and/or solved. Do you want to save the changes?
-- Message Window --
      *Global - Messages
        [info] GRPC server running on port: 11652. 
        [info] The project 'my_project_maxwell' has been edited and/or solved. Do you want to save the changes?
      my_project_maxwell (C:/Users/hp/Documents/Ansoft/)
        Inductance_EddyCurrent (EddyCurrent)
          [error] Illegal inner terminal 'Coil_ND2V2V': An inner terminal must be a cross section of a 3D model object. (2:10:37  juil. 29, 2026)
          [warning] Eddy effect settings may need revisiting due to the recent changes in the design.  The default value will be used for the object if the value is not specified.  (2:10:51  juil. 29, 2026)
          [error] Illegal inner terminal 'Coil_ND2V2V': An inner terminal must be a cross section of a 3D model object. (2:10:51  juil. 29, 2026)
          [error] Simulation completed with execution error on server: Local Machine. (2:10:51  juil. 29, 2026)
          [error] Script macro error: Simulation for my_project_maxwell : Inductance_EddyCurrent : InducEddySetup has failed with execution error.  (2:10:51  juil. 29, 2026)
-- Message Window --
Stopping Batch Run: 2:15:49  juil. 29, 2026
[info] GRPC server running on port: 8760.

Stopping Batch Run: 2:12:24  juil. 29, 2026
 
Ansys Electronics Desktop Version 2023.1.0, Build: 2022-11-20 22:10:41
Location: C:\Program Files\AnsysEM\v231\Win64\ansysedt.exe
Non Graphical Mode: No Project??
Starting Batch Run: 2:15:44  juil. 29, 2026
Running as user: SEIFPC\hp
Temp directory: C:\Users\hp\AppData\Local\Temp
Project directory: C:\Users\hp\Documents\Ansoft
[error] Excitation 'Current1': Assignment must contain exactly one selection.
Excitation 'Current1': A geometry selection is required for assignment.

The project 'my_project_maxwell' has been edited and/or solved. Do you want to save the changes?
-- Message Window --
      *Global - Messages
        [info] GRPC server running on port: 9205. 
        [error] Excitation 'Current1': Assignment must contain exactly one selection. Excitation 'Current1': A geometry selection is required for assignment. 
        [info] The project 'my_project_maxwell' has been edited and/or solved. Do you want to save the changes?
      my_project_maxwell (C:/Users/hp/Documents/Ansoft/)
        Inductance_EddyCurrent (EddyCurrent)
          [error] Illegal inner terminal 'Coil_FFZLXP': An inner terminal must be a cross section of a 3D model object. (2:16:06  juil. 29, 2026)
          [warning] Eddy effect settings may need revisiting due to the recent changes in the design.  The default value will be used for the object if the value is not specified.  (2:17:18  juil. 29, 2026)
          [error] Illegal inner terminal 'Coil_FFZLXP': An inner terminal must be a cross section of a 3D model object. (2:17:18  juil. 29, 2026)
          [error] Simulation completed with execution error on server: Local Machine. (2:17:19  juil. 29, 2026)
          [error] Script macro error: Simulation for my_project_maxwell : Inductance_EddyCurrent : InducEddySetup has failed with execution error.  (2:17:20  juil. 29, 2026)
          [warning] Excitation 'Coil_FFZLXP': Excitation lost its assignment due to geometry modifications and has been deleted. (4:14:23  juil. 29, 2026)
          [warning] Excitation 'Coil_D3WYJG': Excitation lost its assignment due to geometry modifications and has been deleted. (4:14:23  juil. 29, 2026)
          [warning] Excitation 'Coil_1X4QGA': Excitation lost its assignment due to geometry modifications and has been deleted. (4:14:23  juil. 29, 2026)
          [warning] Excitation 'Coil_D8JH04': Excitation lost its assignment due to geometry modifications and has been deleted. (4:14:23  juil. 29, 2026)
          [warning] Excitation 'Coil_SO6X4H': Excitation lost its assignment due to geometry modifications and has been deleted. (4:14:23  juil. 29, 2026)
          [warning] Excitation 'Coil_ZXAJIH': Excitation lost its assignment due to geometry modifications and has been deleted. (4:14:23  juil. 29, 2026)
          [info] Import Native Bodies: Imported bodies have been scaled to model units. Please analyze the model. (4:14:36  juil. 29, 2026)
          [info] Accurate transparency rendering is disabled to avoid slow rendering performance. (4:14:36  juil. 29, 2026)
          [info] Import Native Bodies: Imported bodies have been scaled to model units. Please analyze the model. (4:14:47  juil. 29, 2026)
-- Message Window --
Stopping Batch Run: 4:22:56  juil. 29, 2026
 
Ansys Electronics Desktop Version 2023.1.0, Build: 2022-11-20 22:10:41
Location: C:\Program Files\AnsysEM\v231\Win64\ansysedt.exe
Non Graphical Mode: No Project??
Starting Batch Run: 8:41:50  août 01, 2026
Running as user: SEIFPC\hp
Temp directory: C:\Users\hp\AppData\Local\Temp
Project directory: C:\Users\hp\Documents\Ansoft
-- Message Window --
      *Global - Messages
        [info] GRPC server running on port: 7575. 
-- Message Window --
Stopping Batch Run: 8:43:17  août 01, 2026
